pair,method,tx,threshold_quantile,threshold,known_files,false_rejects,known_accepts,false_reject_rate,score_mean,score_p95
iq:ap,relation_zdist,Tx1,0.9,2.130124398019035,100,12,88,0.12,0.9367994162485711,4.560718303870687
iq:ap,relation_zdist,Tx2,0.9,2.130124398019035,100,13,87,0.13,1.6861294331057766,5.138881451161533
iq:ap,relation_zdist,Tx3,0.9,2.130124398019035,100,15,85,0.15,1.0484582262717477,4.870584537353946
iq:ap,relation_zdist,Tx4,0.9,2.130124398019035,100,8,92,0.08,0.5827719297424317,2.7388014564159375
iq:ap,relation_zdist,Tx1,0.95,4.106689245609339,100,7,93,0.07,0.9367994162485711,4.560718303870687
iq:ap,relation_zdist,Tx2,0.95,4.106689245609339,100,8,92,0.08,1.6861294331057766,5.138881451161533
iq:ap,relation_zdist,Tx3,0.95,4.106689245609339,100,8,92,0.08,1.0484582262717477,4.870584537353946
iq:ap,relation_zdist,Tx4,0.95,4.106689245609339,100,1,99,0.01,0.5827719297424317,2.7388014564159375
iq:ap,relation_zdist,Tx1,0.97,5.932951303866707,100,3,97,0.03,0.9367994162485711,4.560718303870687
iq:ap,relation_zdist,Tx2,0.97,5.932951303866707,100,4,96,0.04,1.6861294331057766,5.138881451161533
iq:ap,relation_zdist,Tx3,0.97,5.932951303866707,100,3,97,0.03,1.0484582262717477,4.870584537353946
iq:ap,relation_zdist,Tx4,0.97,5.932951303866707,100,0,100,0.0,0.5827719297424317,2.7388014564159375
iq:ap,relation_pca_residual,Tx1,0.9,0.30615907045470514,100,13,87,0.13,0.2310867446824054,0.8817191884783
iq:ap,relation_pca_residual,Tx2,0.9,0.30615907045470514,100,15,85,0.15,0.2676642175787816,0.881261665686621
iq:ap,relation_pca_residual,Tx3,0.9,0.30615907045470514,100,16,84,0.16,0.19811094698059967,0.7522770739621256
iq:ap,relation_pca_residual,Tx4,0.9,0.30615907045470514,100,13,87,0.13,0.13717362350837306,0.5492489003215694
iq:ap,relation_pca_residual,Tx1,0.95,0.6189853363617297,100,7,93,0.07,0.2310867446824054,0.8817191884783
iq:ap,relation_pca_residual,Tx2,0.95,0.6189853363617297,100,9,91,0.09,0.2676642175787816,0.881261665686621
iq:ap,relation_pca_residual,Tx3,0.95,0.6189853363617297,100,8,92,0.08,0.19811094698059967,0.7522770739621256
iq:ap,relation_pca_residual,Tx4,0.95,0.6189853363617297,100,5,95,0.05,0.13717362350837306,0.5492489003215694
iq:ap,relation_pca_residual,Tx1,0.97,0.8432943855439698,100,6,94,0.06,0.2310867446824054,0.8817191884783
iq:ap,relation_pca_residual,Tx2,0.97,0.8432943855439698,100,6,94,0.06,0.2676642175787816,0.881261665686621
iq:ap,relation_pca_residual,Tx3,0.97,0.8432943855439698,100,4,96,0.04,0.19811094698059967,0.7522770739621256
iq:ap,relation_pca_residual,Tx4,0.97,0.8432943855439698,100,1,99,0.01,0.13717362350837306,0.5492489003215694
iq:ap,relation_shrinkage_mahalanobis,Tx1,0.9,68.72912858904172,100,11,89,0.11,33.88796487004217,178.08884117159437
iq:ap,relation_shrinkage_mahalanobis,Tx2,0.9,68.72912858904172,100,13,87,0.13,53.15111133689484,178.71798826239777
iq:ap,relation_shrinkage_mahalanobis,Tx3,0.9,68.72912858904172,100,16,84,0.16,34.23878702569692,162.93770218060195
iq:ap,relation_shrinkage_mahalanobis,Tx4,0.9,68.72912858904172,100,8,92,0.08,21.023014113114623,93.32841119851251
iq:ap,relation_shrinkage_mahalanobis,Tx1,0.95,117.09242606054273,100,7,93,0.07,33.88796487004217,178.08884117159437
iq:ap,relation_shrinkage_mahalanobis,Tx2,0.95,117.09242606054273,100,9,91,0.09,53.15111133689484,178.71798826239777
iq:ap,relation_shrinkage_mahalanobis,Tx3,0.95,117.09242606054273,100,9,91,0.09,34.23878702569692,162.93770218060195
iq:ap,relation_shrinkage_mahalanobis,Tx4,0.95,117.09242606054273,100,3,97,0.03,21.023014113114623,93.32841119851251
iq:ap,relation_shrinkage_mahalanobis,Tx1,0.97,180.3572696760587,100,5,95,0.05,33.88796487004217,178.08884117159437
iq:ap,relation_shrinkage_mahalanobis,Tx2,0.97,180.3572696760587,100,5,95,0.05,53.15111133689484,178.71798826239777
iq:ap,relation_shrinkage_mahalanobis,Tx3,0.97,180.3572696760587,100,5,95,0.05,34.23878702569692,162.93770218060195
iq:ap,relation_shrinkage_mahalanobis,Tx4,0.97,180.3572696760587,100,0,100,0.0,21.023014113114623,93.32841119851251
iq:fft,relation_zdist,Tx1,0.9,2.379679635335007,100,6,94,0.06,0.9514153689296576,2.4718163582568895
iq:fft,relation_zdist,Tx2,0.9,2.379679635335007,100,14,86,0.14,2.1163570719016156,5.395170495230318
iq:fft,relation_zdist,Tx3,0.9,2.379679635335007,100,13,87,0.13,1.1791645521196679,5.440284573132763
iq:fft,relation_zdist,Tx4,0.9,2.379679635335007,100,5,95,0.05,0.7277602242227756,2.2566103620047655
iq:fft,relation_zdist,Tx1,0.95,3.9178486152396,100,4,96,0.04,0.9514153689296576,2.4718163582568895
iq:fft,relation_zdist,Tx2,0.95,3.9178486152396,100,10,90,0.1,2.1163570719016156,5.395170495230318
iq:fft,relation_zdist,Tx3,0.95,3.9178486152396,100,7,93,0.07,1.1791645521196679,5.440284573132763
iq:fft,relation_zdist,Tx4,0.95,3.9178486152396,100,3,97,0.03,0.7277602242227756,2.2566103620047655
iq:fft,relation_zdist,Tx1,0.97,5.482439419300427,100,4,96,0.04,0.9514153689296576,2.4718163582568895
iq:fft,relation_zdist,Tx2,0.97,5.482439419300427,100,5,95,0.05,2.1163570719016156,5.395170495230318
iq:fft,relation_zdist,Tx3,0.97,5.482439419300427,100,5,95,0.05,1.1791645521196679,5.440284573132763
iq:fft,relation_zdist,Tx4,0.97,5.482439419300427,100,1,99,0.01,0.7277602242227756,2.2566103620047655
iq:fft,relation_pca_residual,Tx1,0.9,0.39545442255198354,100,10,90,0.1,0.22566204630169281,0.4555173955619112
iq:fft,relation_pca_residual,Tx2,0.9,0.39545442255198354,100,14,86,0.14,0.6572706582091751,1.2049660734184962
iq:fft,relation_pca_residual,Tx3,0.9,0.39545442255198354,100,11,89,0.11,0.2203980873212391,0.8862716484281165
iq:fft,relation_pca_residual,Tx4,0.9,0.39545442255198354,100,10,90,0.1,0.1707820692020662,0.4242584716204544
iq:fft,relation_pca_residual,Tx1,0.95,0.7317967080403935,100,4,96,0.04,0.22566204630169281,0.4555173955619112
iq:fft,relation_pca_residual,Tx2,0.95,0.7317967080403935,100,9,91,0.09,0.6572706582091751,1.2049660734184962
iq:fft,relation_pca_residual,Tx3,0.95,0.7317967080403935,100,7,93,0.07,0.2203980873212391,0.8862716484281165
iq:fft,relation_pca_residual,Tx4,0.95,0.7317967080403935,100,2,98,0.02,0.1707820692020662,0.4242584716204544
iq:fft,relation_pca_residual,Tx1,0.97,0.9600496904627724,100,3,97,0.03,0.22566204630169281,0.4555173955619112
iq:fft,relation_pca_residual,Tx2,0.97,0.9600496904627724,100,8,92,0.08,0.6572706582091751,1.2049660734184962
iq:fft,relation_pca_residual,Tx3,0.97,0.9600496904627724,100,5,95,0.05,0.2203980873212391,0.8862716484281165
iq:fft,relation_pca_residual,Tx4,0.97,0.9600496904627724,100,2,98,0.02,0.1707820692020662,0.4242584716204544
iq:fft,relation_shrinkage_mahalanobis,Tx1,0.9,75.2717905798353,100,7,93,0.07,32.22038099797698,93.72502037516549
iq:fft,relation_shrinkage_mahalanobis,Tx2,0.9,75.2717905798353,100,13,87,0.13,80.74082139772979,188.12127486893093
iq:fft,relation_shrinkage_mahalanobis,Tx3,0.9,75.2717905798353,100,14,86,0.14,35.861208403903184,152.49667334666054
iq:fft,relation_shrinkage_mahalanobis,Tx4,0.9,75.2717905798353,100,6,94,0.06,24.29365932025636,81.38997372460318
iq:fft,relation_shrinkage_mahalanobis,Tx1,0.95,124.06520005254767,100,4,96,0.04,32.22038099797698,93.72502037516549
iq:fft,relation_shrinkage_mahalanobis,Tx2,0.95,124.06520005254767,100,9,91,0.09,80.74082139772979,188.12127486893093
iq:fft,relation_shrinkage_mahalanobis,Tx3,0.95,124.06520005254767,100,7,93,0.07,35.861208403903184,152.49667334666054
iq:fft,relation_shrinkage_mahalanobis,Tx4,0.95,124.06520005254767,100,2,98,0.02,24.29365932025636,81.38997372460318
iq:fft,relation_shrinkage_mahalanobis,Tx1,0.97,165.63451854687744,100,4,96,0.04,32.22038099797698,93.72502037516549
iq:fft,relation_shrinkage_mahalanobis,Tx2,0.97,165.63451854687744,100,7,93,0.07,80.74082139772979,188.12127486893093
iq:fft,relation_shrinkage_mahalanobis,Tx3,0.97,165.63451854687744,100,4,96,0.04,35.861208403903184,152.49667334666054
iq:fft,relation_shrinkage_mahalanobis,Tx4,0.97,165.63451854687744,100,1,99,0.01,24.29365932025636,81.38997372460318
iq:stft,relation_zdist,Tx1,0.9,1.8826568895077356,100,9,91,0.09,1.108137785571453,3.8141850782840474
iq:stft,relation_zdist,Tx2,0.9,1.8826568895077356,100,13,87,0.13,1.5063394621839863,5.178354693917859
iq:stft,relation_zdist,Tx3,0.9,1.8826568895077356,100,14,86,0.14,1.1245453542593398,3.296615711641924
iq:stft,relation_zdist,Tx4,0.9,1.8826568895077356,100,10,90,0.1,0.9089748993620493,2.63926138924654
iq:stft,relation_zdist,Tx1,0.95,3.213046393758646,100,7,93,0.07,1.108137785571453,3.8141850782840474
iq:stft,relation_zdist,Tx2,0.95,3.213046393758646,100,10,90,0.1,1.5063394621839863,5.178354693917859
iq:stft,relation_zdist,Tx3,0.95,3.213046393758646,100,7,93,0.07,1.1245453542593398,3.296615711641924
iq:stft,relation_zdist,Tx4,0.95,3.213046393758646,100,4,96,0.04,0.9089748993620493,2.63926138924654
iq:stft,relation_zdist,Tx1,0.97,4.179149211069135,100,4,96,0.04,1.108137785571453,3.8141850782840474
iq:stft,relation_zdist,Tx2,0.97,4.179149211069135,100,7,93,0.07,1.5063394621839863,5.178354693917859
iq:stft,relation_zdist,Tx3,0.97,4.179149211069135,100,4,96,0.04,1.1245453542593398,3.296615711641924
iq:stft,relation_zdist,Tx4,0.97,4.179149211069135,100,2,98,0.02,0.9089748993620493,2.63926138924654
iq:stft,relation_pca_residual,Tx1,0.9,0.47720453450188627,100,12,88,0.12,0.3225001467695986,1.2449975816812702
iq:stft,relation_pca_residual,Tx2,0.9,0.47720453450188627,100,14,86,0.14,0.604982721033762,2.4309490844240647
iq:stft,relation_pca_residual,Tx3,0.9,0.47720453450188627,100,12,88,0.12,0.3543675087631824,0.9530214155988972
iq:stft,relation_pca_residual,Tx4,0.9,0.47720453450188627,100,12,88,0.12,0.2957833730521373,0.6489342722786352
iq:stft,relation_pca_residual,Tx1,0.95,0.7754129958909272,100,6,94,0.06,0.3225001467695986,1.2449975816812702
iq:stft,relation_pca_residual,Tx2,0.95,0.7754129958909272,100,11,89,0.11,0.604982721033762,2.4309490844240647
iq:stft,relation_pca_residual,Tx3,0.95,0.7754129958909272,100,7,93,0.07,0.3543675087631824,0.9530214155988972
iq:stft,relation_pca_residual,Tx4,0.95,0.7754129958909272,100,2,98,0.02,0.2957833730521373,0.6489342722786352
iq:stft,relation_pca_residual,Tx1,0.97,1.0119307173435763,100,6,94,0.06,0.3225001467695986,1.2449975816812702
iq:stft,relation_pca_residual,Tx2,0.97,1.0119307173435763,100,10,90,0.1,0.604982721033762,2.4309490844240647
iq:stft,relation_pca_residual,Tx3,0.97,1.0119307173435763,100,5,95,0.05,0.3543675087631824,0.9530214155988972
iq:stft,relation_pca_residual,Tx4,0.97,1.0119307173435763,100,2,98,0.02,0.2957833730521373,0.6489342722786352
iq:stft,relation_shrinkage_mahalanobis,Tx1,0.9,61.99539276017225,100,10,90,0.1,35.43681401409408,120.5143780896504
iq:stft,relation_shrinkage_mahalanobis,Tx2,0.9,61.99539276017225,100,12,88,0.12,53.802209221333236,217.64748905556993
iq:stft,relation_shrinkage_mahalanobis,Tx3,0.9,61.99539276017225,100,11,89,0.11,35.1061004658815,105.20758058500336
iq:stft,relation_shrinkage_mahalanobis,Tx4,0.9,61.99539276017225,100,13,87,0.13,30.688446769235647,82.76607197868125
iq:stft,relation_shrinkage_mahalanobis,Tx1,0.95,99.32259412144003,100,6,94,0.06,35.43681401409408,120.5143780896504
iq:stft,relation_shrinkage_mahalanobis,Tx2,0.95,99.32259412144003,100,11,89,0.11,53.802209221333236,217.64748905556993
iq:stft,relation_shrinkage_mahalanobis,Tx3,0.95,99.32259412144003,100,6,94,0.06,35.1061004658815,105.20758058500336
iq:stft,relation_shrinkage_mahalanobis,Tx4,0.95,99.32259412144003,100,2,98,0.02,30.688446769235647,82.76607197868125
iq:stft,relation_shrinkage_mahalanobis,Tx1,0.97,121.97571586828998,100,4,96,0.04,35.43681401409408,120.5143780896504
iq:stft,relation_shrinkage_mahalanobis,Tx2,0.97,121.97571586828998,100,9,91,0.09,53.802209221333236,217.64748905556993
iq:stft,relation_shrinkage_mahalanobis,Tx3,0.97,121.97571586828998,100,4,96,0.04,35.1061004658815,105.20758058500336
iq:stft,relation_shrinkage_mahalanobis,Tx4,0.97,121.97571586828998,100,2,98,0.02,30.688446769235647,82.76607197868125
iq:cepstral,relation_zdist,Tx1,0.9,2.1254247967228626,100,7,93,0.07,0.8511696874082462,2.729809181540081
iq:cepstral,relation_zdist,Tx2,0.9,2.1254247967228626,100,16,84,0.16,2.2381893466172373,4.376206850387431
iq:cepstral,relation_zdist,Tx3,0.9,2.1254247967228626,100,14,86,0.14,1.0986581210994715,4.0613722398695025
iq:cepstral,relation_zdist,Tx4,0.9,2.1254247967228626,100,8,92,0.08,0.7774059848878795,3.1326684323609277
iq:cepstral,relation_zdist,Tx1,0.95,3.563103865117415,100,2,98,0.02,0.8511696874082462,2.729809181540081
iq:cepstral,relation_zdist,Tx2,0.95,3.563103865117415,100,9,91,0.09,2.2381893466172373,4.376206850387431
iq:cepstral,relation_zdist,Tx3,0.95,3.563103865117415,100,6,94,0.06,1.0986581210994715,4.0613722398695025
iq:cepstral,relation_zdist,Tx4,0.95,3.563103865117415,100,3,97,0.03,0.7774059848878795,3.1326684323609277
iq:cepstral,relation_zdist,Tx1,0.97,4.522341100017556,100,2,98,0.02,0.8511696874082462,2.729809181540081
iq:cepstral,relation_zdist,Tx2,0.97,4.522341100017556,100,4,96,0.04,2.2381893466172373,4.376206850387431
iq:cepstral,relation_zdist,Tx3,0.97,4.522341100017556,100,4,96,0.04,1.0986581210994715,4.0613722398695025
iq:cepstral,relation_zdist,Tx4,0.97,4.522341100017556,100,1,99,0.01,0.7774059848878795,3.1326684323609277
iq:cepstral,relation_pca_residual,Tx1,0.9,0.4265153371270012,100,14,86,0.14,0.2885287061208001,0.7179851203949228
iq:cepstral,relation_pca_residual,Tx2,0.9,0.4265153371270012,100,17,83,0.17,1.1312850634535287,1.3725255155406104
iq:cepstral,relation_pca_residual,Tx3,0.9,0.4265153371270012,100,19,81,0.19,0.2902762026591771,0.9024737791458182
iq:cepstral,relation_pca_residual,Tx4,0.9,0.4265153371270012,100,12,88,0.12,0.21454902515688773,0.9282618758428876
iq:cepstral,relation_pca_residual,Tx1,0.95,0.6968600475599666,100,6,94,0.06,0.2885287061208001,0.7179851203949228
iq:cepstral,relation_pca_residual,Tx2,0.95,0.6968600475599666,100,13,87,0.13,1.1312850634535287,1.3725255155406104
iq:cepstral,relation_pca_residual,Tx3,0.95,0.6968600475599666,100,9,91,0.09,0.2902762026591771,0.9024737791458182
iq:cepstral,relation_pca_residual,Tx4,0.95,0.6968600475599666,100,7,93,0.07,0.21454902515688773,0.9282618758428876
iq:cepstral,relation_pca_residual,Tx1,0.97,0.9350360409002083,100,4,96,0.04,0.2885287061208001,0.7179851203949228
iq:cepstral,relation_pca_residual,Tx2,0.97,0.9350360409002083,100,10,90,0.1,1.1312850634535287,1.3725255155406104
iq:cepstral,relation_pca_residual,Tx3,0.97,0.9350360409002083,100,4,96,0.04,0.2902762026591771,0.9024737791458182
iq:cepstral,relation_pca_residual,Tx4,0.97,0.9350360409002083,100,5,95,0.05,0.21454902515688773,0.9282618758428876
iq:cepstral,relation_shrinkage_mahalanobis,Tx1,0.9,66.89490761068028,100,9,91,0.09,33.147812176415506,91.51260385376278
iq:cepstral,relation_shrinkage_mahalanobis,Tx2,0.9,66.89490761068028,100,18,82,0.18,104.89560167406444,179.62108902431143
iq:cepstral,relation_shrinkage_mahalanobis,Tx3,0.9,66.89490761068028,100,15,85,0.15,37.32021842063145,114.6590849225605
iq:cepstral,relation_shrinkage_mahalanobis,Tx4,0.9,66.89490761068028,100,10,90,0.1,28.073535365079966,101.97965991412684
iq:cepstral,relation_shrinkage_mahalanobis,Tx1,0.95,108.9226418799576,100,3,97,0.03,33.147812176415506,91.51260385376278
iq:cepstral,relation_shrinkage_mahalanobis,Tx2,0.95,108.9226418799576,100,9,91,0.09,104.89560167406444,179.62108902431143
iq:cepstral,relation_shrinkage_mahalanobis,Tx3,0.95,108.9226418799576,100,7,93,0.07,37.32021842063145,114.6590849225605
iq:cepstral,relation_shrinkage_mahalanobis,Tx4,0.95,108.9226418799576,100,5,95,0.05,28.073535365079966,101.97965991412684
iq:cepstral,relation_shrinkage_mahalanobis,Tx1,0.97,145.92810414039465,100,2,98,0.02,33.147812176415506,91.51260385376278
iq:cepstral,relation_shrinkage_mahalanobis,Tx2,0.97,145.92810414039465,100,7,93,0.07,104.89560167406444,179.62108902431143
iq:cepstral,relation_shrinkage_mahalanobis,Tx3,0.97,145.92810414039465,100,4,96,0.04,37.32021842063145,114.6590849225605
iq:cepstral,relation_shrinkage_mahalanobis,Tx4,0.97,145.92810414039465,100,3,97,0.03,28.073535365079966,101.97965991412684
iq:cyclo,relation_zdist,Tx1,0.9,1.884456880611875,100,9,91,0.09,1.1587437692303768,5.030878778483774
iq:cyclo,relation_zdist,Tx2,0.9,1.884456880611875,100,12,88,0.12,1.9842095071500119,7.110493330804418
iq:cyclo,relation_zdist,Tx3,0.9,1.884456880611875,100,17,83,0.17,1.5553387583662663,3.416722781308647
iq:cyclo,relation_zdist,Tx4,0.9,1.884456880611875,100,10,90,0.1,0.754302900230727,2.4848033334307704
iq:cyclo,relation_zdist,Tx1,0.95,3.5616237402335047,100,7,93,0.07,1.1587437692303768,5.030878778483774
iq:cyclo,relation_zdist,Tx2,0.95,3.5616237402335047,100,7,93,0.07,1.9842095071500119,7.110493330804418
iq:cyclo,relation_zdist,Tx3,0.95,3.5616237402335047,100,5,95,0.05,1.5553387583662663,3.416722781308647
iq:cyclo,relation_zdist,Tx4,0.95,3.5616237402335047,100,5,95,0.05,0.754302900230727,2.4848033334307704
iq:cyclo,relation_zdist,Tx1,0.97,5.54886668819366,100,5,95,0.05,1.1587437692303768,5.030878778483774
iq:cyclo,relation_zdist,Tx2,0.97,5.54886668819366,100,6,94,0.06,1.9842095071500119,7.110493330804418
iq:cyclo,relation_zdist,Tx3,0.97,5.54886668819366,100,4,96,0.04,1.5553387583662663,3.416722781308647
iq:cyclo,relation_zdist,Tx4,0.97,5.54886668819366,100,2,98,0.02,0.754302900230727,2.4848033334307704
iq:cyclo,relation_pca_residual,Tx1,0.9,0.3530742179908471,100,11,89,0.11,0.2935863070167393,0.8297661211676266
iq:cyclo,relation_pca_residual,Tx2,0.9,0.3530742179908471,100,16,84,0.16,0.3862331585364048,1.335324115516348
iq:cyclo,relation_pca_residual,Tx3,0.9,0.3530742179908471,100,16,84,0.16,0.4794781405732021,0.6594317810774896
iq:cyclo,relation_pca_residual,Tx4,0.9,0.3530742179908471,100,8,92,0.08,0.15839036125351527,0.6355576284696213
iq:cyclo,relation_pca_residual,Tx1,0.95,0.6212120323766998,100,8,92,0.08,0.2935863070167393,0.8297661211676266
iq:cyclo,relation_pca_residual,Tx2,0.95,0.6212120323766998,100,9,91,0.09,0.3862331585364048,1.335324115516348
iq:cyclo,relation_pca_residual,Tx3,0.95,0.6212120323766998,100,6,94,0.06,0.4794781405732021,0.6594317810774896
iq:cyclo,relation_pca_residual,Tx4,0.95,0.6212120323766998,100,6,94,0.06,0.15839036125351527,0.6355576284696213
iq:cyclo,relation_pca_residual,Tx1,0.97,0.8118056164322832,100,6,94,0.06,0.2935863070167393,0.8297661211676266
iq:cyclo,relation_pca_residual,Tx2,0.97,0.8118056164322832,100,8,92,0.08,0.3862331585364048,1.335324115516348
iq:cyclo,relation_pca_residual,Tx3,0.97,0.8118056164322832,100,4,96,0.04,0.4794781405732021,0.6594317810774896
iq:cyclo,relation_pca_residual,Tx4,0.97,0.8118056164322832,100,2,98,0.02,0.15839036125351527,0.6355576284696213
iq:cyclo,relation_shrinkage_mahalanobis,Tx1,0.9,62.234535446873814,100,10,90,0.1,40.712690712033705,177.62993294881684
iq:cyclo,relation_shrinkage_mahalanobis,Tx2,0.9,62.234535446873814,100,12,88,0.12,65.23579349463806,188.97102573573497
iq:cyclo,relation_shrinkage_mahalanobis,Tx3,0.9,62.234535446873814,100,16,84,0.16,62.86190833061638,118.08361971793764
iq:cyclo,relation_shrinkage_mahalanobis,Tx4,0.9,62.234535446873814,100,9,91,0.09,23.75304596657867,84.87571902465403
iq:cyclo,relation_shrinkage_mahalanobis,Tx1,0.95,104.67712891863482,100,7,93,0.07,40.712690712033705,177.62993294881684
iq:cyclo,relation_shrinkage_mahalanobis,Tx2,0.95,104.67712891863482,100,9,91,0.09,65.23579349463806,188.97102573573497
iq:cyclo,relation_shrinkage_mahalanobis,Tx3,0.95,104.67712891863482,100,8,92,0.08,62.86190833061638,118.08361971793764
iq:cyclo,relation_shrinkage_mahalanobis,Tx4,0.95,104.67712891863482,100,3,97,0.03,23.75304596657867,84.87571902465403
iq:cyclo,relation_shrinkage_mahalanobis,Tx1,0.97,153.32066322498673,100,7,93,0.07,40.712690712033705,177.62993294881684
iq:cyclo,relation_shrinkage_mahalanobis,Tx2,0.97,153.32066322498673,100,6,94,0.06,65.23579349463806,188.97102573573497
iq:cyclo,relation_shrinkage_mahalanobis,Tx3,0.97,153.32066322498673,100,4,96,0.04,62.86190833061638,118.08361971793764
iq:cyclo,relation_shrinkage_mahalanobis,Tx4,0.97,153.32066322498673,100,1,99,0.01,23.75304596657867,84.87571902465403
iq:hos,relation_zdist,Tx1,0.9,1.3570076176361232,100,12,88,0.12,1.1587708695103265,2.1471162506922346
iq:hos,relation_zdist,Tx2,0.9,1.3570076176361232,100,14,86,0.14,12.962027314351365,3.64341780735274
iq:hos,relation_zdist,Tx3,0.9,1.3570076176361232,100,16,84,0.16,0.8746512178496598,2.8303792879748544
iq:hos,relation_zdist,Tx4,0.9,1.3570076176361232,100,8,92,0.08,0.515654677944131,1.9731550261548092
iq:hos,relation_zdist,Tx1,0.95,2.6302934789724146,100,4,96,0.04,1.1587708695103265,2.1471162506922346
iq:hos,relation_zdist,Tx2,0.95,2.6302934789724146,100,7,93,0.07,12.962027314351365,3.64341780735274
iq:hos,relation_zdist,Tx3,0.95,2.6302934789724146,100,7,93,0.07,0.8746512178496598,2.8303792879748544
iq:hos,relation_zdist,Tx4,0.95,2.6302934789724146,100,4,96,0.04,0.515654677944131,1.9731550261548092
iq:hos,relation_zdist,Tx1,0.97,3.8858216027017867,100,3,97,0.03,1.1587708695103265,2.1471162506922346
iq:hos,relation_zdist,Tx2,0.97,3.8858216027017867,100,5,95,0.05,12.962027314351365,3.64341780735274
iq:hos,relation_zdist,Tx3,0.97,3.8858216027017867,100,2,98,0.02,0.8746512178496598,2.8303792879748544
iq:hos,relation_zdist,Tx4,0.97,3.8858216027017867,100,1,99,0.01,0.515654677944131,1.9731550261548092
iq:hos,relation_pca_residual,Tx1,0.9,0.27122230606755776,100,13,87,0.13,0.215534476815729,0.5017962902627774
iq:hos,relation_pca_residual,Tx2,0.9,0.27122230606755776,100,13,87,0.13,7.2728962552117915,1.1119970024181154
iq:hos,relation_pca_residual,Tx3,0.9,0.27122230606755776,100,17,83,0.17,0.1623904372458814,0.6880722922949943
iq:hos,relation_pca_residual,Tx4,0.9,0.27122230606755776,100,14,86,0.14,0.12029297989707322,0.4011217676453177
iq:hos,relation_pca_residual,Tx1,0.95,0.5235201350132112,100,5,95,0.05,0.215534476815729,0.5017962902627774
iq:hos,relation_pca_residual,Tx2,0.95,0.5235201350132112,100,9,91,0.09,7.2728962552117915,1.1119970024181154
iq:hos,relation_pca_residual,Tx3,0.95,0.5235201350132112,100,7,93,0.07,0.1623904372458814,0.6880722922949943
iq:hos,relation_pca_residual,Tx4,0.95,0.5235201350132112,100,4,96,0.04,0.12029297989707322,0.4011217676453177
iq:hos,relation_pca_residual,Tx1,0.97,0.7319963229629536,100,3,97,0.03,0.215534476815729,0.5017962902627774
iq:hos,relation_pca_residual,Tx2,0.97,0.7319963229629536,100,7,93,0.07,7.2728962552117915,1.1119970024181154
iq:hos,relation_pca_residual,Tx3,0.97,0.7319963229629536,100,3,97,0.03,0.1623904372458814,0.6880722922949943
iq:hos,relation_pca_residual,Tx4,0.97,0.7319963229629536,100,3,97,0.03,0.12029297989707322,0.4011217676453177
iq:hos,relation_shrinkage_mahalanobis,Tx1,0.9,55.77369906562888,100,10,90,0.1,42.27112280862394,95.12386431246215
iq:hos,relation_shrinkage_mahalanobis,Tx2,0.9,55.77369906562888,100,15,85,0.15,810.5780163343329,161.42850886265649
iq:hos,relation_shrinkage_mahalanobis,Tx3,0.9,55.77369906562888,100,15,85,0.15,32.86857997210577,100.02332334679699
iq:hos,relation_shrinkage_mahalanobis,Tx4,0.9,55.77369906562888,100,9,91,0.09,21.45113199928073,78.98441059492183
iq:hos,relation_shrinkage_mahalanobis,Tx1,0.95,98.57860719947003,100,4,96,0.04,42.27112280862394,95.12386431246215
iq:hos,relation_shrinkage_mahalanobis,Tx2,0.95,98.57860719947003,100,8,92,0.08,810.5780163343329,161.42850886265649
iq:hos,relation_shrinkage_mahalanobis,Tx3,0.95,98.57860719947003,100,6,94,0.06,32.86857997210577,100.02332334679699
iq:hos,relation_shrinkage_mahalanobis,Tx4,0.95,98.57860719947003,100,3,97,0.03,21.45113199928073,78.98441059492183
iq:hos,relation_shrinkage_mahalanobis,Tx1,0.97,140.49170224877838,100,3,97,0.03,42.27112280862394,95.12386431246215
iq:hos,relation_shrinkage_mahalanobis,Tx2,0.97,140.49170224877838,100,6,94,0.06,810.5780163343329,161.42850886265649
iq:hos,relation_shrinkage_mahalanobis,Tx3,0.97,140.49170224877838,100,3,97,0.03,32.86857997210577,100.02332334679699
iq:hos,relation_shrinkage_mahalanobis,Tx4,0.97,140.49170224877838,100,3,97,0.03,21.45113199928073,78.98441059492183
iq:bispectrum,relation_zdist,Tx1,0.9,1.9891274784653472,100,11,89,0.11,1.5554344161035,3.04880048462552
iq:bispectrum,relation_zdist,Tx2,0.9,1.9891274784653472,100,11,89,0.11,1.3023354799787557,3.5631939025314794
iq:bispectrum,relation_zdist,Tx3,0.9,1.9891274784653472,100,18,82,0.18,1.3331470925363504,4.944397503730407
iq:bispectrum,relation_zdist,Tx4,0.9,1.9891274784653472,100,6,94,0.06,0.7207475721685478,2.0521754781413852
iq:bispectrum,relation_zdist,Tx1,0.95,3.1298265818270377,100,3,97,0.03,1.5554344161035,3.04880048462552
iq:bispectrum,relation_zdist,Tx2,0.95,3.1298265818270377,100,6,94,0.06,1.3023354799787557,3.5631939025314794
iq:bispectrum,relation_zdist,Tx3,0.95,3.1298265818270377,100,11,89,0.11,1.3331470925363504,4.944397503730407
iq:bispectrum,relation_zdist,Tx4,0.95,3.1298265818270377,100,1,99,0.01,0.7207475721685478,2.0521754781413852
iq:bispectrum,relation_zdist,Tx1,0.97,4.194992285257143,100,2,98,0.02,1.5554344161035,3.04880048462552
iq:bispectrum,relation_zdist,Tx2,0.97,4.194992285257143,100,4,96,0.04,1.3023354799787557,3.5631939025314794
iq:bispectrum,relation_zdist,Tx3,0.97,4.194992285257143,100,9,91,0.09,1.3331470925363504,4.944397503730407
iq:bispectrum,relation_zdist,Tx4,0.97,4.194992285257143,100,0,100,0.0,0.7207475721685478,2.0521754781413852
iq:bispectrum,relation_pca_residual,Tx1,0.9,0.4434541972031054,100,11,89,0.11,0.6479847767606919,0.6868769552951239
iq:bispectrum,relation_pca_residual,Tx2,0.9,0.4434541972031054,100,13,87,0.13,0.5056250676022384,1.0888288297325186
iq:bispectrum,relation_pca_residual,Tx3,0.9,0.4434541972031054,100,19,81,0.19,0.42264898385992633,1.1752496285095622
iq:bispectrum,relation_pca_residual,Tx4,0.9,0.4434541972031054,100,8,92,0.08,0.21329309124454432,0.48433481617957264
iq:bispectrum,relation_pca_residual,Tx1,0.95,0.7273210395888878,100,5,95,0.05,0.6479847767606919,0.6868769552951239
iq:bispectrum,relation_pca_residual,Tx2,0.95,0.7273210395888878,100,9,91,0.09,0.5056250676022384,1.0888288297325186
iq:bispectrum,relation_pca_residual,Tx3,0.95,0.7273210395888878,100,10,90,0.1,0.42264898385992633,1.1752496285095622
iq:bispectrum,relation_pca_residual,Tx4,0.95,0.7273210395888878,100,2,98,0.02,0.21329309124454432,0.48433481617957264
iq:bispectrum,relation_pca_residual,Tx1,0.97,0.9065055520334837,100,5,95,0.05,0.6479847767606919,0.6868769552951239
iq:bispectrum,relation_pca_residual,Tx2,0.97,0.9065055520334837,100,7,93,0.07,0.5056250676022384,1.0888288297325186
iq:bispectrum,relation_pca_residual,Tx3,0.97,0.9065055520334837,100,7,93,0.07,0.42264898385992633,1.1752496285095622
iq:bispectrum,relation_pca_residual,Tx4,0.97,0.9065055520334837,100,2,98,0.02,0.21329309124454432,0.48433481617957264
iq:bispectrum,relation_shrinkage_mahalanobis,Tx1,0.9,59.3922761624666,100,10,90,0.1,57.501046413305836,91.9709039988878
iq:bispectrum,relation_shrinkage_mahalanobis,Tx2,0.9,59.3922761624666,100,12,88,0.12,48.35373895308612,120.75113151519236
iq:bispectrum,relation_shrinkage_mahalanobis,Tx3,0.9,59.3922761624666,100,19,81,0.19,44.5126502568394,161.96362171285014
iq:bispectrum,relation_shrinkage_mahalanobis,Tx4,0.9,59.3922761624666,100,7,93,0.07,24.690619454439073,60.11259354142949
iq:bispectrum,relation_shrinkage_mahalanobis,Tx1,0.95,92.81311423103851,100,4,96,0.04,57.501046413305836,91.9709039988878
iq:bispectrum,relation_shrinkage_mahalanobis,Tx2,0.95,92.81311423103851,100,7,93,0.07,48.35373895308612,120.75113151519236
iq:bispectrum,relation_shrinkage_mahalanobis,Tx3,0.95,92.81311423103851,100,11,89,0.11,44.5126502568394,161.96362171285014
iq:bispectrum,relation_shrinkage_mahalanobis,Tx4,0.95,92.81311423103851,100,2,98,0.02,24.690619454439073,60.11259354142949
iq:bispectrum,relation_shrinkage_mahalanobis,Tx1,0.97,124.94314469834953,100,3,97,0.03,57.501046413305836,91.9709039988878
iq:bispectrum,relation_shrinkage_mahalanobis,Tx2,0.97,124.94314469834953,100,5,95,0.05,48.35373895308612,120.75113151519236
iq:bispectrum,relation_shrinkage_mahalanobis,Tx3,0.97,124.94314469834953,100,9,91,0.09,44.5126502568394,161.96362171285014
iq:bispectrum,relation_shrinkage_mahalanobis,Tx4,0.97,124.94314469834953,100,2,98,0.02,24.690619454439073,60.11259354142949
ap:fft,relation_zdist,Tx1,0.9,2.114520031301913,100,12,88,0.12,0.9775700939404126,3.495122824883833
ap:fft,relation_zdist,Tx2,0.9,2.114520031301913,100,13,87,0.13,0.9117773871515022,3.5832796752524416
ap:fft,relation_zdist,Tx3,0.9,2.114520031301913,100,16,84,0.16,1.319371120685599,5.082417470688151
ap:fft,relation_zdist,Tx4,0.9,2.114520031301913,100,11,89,0.11,0.9397836751495818,3.303784231040335
ap:fft,relation_zdist,Tx1,0.95,3.7898314459151266,100,5,95,0.05,0.9775700939404126,3.495122824883833
ap:fft,relation_zdist,Tx2,0.95,3.7898314459151266,100,5,95,0.05,0.9117773871515022,3.5832796752524416
ap:fft,relation_zdist,Tx3,0.95,3.7898314459151266,100,9,91,0.09,1.319371120685599,5.082417470688151
ap:fft,relation_zdist,Tx4,0.95,3.7898314459151266,100,3,97,0.03,0.9397836751495818,3.303784231040335
ap:fft,relation_zdist,Tx1,0.97,5.091400727676678,100,3,97,0.03,0.9775700939404126,3.495122824883833
ap:fft,relation_zdist,Tx2,0.97,5.091400727676678,100,3,97,0.03,0.9117773871515022,3.5832796752524416
ap:fft,relation_zdist,Tx3,0.97,5.091400727676678,100,5,95,0.05,1.319371120685599,5.082417470688151
ap:fft,relation_zdist,Tx4,0.97,5.091400727676678,100,3,97,0.03,0.9397836751495818,3.303784231040335
ap:fft,relation_pca_residual,Tx1,0.9,0.37295354145209697,100,14,86,0.14,0.19086152377397464,0.5142082101355152
ap:fft,relation_pca_residual,Tx2,0.9,0.37295354145209697,100,14,86,0.14,0.2215902575340579,0.9193658559506608
ap:fft,relation_pca_residual,Tx3,0.9,0.37295354145209697,100,18,82,0.18,0.22763686482774387,0.8623363494954632
ap:fft,relation_pca_residual,Tx4,0.9,0.37295354145209697,100,11,89,0.11,0.19695564227612145,0.6181336489215843
ap:fft,relation_pca_residual,Tx1,0.95,0.6032335519180534,100,4,96,0.04,0.19086152377397464,0.5142082101355152
ap:fft,relation_pca_residual,Tx2,0.95,0.6032335519180534,100,9,91,0.09,0.2215902575340579,0.9193658559506608
ap:fft,relation_pca_residual,Tx3,0.95,0.6032335519180534,100,10,90,0.1,0.22763686482774387,0.8623363494954632
ap:fft,relation_pca_residual,Tx4,0.95,0.6032335519180534,100,6,94,0.06,0.19695564227612145,0.6181336489215843
ap:fft,relation_pca_residual,Tx1,0.97,0.7976504473667376,100,2,98,0.02,0.19086152377397464,0.5142082101355152
ap:fft,relation_pca_residual,Tx2,0.97,0.7976504473667376,100,6,94,0.06,0.2215902575340579,0.9193658559506608
ap:fft,relation_pca_residual,Tx3,0.97,0.7976504473667376,100,6,94,0.06,0.22763686482774387,0.8623363494954632
ap:fft,relation_pca_residual,Tx4,0.97,0.7976504473667376,100,3,97,0.03,0.19695564227612145,0.6181336489215843
ap:fft,relation_shrinkage_mahalanobis,Tx1,0.9,64.88656589292235,100,12,88,0.12,31.22175382824948,104.6499423992352
ap:fft,relation_shrinkage_mahalanobis,Tx2,0.9,64.88656589292235,100,14,86,0.14,31.408510942886668,126.6882595081344
ap:fft,relation_shrinkage_mahalanobis,Tx3,0.9,64.88656589292235,100,16,84,0.16,37.8292534558541,129.68743375047458
ap:fft,relation_shrinkage_mahalanobis,Tx4,0.9,64.88656589292235,100,13,87,0.13,30.299236896977078,93.24260611815683
ap:fft,relation_shrinkage_mahalanobis,Tx1,0.95,108.2881697119745,100,4,96,0.04,31.22175382824948,104.6499423992352
ap:fft,relation_shrinkage_mahalanobis,Tx2,0.95,108.2881697119745,100,7,93,0.07,31.408510942886668,126.6882595081344
ap:fft,relation_shrinkage_mahalanobis,Tx3,0.95,108.2881697119745,100,8,92,0.08,37.8292534558541,129.68743375047458
ap:fft,relation_shrinkage_mahalanobis,Tx4,0.95,108.2881697119745,100,4,96,0.04,30.299236896977078,93.24260611815683
ap:fft,relation_shrinkage_mahalanobis,Tx1,0.97,139.80667935286218,100,3,97,0.03,31.22175382824948,104.6499423992352
ap:fft,relation_shrinkage_mahalanobis,Tx2,0.97,139.80667935286218,100,5,95,0.05,31.408510942886668,126.6882595081344
ap:fft,relation_shrinkage_mahalanobis,Tx3,0.97,139.80667935286218,100,4,96,0.04,37.8292534558541,129.68743375047458
ap:fft,relation_shrinkage_mahalanobis,Tx4,0.97,139.80667935286218,100,3,97,0.03,30.299236896977078,93.24260611815683
ap:stft,relation_zdist,Tx1,0.9,2.004137160237371,100,9,91,0.09,1.0270998791243193,2.9320214623801433
ap:stft,relation_zdist,Tx2,0.9,2.004137160237371,100,13,87,0.13,1.0904356996621223,3.4836660519281026
ap:stft,relation_zdist,Tx3,0.9,2.004137160237371,100,13,87,0.13,1.0647208987486727,3.5171361504141543
ap:stft,relation_zdist,Tx4,0.9,2.004137160237371,100,13,87,0.13,1.1144116572917901,3.4584988118779445
ap:stft,relation_zdist,Tx1,0.95,2.7939325638046406,100,6,94,0.06,1.0270998791243193,2.9320214623801433
ap:stft,relation_zdist,Tx2,0.95,2.7939325638046406,100,8,92,0.08,1.0904356996621223,3.4836660519281026
ap:stft,relation_zdist,Tx3,0.95,2.7939325638046406,100,7,93,0.07,1.0647208987486727,3.5171361504141543
ap:stft,relation_zdist,Tx4,0.95,2.7939325638046406,100,7,93,0.07,1.1144116572917901,3.4584988118779445
ap:stft,relation_zdist,Tx1,0.97,3.7388360029562375,100,3,97,0.03,1.0270998791243193,2.9320214623801433
ap:stft,relation_zdist,Tx2,0.97,3.7388360029562375,100,5,95,0.05,1.0904356996621223,3.4836660519281026
ap:stft,relation_zdist,Tx3,0.97,3.7388360029562375,100,5,95,0.05,1.0647208987486727,3.5171361504141543
ap:stft,relation_zdist,Tx4,0.97,3.7388360029562375,100,5,95,0.05,1.1144116572917901,3.4584988118779445
ap:stft,relation_pca_residual,Tx1,0.9,0.5126343577624648,100,10,90,0.1,0.27918452937992183,0.5760312067769343
ap:stft,relation_pca_residual,Tx2,0.9,0.5126343577624648,100,8,92,0.08,0.3072828628199264,0.8735121427019925
ap:stft,relation_pca_residual,Tx3,0.9,0.5126343577624648,100,12,88,0.12,0.2675392522959655,0.6451685421145281
ap:stft,relation_pca_residual,Tx4,0.9,0.5126343577624648,100,13,87,0.13,0.33105910345594197,0.863509552378203
ap:stft,relation_pca_residual,Tx1,0.95,0.7466587471913116,100,3,97,0.03,0.27918452937992183,0.5760312067769343
ap:stft,relation_pca_residual,Tx2,0.95,0.7466587471913116,100,7,93,0.07,0.3072828628199264,0.8735121427019925
ap:stft,relation_pca_residual,Tx3,0.95,0.7466587471913116,100,3,97,0.03,0.2675392522959655,0.6451685421145281
ap:stft,relation_pca_residual,Tx4,0.95,0.7466587471913116,100,6,94,0.06,0.33105910345594197,0.863509552378203
ap:stft,relation_pca_residual,Tx1,0.97,1.0011029919847598,100,3,97,0.03,0.27918452937992183,0.5760312067769343
ap:stft,relation_pca_residual,Tx2,0.97,1.0011029919847598,100,4,96,0.04,0.3072828628199264,0.8735121427019925
ap:stft,relation_pca_residual,Tx3,0.97,1.0011029919847598,100,2,98,0.02,0.2675392522959655,0.6451685421145281
ap:stft,relation_pca_residual,Tx4,0.97,1.0011029919847598,100,5,95,0.05,0.33105910345594197,0.863509552378203
ap:stft,relation_shrinkage_mahalanobis,Tx1,0.9,59.667573741026736,100,10,90,0.1,32.62653756546281,78.26833529317264
ap:stft,relation_shrinkage_mahalanobis,Tx2,0.9,59.667573741026736,100,13,87,0.13,34.87971202488175,101.09669495475882
ap:stft,relation_shrinkage_mahalanobis,Tx3,0.9,59.667573741026736,100,10,90,0.1,32.357389340493285,109.10964486375336
ap:stft,relation_shrinkage_mahalanobis,Tx4,0.9,59.667573741026736,100,14,86,0.14,35.84496253008017,101.93057775376056
ap:stft,relation_shrinkage_mahalanobis,Tx1,0.95,84.25862186181321,100,5,95,0.05,32.62653756546281,78.26833529317264
ap:stft,relation_shrinkage_mahalanobis,Tx2,0.95,84.25862186181321,100,7,93,0.07,34.87971202488175,101.09669495475882
ap:stft,relation_shrinkage_mahalanobis,Tx3,0.95,84.25862186181321,100,6,94,0.06,32.357389340493285,109.10964486375336
ap:stft,relation_shrinkage_mahalanobis,Tx4,0.95,84.25862186181321,100,6,94,0.06,35.84496253008017,101.93057775376056
ap:stft,relation_shrinkage_mahalanobis,Tx1,0.97,101.76639795394249,100,5,95,0.05,32.62653756546281,78.26833529317264
ap:stft,relation_shrinkage_mahalanobis,Tx2,0.97,101.76639795394249,100,5,95,0.05,34.87971202488175,101.09669495475882
ap:stft,relation_shrinkage_mahalanobis,Tx3,0.97,101.76639795394249,100,6,94,0.06,32.357389340493285,109.10964486375336
ap:stft,relation_shrinkage_mahalanobis,Tx4,0.97,101.76639795394249,100,5,95,0.05,35.84496253008017,101.93057775376056
ap:cepstral,relation_zdist,Tx1,0.9,2.0771087939708046,100,13,87,0.13,1.053460780715945,3.630650492624073
ap:cepstral,relation_zdist,Tx2,0.9,2.0771087939708046,100,15,85,0.15,1.425938627515321,4.550093031278171
ap:cepstral,relation_zdist,Tx3,0.9,2.0771087939708046,100,18,82,0.18,1.2003625729230425,4.288429085835969
ap:cepstral,relation_zdist,Tx4,0.9,2.0771087939708046,100,14,86,0.14,1.0881466817525531,2.6673287242647814
ap:cepstral,relation_zdist,Tx1,0.95,3.045480833461244,100,7,93,0.07,1.053460780715945,3.630650492624073
ap:cepstral,relation_zdist,Tx2,0.95,3.045480833461244,100,10,90,0.1,1.425938627515321,4.550093031278171
ap:cepstral,relation_zdist,Tx3,0.95,3.045480833461244,100,11,89,0.11,1.2003625729230425,4.288429085835969
ap:cepstral,relation_zdist,Tx4,0.95,3.045480833461244,100,5,95,0.05,1.0881466817525531,2.6673287242647814
ap:cepstral,relation_zdist,Tx1,0.97,4.3091452646782065,100,2,98,0.02,1.053460780715945,3.630650492624073
ap:cepstral,relation_zdist,Tx2,0.97,4.3091452646782065,100,7,93,0.07,1.425938627515321,4.550093031278171
ap:cepstral,relation_zdist,Tx3,0.97,4.3091452646782065,100,5,95,0.05,1.2003625729230425,4.288429085835969
ap:cepstral,relation_zdist,Tx4,0.97,4.3091452646782065,100,4,96,0.04,1.0881466817525531,2.6673287242647814
ap:cepstral,relation_pca_residual,Tx1,0.9,0.3762124154565698,100,16,84,0.16,0.23135315235734955,0.5899734355819528
ap:cepstral,relation_pca_residual,Tx2,0.9,0.3762124154565698,100,18,82,0.18,0.3007690215912273,0.6859885060321674
ap:cepstral,relation_pca_residual,Tx3,0.9,0.3762124154565698,100,16,84,0.16,0.19760589841035095,0.6468048896847113
ap:cepstral,relation_pca_residual,Tx4,0.9,0.3762124154565698,100,11,89,0.11,0.179271584185431,0.528858938261344
ap:cepstral,relation_pca_residual,Tx1,0.95,0.5889034159319951,100,5,95,0.05,0.23135315235734955,0.5899734355819528
ap:cepstral,relation_pca_residual,Tx2,0.95,0.5889034159319951,100,9,91,0.09,0.3007690215912273,0.6859885060321674
ap:cepstral,relation_pca_residual,Tx3,0.95,0.5889034159319951,100,6,94,0.06,0.19760589841035095,0.6468048896847113
ap:cepstral,relation_pca_residual,Tx4,0.95,0.5889034159319951,100,5,95,0.05,0.179271584185431,0.528858938261344
ap:cepstral,relation_pca_residual,Tx1,0.97,0.7692126008296788,100,4,96,0.04,0.23135315235734955,0.5899734355819528
ap:cepstral,relation_pca_residual,Tx2,0.97,0.7692126008296788,100,5,95,0.05,0.3007690215912273,0.6859885060321674
ap:cepstral,relation_pca_residual,Tx3,0.97,0.7692126008296788,100,4,96,0.04,0.19760589841035095,0.6468048896847113
ap:cepstral,relation_pca_residual,Tx4,0.97,0.7692126008296788,100,2,98,0.02,0.179271584185431,0.528858938261344
ap:cepstral,relation_shrinkage_mahalanobis,Tx1,0.9,62.55636213041444,100,13,87,0.13,33.44524556125256,98.2581681837151
ap:cepstral,relation_shrinkage_mahalanobis,Tx2,0.9,62.55636213041444,100,16,84,0.16,46.18388636960096,130.44486870342126
ap:cepstral,relation_shrinkage_mahalanobis,Tx3,0.9,62.55636213041444,100,17,83,0.17,34.48367005406204,100.73269912306974
ap:cepstral,relation_shrinkage_mahalanobis,Tx4,0.9,62.55636213041444,100,12,88,0.12,32.738116882518675,96.33505636006822
ap:cepstral,relation_shrinkage_mahalanobis,Tx1,0.95,90.98416866211082,100,6,94,0.06,33.44524556125256,98.2581681837151
ap:cepstral,relation_shrinkage_mahalanobis,Tx2,0.95,90.98416866211082,100,10,90,0.1,46.18388636960096,130.44486870342126
ap:cepstral,relation_shrinkage_mahalanobis,Tx3,0.95,90.98416866211082,100,8,92,0.08,34.48367005406204,100.73269912306974
ap:cepstral,relation_shrinkage_mahalanobis,Tx4,0.95,90.98416866211082,100,6,94,0.06,32.738116882518675,96.33505636006822
ap:cepstral,relation_shrinkage_mahalanobis,Tx1,0.97,119.22090672720704,100,4,96,0.04,33.44524556125256,98.2581681837151
ap:cepstral,relation_shrinkage_mahalanobis,Tx2,0.97,119.22090672720704,100,6,94,0.06,46.18388636960096,130.44486870342126
ap:cepstral,relation_shrinkage_mahalanobis,Tx3,0.97,119.22090672720704,100,3,97,0.03,34.48367005406204,100.73269912306974
ap:cepstral,relation_shrinkage_mahalanobis,Tx4,0.97,119.22090672720704,100,4,96,0.04,32.738116882518675,96.33505636006822
ap:cyclo,relation_zdist,Tx1,0.9,1.951975901184332,100,15,85,0.15,1.0908270343289908,5.244367316722305
ap:cyclo,relation_zdist,Tx2,0.9,1.951975901184332,100,19,81,0.19,1.3239717952217465,5.205926843416273
ap:cyclo,relation_zdist,Tx3,0.9,1.951975901184332,100,19,81,0.19,1.2838867413412027,5.632379411819756
ap:cyclo,relation_zdist,Tx4,0.9,1.951975901184332,100,12,88,0.12,0.9754265848121162,3.4183566787076267
ap:cyclo,relation_zdist,Tx1,0.95,3.289320349727461,100,9,91,0.09,1.0908270343289908,5.244367316722305
ap:cyclo,relation_zdist,Tx2,0.95,3.289320349727461,100,9,91,0.09,1.3239717952217465,5.205926843416273
ap:cyclo,relation_zdist,Tx3,0.95,3.289320349727461,100,11,89,0.11,1.2838867413412027,5.632379411819756
ap:cyclo,relation_zdist,Tx4,0.95,3.289320349727461,100,6,94,0.06,0.9754265848121162,3.4183566787076267
ap:cyclo,relation_zdist,Tx1,0.97,5.060497721405742,100,6,94,0.06,1.0908270343289908,5.244367316722305
ap:cyclo,relation_zdist,Tx2,0.97,5.060497721405742,100,6,94,0.06,1.3239717952217465,5.205926843416273
ap:cyclo,relation_zdist,Tx3,0.97,5.060497721405742,100,6,94,0.06,1.2838867413412027,5.632379411819756
ap:cyclo,relation_zdist,Tx4,0.97,5.060497721405742,100,4,96,0.04,0.9754265848121162,3.4183566787076267
ap:cyclo,relation_pca_residual,Tx1,0.9,0.3388317109809466,100,14,86,0.14,0.21512109484761496,0.8666838915120268
ap:cyclo,relation_pca_residual,Tx2,0.9,0.3388317109809466,100,16,84,0.16,0.25197058030357306,0.9344327970649245
ap:cyclo,relation_pca_residual,Tx3,0.9,0.3388317109809466,100,12,88,0.12,0.21065509952614062,0.9482332552545661
ap:cyclo,relation_pca_residual,Tx4,0.9,0.3388317109809466,100,13,87,0.13,0.19209049936964542,0.6695461042356669
ap:cyclo,relation_pca_residual,Tx1,0.95,0.5410044100628655,100,9,91,0.09,0.21512109484761496,0.8666838915120268
ap:cyclo,relation_pca_residual,Tx2,0.95,0.5410044100628655,100,13,87,0.13,0.25197058030357306,0.9344327970649245
ap:cyclo,relation_pca_residual,Tx3,0.95,0.5410044100628655,100,9,91,0.09,0.21065509952614062,0.9482332552545661
ap:cyclo,relation_pca_residual,Tx4,0.95,0.5410044100628655,100,9,91,0.09,0.19209049936964542,0.6695461042356669
ap:cyclo,relation_pca_residual,Tx1,0.97,0.7307946446031979,100,6,94,0.06,0.21512109484761496,0.8666838915120268
ap:cyclo,relation_pca_residual,Tx2,0.97,0.7307946446031979,100,8,92,0.08,0.25197058030357306,0.9344327970649245
ap:cyclo,relation_pca_residual,Tx3,0.97,0.7307946446031979,100,8,92,0.08,0.21065509952614062,0.9482332552545661
ap:cyclo,relation_pca_residual,Tx4,0.97,0.7307946446031979,100,5,95,0.05,0.19209049936964542,0.6695461042356669
ap:cyclo,relation_shrinkage_mahalanobis,Tx1,0.9,59.75510429779982,100,14,86,0.14,34.83963002214769,152.58257682844388
ap:cyclo,relation_shrinkage_mahalanobis,Tx2,0.9,59.75510429779982,100,18,82,0.18,41.39998416336729,161.80978411782561
ap:cyclo,relation_shrinkage_mahalanobis,Tx3,0.9,59.75510429779982,100,14,86,0.14,36.46661912098833,176.63601452738175
ap:cyclo,relation_shrinkage_mahalanobis,Tx4,0.9,59.75510429779982,100,12,88,0.12,30.860321159369228,114.50772994040018
ap:cyclo,relation_shrinkage_mahalanobis,Tx1,0.95,97.62542911378424,100,9,91,0.09,34.83963002214769,152.58257682844388
ap:cyclo,relation_shrinkage_mahalanobis,Tx2,0.95,97.62542911378424,100,11,89,0.11,41.39998416336729,161.80978411782561
ap:cyclo,relation_shrinkage_mahalanobis,Tx3,0.95,97.62542911378424,100,8,92,0.08,36.46661912098833,176.63601452738175
ap:cyclo,relation_shrinkage_mahalanobis,Tx4,0.95,97.62542911378424,100,8,92,0.08,30.860321159369228,114.50772994040018
ap:cyclo,relation_shrinkage_mahalanobis,Tx1,0.97,132.31433413420447,100,8,92,0.08,34.83963002214769,152.58257682844388
ap:cyclo,relation_shrinkage_mahalanobis,Tx2,0.97,132.31433413420447,100,6,94,0.06,41.39998416336729,161.80978411782561
ap:cyclo,relation_shrinkage_mahalanobis,Tx3,0.97,132.31433413420447,100,7,93,0.07,36.46661912098833,176.63601452738175
ap:cyclo,relation_shrinkage_mahalanobis,Tx4,0.97,132.31433413420447,100,4,96,0.04,30.860321159369228,114.50772994040018
ap:hos,relation_zdist,Tx1,0.9,1.5475073727751751,100,16,84,0.16,1.0129185618685788,5.024378606933889
ap:hos,relation_zdist,Tx2,0.9,1.5475073727751751,100,16,84,0.16,3.5293501467708346,6.148521074686797
ap:hos,relation_zdist,Tx3,0.9,1.5475073727751751,100,20,80,0.2,0.9365438437395884,3.665072186173019
ap:hos,relation_zdist,Tx4,0.9,1.5475073727751751,100,7,93,0.07,0.845433391414559,2.7881047160673793
ap:hos,relation_zdist,Tx1,0.95,3.0307066364905224,100,7,93,0.07,1.0129185618685788,5.024378606933889
ap:hos,relation_zdist,Tx2,0.95,3.0307066364905224,100,8,92,0.08,3.5293501467708346,6.148521074686797
ap:hos,relation_zdist,Tx3,0.95,3.0307066364905224,100,7,93,0.07,0.9365438437395884,3.665072186173019
ap:hos,relation_zdist,Tx4,0.95,3.0307066364905224,100,5,95,0.05,0.845433391414559,2.7881047160673793
ap:hos,relation_zdist,Tx1,0.97,4.35291906315277,100,6,94,0.06,1.0129185618685788,5.024378606933889
ap:hos,relation_zdist,Tx2,0.97,4.35291906315277,100,6,94,0.06,3.5293501467708346,6.148521074686797
ap:hos,relation_zdist,Tx3,0.97,4.35291906315277,100,2,98,0.02,0.9365438437395884,3.665072186173019
ap:hos,relation_zdist,Tx4,0.97,4.35291906315277,100,3,97,0.03,0.845433391414559,2.7881047160673793
ap:hos,relation_pca_residual,Tx1,0.9,0.309006321986419,100,14,86,0.14,0.20183785930147016,0.5106667512378877
ap:hos,relation_pca_residual,Tx2,0.9,0.309006321986419,100,14,86,0.14,0.5402903798457569,1.6824574380010766
ap:hos,relation_pca_residual,Tx3,0.9,0.309006321986419,100,18,82,0.18,0.19551148761647918,0.7234875324748028
ap:hos,relation_pca_residual,Tx4,0.9,0.309006321986419,100,10,90,0.1,0.16973336734192704,0.6651972909771044
ap:hos,relation_pca_residual,Tx1,0.95,0.5289343169212397,100,4,96,0.04,0.20183785930147016,0.5106667512378877
ap:hos,relation_pca_residual,Tx2,0.95,0.5289343169212397,100,11,89,0.11,0.5402903798457569,1.6824574380010766
ap:hos,relation_pca_residual,Tx3,0.95,0.5289343169212397,100,10,90,0.1,0.19551148761647918,0.7234875324748028
ap:hos,relation_pca_residual,Tx4,0.95,0.5289343169212397,100,6,94,0.06,0.16973336734192704,0.6651972909771044
ap:hos,relation_pca_residual,Tx1,0.97,0.7017492820778287,100,3,97,0.03,0.20183785930147016,0.5106667512378877
ap:hos,relation_pca_residual,Tx2,0.97,0.7017492820778287,100,11,89,0.11,0.5402903798457569,1.6824574380010766
ap:hos,relation_pca_residual,Tx3,0.97,0.7017492820778287,100,7,93,0.07,0.19551148761647918,0.7234875324748028
ap:hos,relation_pca_residual,Tx4,0.97,0.7017492820778287,100,5,95,0.05,0.16973336734192704,0.6651972909771044
ap:hos,relation_shrinkage_mahalanobis,Tx1,0.9,58.24247139350701,100,14,86,0.14,35.68418979129916,109.48255837763297
ap:hos,relation_shrinkage_mahalanobis,Tx2,0.9,58.24247139350701,100,15,85,0.15,131.10351797575657,254.66871597351167
ap:hos,relation_shrinkage_mahalanobis,Tx3,0.9,58.24247139350701,100,18,82,0.18,33.0663214860381,109.73738929010935
ap:hos,relation_shrinkage_mahalanobis,Tx4,0.9,58.24247139350701,100,9,91,0.09,29.90137974451787,98.57009143620976
ap:hos,relation_shrinkage_mahalanobis,Tx1,0.95,99.67504124672209,100,8,92,0.08,35.68418979129916,109.48255837763297
ap:hos,relation_shrinkage_mahalanobis,Tx2,0.95,99.67504124672209,100,9,91,0.09,131.10351797575657,254.66871597351167
ap:hos,relation_shrinkage_mahalanobis,Tx3,0.95,99.67504124672209,100,7,93,0.07,33.0663214860381,109.73738929010935
ap:hos,relation_shrinkage_mahalanobis,Tx4,0.95,99.67504124672209,100,5,95,0.05,29.90137974451787,98.57009143620976
ap:hos,relation_shrinkage_mahalanobis,Tx1,0.97,137.2634012560706,100,5,95,0.05,35.68418979129916,109.48255837763297
ap:hos,relation_shrinkage_mahalanobis,Tx2,0.97,137.2634012560706,100,7,93,0.07,131.10351797575657,254.66871597351167
ap:hos,relation_shrinkage_mahalanobis,Tx3,0.97,137.2634012560706,100,3,97,0.03,33.0663214860381,109.73738929010935
ap:hos,relation_shrinkage_mahalanobis,Tx4,0.97,137.2634012560706,100,4,96,0.04,29.90137974451787,98.57009143620976
ap:bispectrum,relation_zdist,Tx1,0.9,2.0687739026245153,100,11,89,0.11,1.101530903963749,4.03704333369155
ap:bispectrum,relation_zdist,Tx2,0.9,2.0687739026245153,100,8,92,0.08,0.9960354300971332,2.951993367854013
ap:bispectrum,relation_zdist,Tx3,0.9,2.0687739026245153,100,17,83,0.17,1.2713743601677547,4.760777513997251
ap:bispectrum,relation_zdist,Tx4,0.9,2.0687739026245153,100,7,93,0.07,0.8802385028773289,2.1761179832803155
ap:bispectrum,relation_zdist,Tx1,0.95,3.0383510598484227,100,9,91,0.09,1.101530903963749,4.03704333369155
ap:bispectrum,relation_zdist,Tx2,0.95,3.0383510598484227,100,5,95,0.05,0.9960354300971332,2.951993367854013
ap:bispectrum,relation_zdist,Tx3,0.95,3.0383510598484227,100,10,90,0.1,1.2713743601677547,4.760777513997251
ap:bispectrum,relation_zdist,Tx4,0.95,3.0383510598484227,100,4,96,0.04,0.8802385028773289,2.1761179832803155
ap:bispectrum,relation_zdist,Tx1,0.97,3.6289492722312704,100,7,93,0.07,1.101530903963749,4.03704333369155
ap:bispectrum,relation_zdist,Tx2,0.97,3.6289492722312704,100,4,96,0.04,0.9960354300971332,2.951993367854013
ap:bispectrum,relation_zdist,Tx3,0.97,3.6289492722312704,100,6,94,0.06,1.2713743601677547,4.760777513997251
ap:bispectrum,relation_zdist,Tx4,0.97,3.6289492722312704,100,2,98,0.02,0.8802385028773289,2.1761179832803155
ap:bispectrum,relation_pca_residual,Tx1,0.9,0.5505372787127567,100,12,88,0.12,0.34451141346796044,0.9375305328840938
ap:bispectrum,relation_pca_residual,Tx2,0.9,0.5505372787127567,100,12,88,0.12,0.32059020218978296,0.9325215380999619
ap:bispectrum,relation_pca_residual,Tx3,0.9,0.5505372787127567,100,19,81,0.19,0.3743406395049316,1.1539489700463528
ap:bispectrum,relation_pca_residual,Tx4,0.9,0.5505372787127567,100,10,90,0.1,0.27852913354340375,0.6786555571228149
ap:bispectrum,relation_pca_residual,Tx1,0.95,0.7674256881917065,100,8,92,0.08,0.34451141346796044,0.9375305328840938
ap:bispectrum,relation_pca_residual,Tx2,0.95,0.7674256881917065,100,9,91,0.09,0.32059020218978296,0.9325215380999619
ap:bispectrum,relation_pca_residual,Tx3,0.95,0.7674256881917065,100,10,90,0.1,0.3743406395049316,1.1539489700463528
ap:bispectrum,relation_pca_residual,Tx4,0.95,0.7674256881917065,100,4,96,0.04,0.27852913354340375,0.6786555571228149
ap:bispectrum,relation_pca_residual,Tx1,0.97,0.8961829048128723,100,6,94,0.06,0.34451141346796044,0.9375305328840938
ap:bispectrum,relation_pca_residual,Tx2,0.97,0.8961829048128723,100,6,94,0.06,0.32059020218978296,0.9325215380999619
ap:bispectrum,relation_pca_residual,Tx3,0.97,0.8961829048128723,100,8,92,0.08,0.3743406395049316,1.1539489700463528
ap:bispectrum,relation_pca_residual,Tx4,0.97,0.8961829048128723,100,3,97,0.03,0.27852913354340375,0.6786555571228149
ap:bispectrum,relation_shrinkage_mahalanobis,Tx1,0.9,62.811214857241346,100,12,88,0.12,35.83048887278332,115.04877447362706
ap:bispectrum,relation_shrinkage_mahalanobis,Tx2,0.9,62.811214857241346,100,8,92,0.08,33.6890321839673,98.90076210485115
ap:bispectrum,relation_shrinkage_mahalanobis,Tx3,0.9,62.811214857241346,100,16,84,0.16,40.50619776263291,128.012681556927
ap:bispectrum,relation_shrinkage_mahalanobis,Tx4,0.9,62.811214857241346,100,6,94,0.06,28.676311614693855,68.29726392614795
ap:bispectrum,relation_shrinkage_mahalanobis,Tx1,0.95,87.8563410445732,100,8,92,0.08,35.83048887278332,115.04877447362706
ap:bispectrum,relation_shrinkage_mahalanobis,Tx2,0.95,87.8563410445732,100,7,93,0.07,33.6890321839673,98.90076210485115
ap:bispectrum,relation_shrinkage_mahalanobis,Tx3,0.95,87.8563410445732,100,10,90,0.1,40.50619776263291,128.012681556927
ap:bispectrum,relation_shrinkage_mahalanobis,Tx4,0.95,87.8563410445732,100,4,96,0.04,28.676311614693855,68.29726392614795
ap:bispectrum,relation_shrinkage_mahalanobis,Tx1,0.97,103.3851727063069,100,8,92,0.08,35.83048887278332,115.04877447362706
ap:bispectrum,relation_shrinkage_mahalanobis,Tx2,0.97,103.3851727063069,100,5,95,0.05,33.6890321839673,98.90076210485115
ap:bispectrum,relation_shrinkage_mahalanobis,Tx3,0.97,103.3851727063069,100,8,92,0.08,40.50619776263291,128.012681556927
ap:bispectrum,relation_shrinkage_mahalanobis,Tx4,0.97,103.3851727063069,100,3,97,0.03,28.676311614693855,68.29726392614795
fft:stft,relation_zdist,Tx1,0.9,1.8757238989149279,100,15,85,0.15,1.056303573969892,3.096103190906469
fft:stft,relation_zdist,Tx2,0.9,1.8757238989149279,100,8,92,0.08,0.9183401229888983,2.0977736556389
fft:stft,relation_zdist,Tx3,0.9,1.8757238989149279,100,17,83,0.17,1.0763336052143835,3.1344710395925484
fft:stft,relation_zdist,Tx4,0.9,1.8757238989149279,100,16,84,0.16,1.0433597344152643,2.6597840266114265
fft:stft,relation_zdist,Tx1,0.95,2.7083398202954587,100,8,92,0.08,1.056303573969892,3.096103190906469
fft:stft,relation_zdist,Tx2,0.95,2.7083398202954587,100,4,96,0.04,0.9183401229888983,2.0977736556389
fft:stft,relation_zdist,Tx3,0.95,2.7083398202954587,100,7,93,0.07,1.0763336052143835,3.1344710395925484
fft:stft,relation_zdist,Tx4,0.95,2.7083398202954587,100,5,95,0.05,1.0433597344152643,2.6597840266114265
fft:stft,relation_zdist,Tx1,0.97,3.1837181850983565,100,5,95,0.05,1.056303573969892,3.096103190906469
fft:stft,relation_zdist,Tx2,0.97,3.1837181850983565,100,4,96,0.04,0.9183401229888983,2.0977736556389
fft:stft,relation_zdist,Tx3,0.97,3.1837181850983565,100,5,95,0.05,1.0763336052143835,3.1344710395925484
fft:stft,relation_zdist,Tx4,0.97,3.1837181850983565,100,3,97,0.03,1.0433597344152643,2.6597840266114265
fft:stft,relation_pca_residual,Tx1,0.9,0.4305874214474502,100,16,84,0.16,0.24642319758859835,0.6943092485099147
fft:stft,relation_pca_residual,Tx2,0.9,0.4305874214474502,100,7,93,0.07,0.21745387443790726,0.48381592072998886
fft:stft,relation_pca_residual,Tx3,0.9,0.4305874214474502,100,10,90,0.1,0.25182591881049804,0.7967255111248595
fft:stft,relation_pca_residual,Tx4,0.9,0.4305874214474502,100,19,81,0.19,0.25866465239025643,0.7884611832888782
fft:stft,relation_pca_residual,Tx1,0.95,0.6068868359144673,100,7,93,0.07,0.24642319758859835,0.6943092485099147
fft:stft,relation_pca_residual,Tx2,0.95,0.6068868359144673,100,5,95,0.05,0.21745387443790726,0.48381592072998886
fft:stft,relation_pca_residual,Tx3,0.95,0.6068868359144673,100,8,92,0.08,0.25182591881049804,0.7967255111248595
fft:stft,relation_pca_residual,Tx4,0.95,0.6068868359144673,100,9,91,0.09,0.25866465239025643,0.7884611832888782
fft:stft,relation_pca_residual,Tx1,0.97,0.7152122417678364,100,5,95,0.05,0.24642319758859835,0.6943092485099147
fft:stft,relation_pca_residual,Tx2,0.97,0.7152122417678364,100,5,95,0.05,0.21745387443790726,0.48381592072998886
fft:stft,relation_pca_residual,Tx3,0.97,0.7152122417678364,100,7,93,0.07,0.25182591881049804,0.7967255111248595
fft:stft,relation_pca_residual,Tx4,0.97,0.7152122417678364,100,6,94,0.06,0.25866465239025643,0.7884611832888782
fft:stft,relation_shrinkage_mahalanobis,Tx1,0.9,57.4950895213829,100,15,85,0.15,33.43273974216905,93.6771831934856
fft:stft,relation_shrinkage_mahalanobis,Tx2,0.9,57.4950895213829,100,6,94,0.06,29.08355826232608,57.88285007242471
fft:stft,relation_shrinkage_mahalanobis,Tx3,0.9,57.4950895213829,100,14,86,0.14,33.18308546940298,99.22593224290586
fft:stft,relation_shrinkage_mahalanobis,Tx4,0.9,57.4950895213829,100,17,83,0.17,34.02686771590646,85.35370697406148
fft:stft,relation_shrinkage_mahalanobis,Tx1,0.95,77.58682438273244,100,8,92,0.08,33.43273974216905,93.6771831934856
fft:stft,relation_shrinkage_mahalanobis,Tx2,0.95,77.58682438273244,100,4,96,0.04,29.08355826232608,57.88285007242471
fft:stft,relation_shrinkage_mahalanobis,Tx3,0.95,77.58682438273244,100,7,93,0.07,33.18308546940298,99.22593224290586
fft:stft,relation_shrinkage_mahalanobis,Tx4,0.95,77.58682438273244,100,8,92,0.08,34.02686771590646,85.35370697406148
fft:stft,relation_shrinkage_mahalanobis,Tx1,0.97,95.27979234391753,100,5,95,0.05,33.43273974216905,93.6771831934856
fft:stft,relation_shrinkage_mahalanobis,Tx2,0.97,95.27979234391753,100,4,96,0.04,29.08355826232608,57.88285007242471
fft:stft,relation_shrinkage_mahalanobis,Tx3,0.97,95.27979234391753,100,6,94,0.06,33.18308546940298,99.22593224290586
fft:stft,relation_shrinkage_mahalanobis,Tx4,0.97,95.27979234391753,100,5,95,0.05,34.02686771590646,85.35370697406148
fft:cepstral,relation_zdist,Tx1,0.9,1.9945445327308087,100,9,91,0.09,0.9002379381606568,2.5554217368708243
fft:cepstral,relation_zdist,Tx2,0.9,1.9945445327308087,100,9,91,0.09,1.0026367097376971,2.4847739442632926
fft:cepstral,relation_zdist,Tx3,0.9,1.9945445327308087,100,16,84,0.16,1.2339038657578147,5.345735428047174
fft:cepstral,relation_zdist,Tx4,0.9,1.9945445327308087,100,15,85,0.15,1.0154018457203027,3.1726558932722186
fft:cepstral,relation_zdist,Tx1,0.95,2.9382970624838167,100,2,98,0.02,0.9002379381606568,2.5554217368708243
fft:cepstral,relation_zdist,Tx2,0.95,2.9382970624838167,100,5,95,0.05,1.0026367097376971,2.4847739442632926
fft:cepstral,relation_zdist,Tx3,0.95,2.9382970624838167,100,11,89,0.11,1.2339038657578147,5.345735428047174
fft:cepstral,relation_zdist,Tx4,0.95,2.9382970624838167,100,8,92,0.08,1.0154018457203027,3.1726558932722186
fft:cepstral,relation_zdist,Tx1,0.97,3.9871547014817157,100,1,99,0.01,0.9002379381606568,2.5554217368708243
fft:cepstral,relation_zdist,Tx2,0.97,3.9871547014817157,100,4,96,0.04,1.0026367097376971,2.4847739442632926
fft:cepstral,relation_zdist,Tx3,0.97,3.9871547014817157,100,7,93,0.07,1.2339038657578147,5.345735428047174
fft:cepstral,relation_zdist,Tx4,0.97,3.9871547014817157,100,2,98,0.02,1.0154018457203027,3.1726558932722186
fft:cepstral,relation_pca_residual,Tx1,0.9,0.37312969104718746,100,9,91,0.09,0.18063216561327386,0.40289972078068853
fft:cepstral,relation_pca_residual,Tx2,0.9,0.37312969104718746,100,13,87,0.13,0.2111400347014073,0.6596503924033693
fft:cepstral,relation_pca_residual,Tx3,0.9,0.37312969104718746,100,13,87,0.13,0.1850607598113665,0.530790386665087
fft:cepstral,relation_pca_residual,Tx4,0.9,0.37312969104718746,100,12,88,0.12,0.19244575957817947,0.5268530483119763
fft:cepstral,relation_pca_residual,Tx1,0.95,0.5162227932759013,100,2,98,0.02,0.18063216561327386,0.40289972078068853
fft:cepstral,relation_pca_residual,Tx2,0.95,0.5162227932759013,100,7,93,0.07,0.2111400347014073,0.6596503924033693
fft:cepstral,relation_pca_residual,Tx3,0.95,0.5162227932759013,100,6,94,0.06,0.1850607598113665,0.530790386665087
fft:cepstral,relation_pca_residual,Tx4,0.95,0.5162227932759013,100,6,94,0.06,0.19244575957817947,0.5268530483119763
fft:cepstral,relation_pca_residual,Tx1,0.97,0.6230713312693221,100,1,99,0.01,0.18063216561327386,0.40289972078068853
fft:cepstral,relation_pca_residual,Tx2,0.97,0.6230713312693221,100,6,94,0.06,0.2111400347014073,0.6596503924033693
fft:cepstral,relation_pca_residual,Tx3,0.97,0.6230713312693221,100,4,96,0.04,0.1850607598113665,0.530790386665087
fft:cepstral,relation_pca_residual,Tx4,0.97,0.6230713312693221,100,4,96,0.04,0.19244575957817947,0.5268530483119763
fft:cepstral,relation_shrinkage_mahalanobis,Tx1,0.9,58.94943623010183,100,10,90,0.1,28.760874376992867,73.21296183413915
fft:cepstral,relation_shrinkage_mahalanobis,Tx2,0.9,58.94943623010183,100,12,88,0.12,33.06216279703878,80.5051604481877
fft:cepstral,relation_shrinkage_mahalanobis,Tx3,0.9,58.94943623010183,100,19,81,0.19,34.59598581459161,123.217620427893
fft:cepstral,relation_shrinkage_mahalanobis,Tx4,0.9,58.94943623010183,100,14,86,0.14,32.08569185572298,108.30061855687781
fft:cepstral,relation_shrinkage_mahalanobis,Tx1,0.95,89.45533999893648,100,1,99,0.01,28.760874376992867,73.21296183413915
fft:cepstral,relation_shrinkage_mahalanobis,Tx2,0.95,89.45533999893648,100,5,95,0.05,33.06216279703878,80.5051604481877
fft:cepstral,relation_shrinkage_mahalanobis,Tx3,0.95,89.45533999893648,100,9,91,0.09,34.59598581459161,123.217620427893
fft:cepstral,relation_shrinkage_mahalanobis,Tx4,0.95,89.45533999893648,100,7,93,0.07,32.08569185572298,108.30061855687781
fft:cepstral,relation_shrinkage_mahalanobis,Tx1,0.97,107.34798855358981,100,1,99,0.01,28.760874376992867,73.21296183413915
fft:cepstral,relation_shrinkage_mahalanobis,Tx2,0.97,107.34798855358981,100,4,96,0.04,33.06216279703878,80.5051604481877
fft:cepstral,relation_shrinkage_mahalanobis,Tx3,0.97,107.34798855358981,100,7,93,0.07,34.59598581459161,123.217620427893
fft:cepstral,relation_shrinkage_mahalanobis,Tx4,0.97,107.34798855358981,100,6,94,0.06,32.08569185572298,108.30061855687781
fft:cyclo,relation_zdist,Tx1,0.9,1.995964027229071,100,12,88,0.12,0.9654061157176703,3.214723989147519
fft:cyclo,relation_zdist,Tx2,0.9,1.995964027229071,100,12,88,0.12,1.200470811510601,4.206064140663751
fft:cyclo,relation_zdist,Tx3,0.9,1.995964027229071,100,16,84,0.16,1.2195417556928354,5.310679991836131
fft:cyclo,relation_zdist,Tx4,0.9,1.995964027229071,100,13,87,0.13,1.0424959395187605,2.6422172612125783
fft:cyclo,relation_zdist,Tx1,0.95,3.3673607021514083,100,5,95,0.05,0.9654061157176703,3.214723989147519
fft:cyclo,relation_zdist,Tx2,0.95,3.3673607021514083,100,7,93,0.07,1.200470811510601,4.206064140663751
fft:cyclo,relation_zdist,Tx3,0.95,3.3673607021514083,100,9,91,0.09,1.2195417556928354,5.310679991836131
fft:cyclo,relation_zdist,Tx4,0.95,3.3673607021514083,100,5,95,0.05,1.0424959395187605,2.6422172612125783
fft:cyclo,relation_zdist,Tx1,0.97,4.593671397509383,100,1,99,0.01,0.9654061157176703,3.214723989147519
fft:cyclo,relation_zdist,Tx2,0.97,4.593671397509383,100,4,96,0.04,1.200470811510601,4.206064140663751
fft:cyclo,relation_zdist,Tx3,0.97,4.593671397509383,100,6,94,0.06,1.2195417556928354,5.310679991836131
fft:cyclo,relation_zdist,Tx4,0.97,4.593671397509383,100,3,97,0.03,1.0424959395187605,2.6422172612125783
fft:cyclo,relation_pca_residual,Tx1,0.9,0.4170721732562298,100,11,89,0.11,0.23098631402115108,0.6248674704866838
fft:cyclo,relation_pca_residual,Tx2,0.9,0.4170721732562298,100,10,90,0.1,0.2262582467317012,0.4851897727466389
fft:cyclo,relation_pca_residual,Tx3,0.9,0.4170721732562298,100,12,88,0.12,0.2568415615235333,0.9168815114545923
fft:cyclo,relation_pca_residual,Tx4,0.9,0.4170721732562298,100,13,87,0.13,0.2243066494969587,0.7235007456073547
fft:cyclo,relation_pca_residual,Tx1,0.95,0.5981571391177155,100,7,93,0.07,0.23098631402115108,0.6248674704866838
fft:cyclo,relation_pca_residual,Tx2,0.95,0.5981571391177155,100,5,95,0.05,0.2262582467317012,0.4851897727466389
fft:cyclo,relation_pca_residual,Tx3,0.95,0.5981571391177155,100,10,90,0.1,0.2568415615235333,0.9168815114545923
fft:cyclo,relation_pca_residual,Tx4,0.95,0.5981571391177155,100,7,93,0.07,0.2243066494969587,0.7235007456073547
fft:cyclo,relation_pca_residual,Tx1,0.97,0.7661090894037634,100,3,97,0.03,0.23098631402115108,0.6248674704866838
fft:cyclo,relation_pca_residual,Tx2,0.97,0.7661090894037634,100,5,95,0.05,0.2262582467317012,0.4851897727466389
fft:cyclo,relation_pca_residual,Tx3,0.97,0.7661090894037634,100,9,91,0.09,0.2568415615235333,0.9168815114545923
fft:cyclo,relation_pca_residual,Tx4,0.97,0.7661090894037634,100,5,95,0.05,0.2243066494969587,0.7235007456073547
fft:cyclo,relation_shrinkage_mahalanobis,Tx1,0.9,61.607093392965616,100,12,88,0.12,31.92105195860066,93.03769321845877
fft:cyclo,relation_shrinkage_mahalanobis,Tx2,0.9,61.607093392965616,100,13,87,0.13,37.28657149411698,134.3842163053051
fft:cyclo,relation_shrinkage_mahalanobis,Tx3,0.9,61.607093392965616,100,15,85,0.15,36.84376372182944,133.95467247596346
fft:cyclo,relation_shrinkage_mahalanobis,Tx4,0.9,61.607093392965616,100,12,88,0.12,33.7556215494462,86.91315237351637
fft:cyclo,relation_shrinkage_mahalanobis,Tx1,0.95,91.89687118480543,100,6,94,0.06,31.92105195860066,93.03769321845877
fft:cyclo,relation_shrinkage_mahalanobis,Tx2,0.95,91.89687118480543,100,7,93,0.07,37.28657149411698,134.3842163053051
fft:cyclo,relation_shrinkage_mahalanobis,Tx3,0.95,91.89687118480543,100,9,91,0.09,36.84376372182944,133.95467247596346
fft:cyclo,relation_shrinkage_mahalanobis,Tx4,0.95,91.89687118480543,100,5,95,0.05,33.7556215494462,86.91315237351637
fft:cyclo,relation_shrinkage_mahalanobis,Tx1,0.97,122.07213014679456,100,3,97,0.03,31.92105195860066,93.03769321845877
fft:cyclo,relation_shrinkage_mahalanobis,Tx2,0.97,122.07213014679456,100,6,94,0.06,37.28657149411698,134.3842163053051
fft:cyclo,relation_shrinkage_mahalanobis,Tx3,0.97,122.07213014679456,100,7,93,0.07,36.84376372182944,133.95467247596346
fft:cyclo,relation_shrinkage_mahalanobis,Tx4,0.97,122.07213014679456,100,4,96,0.04,33.7556215494462,86.91315237351637
fft:hos,relation_zdist,Tx1,0.9,1.7307717776969038,100,16,84,0.16,0.917851469323621,3.886059524875935
fft:hos,relation_zdist,Tx2,0.9,1.7307717776969038,100,11,89,0.11,3.940133648908518,5.792646343044633
fft:hos,relation_zdist,Tx3,0.9,1.7307717776969038,100,19,81,0.19,1.0792931146828995,4.335597091755961
fft:hos,relation_zdist,Tx4,0.9,1.7307717776969038,100,10,90,0.1,0.7602601140552722,3.374324406376315
fft:hos,relation_zdist,Tx1,0.95,3.5934201182192074,100,8,92,0.08,0.917851469323621,3.886059524875935
fft:hos,relation_zdist,Tx2,0.95,3.5934201182192074,100,8,92,0.08,3.940133648908518,5.792646343044633
fft:hos,relation_zdist,Tx3,0.95,3.5934201182192074,100,11,89,0.11,1.0792931146828995,4.335597091755961
fft:hos,relation_zdist,Tx4,0.95,3.5934201182192074,100,3,97,0.03,0.7602601140552722,3.374324406376315
fft:hos,relation_zdist,Tx1,0.97,5.244675374604201,100,2,98,0.02,0.917851469323621,3.886059524875935
fft:hos,relation_zdist,Tx2,0.97,5.244675374604201,100,6,94,0.06,3.940133648908518,5.792646343044633
fft:hos,relation_zdist,Tx3,0.97,5.244675374604201,100,3,97,0.03,1.0792931146828995,4.335597091755961
fft:hos,relation_zdist,Tx4,0.97,5.244675374604201,100,3,97,0.03,0.7602601140552722,3.374324406376315
fft:hos,relation_pca_residual,Tx1,0.9,0.34322121402635586,100,13,87,0.13,0.20570583155353092,0.7641172682989537
fft:hos,relation_pca_residual,Tx2,0.9,0.34322121402635586,100,11,89,0.11,1.7098367114775201,1.304277709491457
fft:hos,relation_pca_residual,Tx3,0.9,0.34322121402635586,100,17,83,0.17,0.24573649972222011,0.8577002499894157
fft:hos,relation_pca_residual,Tx4,0.9,0.34322121402635586,100,8,92,0.08,0.18349502288196473,0.7954267004658889
fft:hos,relation_pca_residual,Tx1,0.95,0.5900198010695269,100,7,93,0.07,0.20570583155353092,0.7641172682989537
fft:hos,relation_pca_residual,Tx2,0.95,0.5900198010695269,100,10,90,0.1,1.7098367114775201,1.304277709491457
fft:hos,relation_pca_residual,Tx3,0.95,0.5900198010695269,100,12,88,0.12,0.24573649972222011,0.8577002499894157
fft:hos,relation_pca_residual,Tx4,0.95,0.5900198010695269,100,7,93,0.07,0.18349502288196473,0.7954267004658889
fft:hos,relation_pca_residual,Tx1,0.97,0.9275527531369419,100,3,97,0.03,0.20570583155353092,0.7641172682989537
fft:hos,relation_pca_residual,Tx2,0.97,0.9275527531369419,100,7,93,0.07,1.7098367114775201,1.304277709491457
fft:hos,relation_pca_residual,Tx3,0.97,0.9275527531369419,100,4,96,0.04,0.24573649972222011,0.8577002499894157
fft:hos,relation_pca_residual,Tx4,0.97,0.9275527531369419,100,5,95,0.05,0.18349502288196473,0.7954267004658889
fft:hos,relation_shrinkage_mahalanobis,Tx1,0.9,54.71753680435574,100,14,86,0.14,28.80635639210155,107.77216029291398
fft:hos,relation_shrinkage_mahalanobis,Tx2,0.9,54.71753680435574,100,11,89,0.11,182.47925821760637,181.17361078661935
fft:hos,relation_shrinkage_mahalanobis,Tx3,0.9,54.71753680435574,100,17,83,0.17,34.418405561955936,133.95302762228474
fft:hos,relation_shrinkage_mahalanobis,Tx4,0.9,54.71753680435574,100,10,90,0.1,26.3925562479546,107.57557300387208
fft:hos,relation_shrinkage_mahalanobis,Tx1,0.95,101.28740662463956,100,7,93,0.07,28.80635639210155,107.77216029291398
fft:hos,relation_shrinkage_mahalanobis,Tx2,0.95,101.28740662463956,100,8,92,0.08,182.47925821760637,181.17361078661935
fft:hos,relation_shrinkage_mahalanobis,Tx3,0.95,101.28740662463956,100,11,89,0.11,34.418405561955936,133.95302762228474
fft:hos,relation_shrinkage_mahalanobis,Tx4,0.95,101.28740662463956,100,6,94,0.06,26.3925562479546,107.57557300387208
fft:hos,relation_shrinkage_mahalanobis,Tx1,0.97,155.0702554771672,100,2,98,0.02,28.80635639210155,107.77216029291398
fft:hos,relation_shrinkage_mahalanobis,Tx2,0.97,155.0702554771672,100,6,94,0.06,182.47925821760637,181.17361078661935
fft:hos,relation_shrinkage_mahalanobis,Tx3,0.97,155.0702554771672,100,3,97,0.03,34.418405561955936,133.95302762228474
fft:hos,relation_shrinkage_mahalanobis,Tx4,0.97,155.0702554771672,100,3,97,0.03,26.3925562479546,107.57557300387208
fft:bispectrum,relation_zdist,Tx1,0.9,2.043713523185407,100,16,84,0.16,1.0939604241429455,3.130349027577964
fft:bispectrum,relation_zdist,Tx2,0.9,2.043713523185407,100,6,94,0.06,0.7884108199724902,2.0913739242116325
fft:bispectrum,relation_zdist,Tx3,0.9,2.043713523185407,100,17,83,0.17,1.267178739557386,3.2455890958273264
fft:bispectrum,relation_zdist,Tx4,0.9,2.043713523185407,100,11,89,0.11,0.9768606849577794,3.2829282368532353
fft:bispectrum,relation_zdist,Tx1,0.95,2.89980018129885,100,6,94,0.06,1.0939604241429455,3.130349027577964
fft:bispectrum,relation_zdist,Tx2,0.95,2.89980018129885,100,4,96,0.04,0.7884108199724902,2.0913739242116325
fft:bispectrum,relation_zdist,Tx3,0.95,2.89980018129885,100,9,91,0.09,1.267178739557386,3.2455890958273264
fft:bispectrum,relation_zdist,Tx4,0.95,2.89980018129885,100,6,94,0.06,0.9768606849577794,3.2829282368532353
fft:bispectrum,relation_zdist,Tx1,0.97,3.5467309140418726,100,3,97,0.03,1.0939604241429455,3.130349027577964
fft:bispectrum,relation_zdist,Tx2,0.97,3.5467309140418726,100,3,97,0.03,0.7884108199724902,2.0913739242116325
fft:bispectrum,relation_zdist,Tx3,0.97,3.5467309140418726,100,5,95,0.05,1.267178739557386,3.2455890958273264
fft:bispectrum,relation_zdist,Tx4,0.97,3.5467309140418726,100,2,98,0.02,0.9768606849577794,3.2829282368532353
fft:bispectrum,relation_pca_residual,Tx1,0.9,0.4501783491402545,100,13,87,0.13,0.24711199547155296,0.768322408136161
fft:bispectrum,relation_pca_residual,Tx2,0.9,0.4501783491402545,100,10,90,0.1,0.24021183240567312,0.6458689419149086
fft:bispectrum,relation_pca_residual,Tx3,0.9,0.4501783491402545,100,17,83,0.17,0.3208046709255761,0.856433606867867
fft:bispectrum,relation_pca_residual,Tx4,0.9,0.4501783491402545,100,18,82,0.18,0.2647613643872603,0.7875241048035153
fft:bispectrum,relation_pca_residual,Tx1,0.95,0.6185320215563623,100,8,92,0.08,0.24711199547155296,0.768322408136161
fft:bispectrum,relation_pca_residual,Tx2,0.95,0.6185320215563623,100,6,94,0.06,0.24021183240567312,0.6458689419149086
fft:bispectrum,relation_pca_residual,Tx3,0.95,0.6185320215563623,100,9,91,0.09,0.3208046709255761,0.856433606867867
fft:bispectrum,relation_pca_residual,Tx4,0.95,0.6185320215563623,100,9,91,0.09,0.2647613643872603,0.7875241048035153
fft:bispectrum,relation_pca_residual,Tx1,0.97,0.8031086578136295,100,5,95,0.05,0.24711199547155296,0.768322408136161
fft:bispectrum,relation_pca_residual,Tx2,0.97,0.8031086578136295,100,4,96,0.04,0.24021183240567312,0.6458689419149086
fft:bispectrum,relation_pca_residual,Tx3,0.97,0.8031086578136295,100,6,94,0.06,0.3208046709255761,0.856433606867867
fft:bispectrum,relation_pca_residual,Tx4,0.97,0.8031086578136295,100,5,95,0.05,0.2647613643872603,0.7875241048035153
fft:bispectrum,relation_shrinkage_mahalanobis,Tx1,0.9,60.08302058831787,100,15,85,0.15,33.45163760825213,97.30629604173501
fft:bispectrum,relation_shrinkage_mahalanobis,Tx2,0.9,60.08302058831787,100,7,93,0.07,26.762778639329618,67.5965633086378
fft:bispectrum,relation_shrinkage_mahalanobis,Tx3,0.9,60.08302058831787,100,17,83,0.17,39.89766325524015,106.3180919353372
fft:bispectrum,relation_shrinkage_mahalanobis,Tx4,0.9,60.08302058831787,100,14,86,0.14,32.2353223155853,90.2591295547465
fft:bispectrum,relation_shrinkage_mahalanobis,Tx1,0.95,85.05613122491536,100,8,92,0.08,33.45163760825213,97.30629604173501
fft:bispectrum,relation_shrinkage_mahalanobis,Tx2,0.95,85.05613122491536,100,3,97,0.03,26.762778639329618,67.5965633086378
fft:bispectrum,relation_shrinkage_mahalanobis,Tx3,0.95,85.05613122491536,100,9,91,0.09,39.89766325524015,106.3180919353372
fft:bispectrum,relation_shrinkage_mahalanobis,Tx4,0.95,85.05613122491536,100,8,92,0.08,32.2353223155853,90.2591295547465
fft:bispectrum,relation_shrinkage_mahalanobis,Tx1,0.97,96.38759512776033,100,6,94,0.06,33.45163760825213,97.30629604173501
fft:bispectrum,relation_shrinkage_mahalanobis,Tx2,0.97,96.38759512776033,100,3,97,0.03,26.762778639329618,67.5965633086378
fft:bispectrum,relation_shrinkage_mahalanobis,Tx3,0.97,96.38759512776033,100,8,92,0.08,39.89766325524015,106.3180919353372
fft:bispectrum,relation_shrinkage_mahalanobis,Tx4,0.97,96.38759512776033,100,4,96,0.04,32.2353223155853,90.2591295547465
stft:cepstral,relation_zdist,Tx1,0.9,1.92956104963088,100,10,90,0.1,1.019626109757004,2.6779497697198016
stft:cepstral,relation_zdist,Tx2,0.9,1.92956104963088,100,8,92,0.08,0.9925799992749614,3.5016849204856064
stft:cepstral,relation_zdist,Tx3,0.9,1.92956104963088,100,14,86,0.14,1.1299791621387303,2.8184698869014486
stft:cepstral,relation_zdist,Tx4,0.9,1.92956104963088,100,14,86,0.14,1.0864395337408808,3.144294238999939
stft:cepstral,relation_zdist,Tx1,0.95,2.8199275898247547,100,4,96,0.04,1.019626109757004,2.6779497697198016
stft:cepstral,relation_zdist,Tx2,0.95,2.8199275898247547,100,7,93,0.07,0.9925799992749614,3.5016849204856064
stft:cepstral,relation_zdist,Tx3,0.95,2.8199275898247547,100,5,95,0.05,1.1299791621387303,2.8184698869014486
stft:cepstral,relation_zdist,Tx4,0.95,2.8199275898247547,100,7,93,0.07,1.0864395337408808,3.144294238999939
stft:cepstral,relation_zdist,Tx1,0.97,3.4101179701647344,100,4,96,0.04,1.019626109757004,2.6779497697198016
stft:cepstral,relation_zdist,Tx2,0.97,3.4101179701647344,100,6,94,0.06,0.9925799992749614,3.5016849204856064
stft:cepstral,relation_zdist,Tx3,0.97,3.4101179701647344,100,2,98,0.02,1.1299791621387303,2.8184698869014486
stft:cepstral,relation_zdist,Tx4,0.97,3.4101179701647344,100,4,96,0.04,1.0864395337408808,3.144294238999939
stft:cepstral,relation_pca_residual,Tx1,0.9,0.46980827836852923,100,11,89,0.11,0.26708638033624066,0.728842776594165
stft:cepstral,relation_pca_residual,Tx2,0.9,0.46980827836852923,100,11,89,0.11,0.31126713812187673,1.1652575708350819
stft:cepstral,relation_pca_residual,Tx3,0.9,0.46980827836852923,100,12,88,0.12,0.28970648629629536,0.6786761007767965
stft:cepstral,relation_pca_residual,Tx4,0.9,0.46980827836852923,100,18,82,0.18,0.3326966155137617,0.9126249776939936
stft:cepstral,relation_pca_residual,Tx1,0.95,0.6385099790935146,100,8,92,0.08,0.26708638033624066,0.728842776594165
stft:cepstral,relation_pca_residual,Tx2,0.95,0.6385099790935146,100,8,92,0.08,0.31126713812187673,1.1652575708350819
stft:cepstral,relation_pca_residual,Tx3,0.95,0.6385099790935146,100,6,94,0.06,0.28970648629629536,0.6786761007767965
stft:cepstral,relation_pca_residual,Tx4,0.95,0.6385099790935146,100,8,92,0.08,0.3326966155137617,0.9126249776939936
stft:cepstral,relation_pca_residual,Tx1,0.97,0.7944430858464294,100,3,97,0.03,0.26708638033624066,0.728842776594165
stft:cepstral,relation_pca_residual,Tx2,0.97,0.7944430858464294,100,6,94,0.06,0.31126713812187673,1.1652575708350819
stft:cepstral,relation_pca_residual,Tx3,0.97,0.7944430858464294,100,4,96,0.04,0.28970648629629536,0.6786761007767965
stft:cepstral,relation_pca_residual,Tx4,0.97,0.7944430858464294,100,6,94,0.06,0.3326966155137617,0.9126249776939936
stft:cepstral,relation_shrinkage_mahalanobis,Tx1,0.9,55.885869326046794,100,12,88,0.12,31.99677905642359,80.67337118551374
stft:cepstral,relation_shrinkage_mahalanobis,Tx2,0.9,55.885869326046794,100,8,92,0.08,33.16733028830336,114.11013508557626
stft:cepstral,relation_shrinkage_mahalanobis,Tx3,0.9,55.885869326046794,100,11,89,0.11,34.64557926084292,77.40317986646035
stft:cepstral,relation_shrinkage_mahalanobis,Tx4,0.9,55.885869326046794,100,15,85,0.15,35.597443921972925,93.4611614536077
stft:cepstral,relation_shrinkage_mahalanobis,Tx1,0.95,77.628686610331,100,6,94,0.06,31.99677905642359,80.67337118551374
stft:cepstral,relation_shrinkage_mahalanobis,Tx2,0.95,77.628686610331,100,8,92,0.08,33.16733028830336,114.11013508557626
stft:cepstral,relation_shrinkage_mahalanobis,Tx3,0.95,77.628686610331,100,5,95,0.05,34.64557926084292,77.40317986646035
stft:cepstral,relation_shrinkage_mahalanobis,Tx4,0.95,77.628686610331,100,8,92,0.08,35.597443921972925,93.4611614536077
stft:cepstral,relation_shrinkage_mahalanobis,Tx1,0.97,99.22776411077541,100,2,98,0.02,31.99677905642359,80.67337118551374
stft:cepstral,relation_shrinkage_mahalanobis,Tx2,0.97,99.22776411077541,100,7,93,0.07,33.16733028830336,114.11013508557626
stft:cepstral,relation_shrinkage_mahalanobis,Tx3,0.97,99.22776411077541,100,3,97,0.03,34.64557926084292,77.40317986646035
stft:cepstral,relation_shrinkage_mahalanobis,Tx4,0.97,99.22776411077541,100,5,95,0.05,35.597443921972925,93.4611614536077
stft:cyclo,relation_zdist,Tx1,0.9,2.0520781025747747,100,12,88,0.12,1.0998901299032002,3.1300950729122548
stft:cyclo,relation_zdist,Tx2,0.9,2.0520781025747747,100,17,83,0.17,1.095796452891004,2.86159163598666
stft:cyclo,relation_zdist,Tx3,0.9,2.0520781025747747,100,18,82,0.18,1.1925607511622056,3.9105267235740793
stft:cyclo,relation_zdist,Tx4,0.9,2.0520781025747747,100,14,86,0.14,1.1178886885481767,3.1920649456963406
stft:cyclo,relation_zdist,Tx1,0.95,2.8849678618451953,100,8,92,0.08,1.0998901299032002,3.1300950729122548
stft:cyclo,relation_zdist,Tx2,0.95,2.8849678618451953,100,5,95,0.05,1.095796452891004,2.86159163598666
stft:cyclo,relation_zdist,Tx3,0.95,2.8849678618451953,100,8,92,0.08,1.1925607511622056,3.9105267235740793
stft:cyclo,relation_zdist,Tx4,0.95,2.8849678618451953,100,7,93,0.07,1.1178886885481767,3.1920649456963406
stft:cyclo,relation_zdist,Tx1,0.97,3.5091568362235575,100,4,96,0.04,1.0998901299032002,3.1300950729122548
stft:cyclo,relation_zdist,Tx2,0.97,3.5091568362235575,100,4,96,0.04,1.095796452891004,2.86159163598666
stft:cyclo,relation_zdist,Tx3,0.97,3.5091568362235575,100,6,94,0.06,1.1925607511622056,3.9105267235740793
stft:cyclo,relation_zdist,Tx4,0.97,3.5091568362235575,100,5,95,0.05,1.1178886885481767,3.1920649456963406
stft:cyclo,relation_pca_residual,Tx1,0.9,0.4773622754266231,100,10,90,0.1,0.2681409264079732,0.6966431319293093
stft:cyclo,relation_pca_residual,Tx2,0.9,0.4773622754266231,100,15,85,0.15,0.29754756271288696,1.0499980038380117
stft:cyclo,relation_pca_residual,Tx3,0.9,0.4773622754266231,100,7,93,0.07,0.25595052106873245,0.6492141840196421
stft:cyclo,relation_pca_residual,Tx4,0.9,0.4773622754266231,100,11,89,0.11,0.2593399951228031,0.6062466285515106
stft:cyclo,relation_pca_residual,Tx1,0.95,0.6778706871049216,100,7,93,0.07,0.2681409264079732,0.6966431319293093
stft:cyclo,relation_pca_residual,Tx2,0.95,0.6778706871049216,100,11,89,0.11,0.29754756271288696,1.0499980038380117
stft:cyclo,relation_pca_residual,Tx3,0.95,0.6778706871049216,100,5,95,0.05,0.25595052106873245,0.6492141840196421
stft:cyclo,relation_pca_residual,Tx4,0.95,0.6778706871049216,100,4,96,0.04,0.2593399951228031,0.6062466285515106
stft:cyclo,relation_pca_residual,Tx1,0.97,0.8788204568320652,100,5,95,0.05,0.2681409264079732,0.6966431319293093
stft:cyclo,relation_pca_residual,Tx2,0.97,0.8788204568320652,100,9,91,0.09,0.29754756271288696,1.0499980038380117
stft:cyclo,relation_pca_residual,Tx3,0.97,0.8788204568320652,100,4,96,0.04,0.25595052106873245,0.6492141840196421
stft:cyclo,relation_pca_residual,Tx4,0.97,0.8788204568320652,100,2,98,0.02,0.2593399951228031,0.6062466285515106
stft:cyclo,relation_shrinkage_mahalanobis,Tx1,0.9,62.30557266412475,100,11,89,0.11,33.97671439248497,93.6996634689039
stft:cyclo,relation_shrinkage_mahalanobis,Tx2,0.9,62.30557266412475,100,17,83,0.17,36.08767578509899,108.25608961550579
stft:cyclo,relation_shrinkage_mahalanobis,Tx3,0.9,62.30557266412475,100,9,91,0.09,36.11356065019464,117.36056551867611
stft:cyclo,relation_shrinkage_mahalanobis,Tx4,0.9,62.30557266412475,100,13,87,0.13,34.557055111508205,99.45052079915753
stft:cyclo,relation_shrinkage_mahalanobis,Tx1,0.95,81.7619454540481,100,7,93,0.07,33.97671439248497,93.6996634689039
stft:cyclo,relation_shrinkage_mahalanobis,Tx2,0.95,81.7619454540481,100,10,90,0.1,36.08767578509899,108.25608961550579
stft:cyclo,relation_shrinkage_mahalanobis,Tx3,0.95,81.7619454540481,100,8,92,0.08,36.11356065019464,117.36056551867611
stft:cyclo,relation_shrinkage_mahalanobis,Tx4,0.95,81.7619454540481,100,8,92,0.08,34.557055111508205,99.45052079915753
stft:cyclo,relation_shrinkage_mahalanobis,Tx1,0.97,105.0580960591599,100,4,96,0.04,33.97671439248497,93.6996634689039
stft:cyclo,relation_shrinkage_mahalanobis,Tx2,0.97,105.0580960591599,100,6,94,0.06,36.08767578509899,108.25608961550579
stft:cyclo,relation_shrinkage_mahalanobis,Tx3,0.97,105.0580960591599,100,7,93,0.07,36.11356065019464,117.36056551867611
stft:cyclo,relation_shrinkage_mahalanobis,Tx4,0.97,105.0580960591599,100,5,95,0.05,34.557055111508205,99.45052079915753
stft:hos,relation_zdist,Tx1,0.9,1.6276006144220496,100,13,87,0.13,1.0433829791129343,3.391238391140282
stft:hos,relation_zdist,Tx2,0.9,1.6276006144220496,100,12,88,0.12,4.402006221137304,5.409610882104769
stft:hos,relation_zdist,Tx3,0.9,1.6276006144220496,100,15,85,0.15,0.9343004641080715,2.5489170436271293
stft:hos,relation_zdist,Tx4,0.9,1.6276006144220496,100,12,88,0.12,1.0504174190429523,2.045586056527777
stft:hos,relation_zdist,Tx1,0.95,2.493525653430587,100,9,91,0.09,1.0433829791129343,3.391238391140282
stft:hos,relation_zdist,Tx2,0.95,2.493525653430587,100,9,91,0.09,4.402006221137304,5.409610882104769
stft:hos,relation_zdist,Tx3,0.95,2.493525653430587,100,6,94,0.06,0.9343004641080715,2.5489170436271293
stft:hos,relation_zdist,Tx4,0.95,2.493525653430587,100,4,96,0.04,1.0504174190429523,2.045586056527777
stft:hos,relation_zdist,Tx1,0.97,3.0880686855223605,100,7,93,0.07,1.0433829791129343,3.391238391140282
stft:hos,relation_zdist,Tx2,0.97,3.0880686855223605,100,8,92,0.08,4.402006221137304,5.409610882104769
stft:hos,relation_zdist,Tx3,0.97,3.0880686855223605,100,4,96,0.04,0.9343004641080715,2.5489170436271293
stft:hos,relation_zdist,Tx4,0.97,3.0880686855223605,100,4,96,0.04,1.0504174190429523,2.045586056527777
stft:hos,relation_pca_residual,Tx1,0.9,0.4170987399362155,100,15,85,0.15,0.26580139253908064,0.9298487863674961
stft:hos,relation_pca_residual,Tx2,0.9,0.4170987399362155,100,12,88,0.12,2.224963260999946,1.0727232804810765
stft:hos,relation_pca_residual,Tx3,0.9,0.4170987399362155,100,12,88,0.12,0.24590280057743233,0.7502387286638137
stft:hos,relation_pca_residual,Tx4,0.9,0.4170987399362155,100,16,84,0.16,0.34487265122136485,0.8146347186276583
stft:hos,relation_pca_residual,Tx1,0.95,0.6492593935665539,100,7,93,0.07,0.26580139253908064,0.9298487863674961
stft:hos,relation_pca_residual,Tx2,0.95,0.6492593935665539,100,9,91,0.09,2.224963260999946,1.0727232804810765
stft:hos,relation_pca_residual,Tx3,0.95,0.6492593935665539,100,8,92,0.08,0.24590280057743233,0.7502387286638137
stft:hos,relation_pca_residual,Tx4,0.95,0.6492593935665539,100,7,93,0.07,0.34487265122136485,0.8146347186276583
stft:hos,relation_pca_residual,Tx1,0.97,0.8446106636553576,100,6,94,0.06,0.26580139253908064,0.9298487863674961
stft:hos,relation_pca_residual,Tx2,0.97,0.8446106636553576,100,7,93,0.07,2.224963260999946,1.0727232804810765
stft:hos,relation_pca_residual,Tx3,0.97,0.8446106636553576,100,5,95,0.05,0.24590280057743233,0.7502387286638137
stft:hos,relation_pca_residual,Tx4,0.97,0.8446106636553576,100,5,95,0.05,0.34487265122136485,0.8146347186276583
stft:hos,relation_shrinkage_mahalanobis,Tx1,0.9,53.249631472249305,100,12,88,0.12,35.06441263300633,101.4043948816395
stft:hos,relation_shrinkage_mahalanobis,Tx2,0.9,53.249631472249305,100,13,87,0.13,178.9786430707258,136.60590242574622
stft:hos,relation_shrinkage_mahalanobis,Tx3,0.9,53.249631472249305,100,13,87,0.13,30.533674592567714,85.873855107118
stft:hos,relation_shrinkage_mahalanobis,Tx4,0.9,53.249631472249305,100,10,90,0.1,37.78230355491213,76.06084057704396
stft:hos,relation_shrinkage_mahalanobis,Tx1,0.95,77.21710194320207,100,9,91,0.09,35.06441263300633,101.4043948816395
stft:hos,relation_shrinkage_mahalanobis,Tx2,0.95,77.21710194320207,100,10,90,0.1,178.9786430707258,136.60590242574622
stft:hos,relation_shrinkage_mahalanobis,Tx3,0.95,77.21710194320207,100,7,93,0.07,30.533674592567714,85.873855107118
stft:hos,relation_shrinkage_mahalanobis,Tx4,0.95,77.21710194320207,100,5,95,0.05,37.78230355491213,76.06084057704396
stft:hos,relation_shrinkage_mahalanobis,Tx1,0.97,101.74496773634453,100,4,96,0.04,35.06441263300633,101.4043948816395
stft:hos,relation_shrinkage_mahalanobis,Tx2,0.97,101.74496773634453,100,8,92,0.08,178.9786430707258,136.60590242574622
stft:hos,relation_shrinkage_mahalanobis,Tx3,0.97,101.74496773634453,100,4,96,0.04,30.533674592567714,85.873855107118
stft:hos,relation_shrinkage_mahalanobis,Tx4,0.97,101.74496773634453,100,4,96,0.04,37.78230355491213,76.06084057704396
stft:bispectrum,relation_zdist,Tx1,0.9,1.886367739131954,100,13,87,0.13,1.1116092395665091,3.01021992513385
stft:bispectrum,relation_zdist,Tx2,0.9,1.886367739131954,100,9,91,0.09,0.895109057582074,2.2178008825986155
stft:bispectrum,relation_zdist,Tx3,0.9,1.886367739131954,100,13,87,0.13,1.0992315832121102,2.432517862249065
stft:bispectrum,relation_zdist,Tx4,0.9,1.886367739131954,100,15,85,0.15,1.1236555849870262,3.1454174379579674
stft:bispectrum,relation_zdist,Tx1,0.95,2.547634762995872,100,6,94,0.06,1.1116092395665091,3.01021992513385
stft:bispectrum,relation_zdist,Tx2,0.95,2.547634762995872,100,3,97,0.03,0.895109057582074,2.2178008825986155
stft:bispectrum,relation_zdist,Tx3,0.95,2.547634762995872,100,5,95,0.05,1.0992315832121102,2.432517862249065
stft:bispectrum,relation_zdist,Tx4,0.95,2.547634762995872,100,7,93,0.07,1.1236555849870262,3.1454174379579674
stft:bispectrum,relation_zdist,Tx1,0.97,3.116676650261073,100,4,96,0.04,1.1116092395665091,3.01021992513385
stft:bispectrum,relation_zdist,Tx2,0.97,3.116676650261073,100,2,98,0.02,0.895109057582074,2.2178008825986155
stft:bispectrum,relation_zdist,Tx3,0.97,3.116676650261073,100,4,96,0.04,1.0992315832121102,2.432517862249065
stft:bispectrum,relation_zdist,Tx4,0.97,3.116676650261073,100,6,94,0.06,1.1236555849870262,3.1454174379579674
stft:bispectrum,relation_pca_residual,Tx1,0.9,0.34273991539550924,100,12,88,0.12,0.22726566975906265,0.5870993966631552
stft:bispectrum,relation_pca_residual,Tx2,0.9,0.34273991539550924,100,11,89,0.11,0.17475450817046917,0.39826561988104436
stft:bispectrum,relation_pca_residual,Tx3,0.9,0.34273991539550924,100,11,89,0.11,0.19755215461284417,0.5004644115479189
stft:bispectrum,relation_pca_residual,Tx4,0.9,0.34273991539550924,100,9,91,0.09,0.18131535608146765,0.3918671081810357
stft:bispectrum,relation_pca_residual,Tx1,0.95,0.4743519131042914,100,8,92,0.08,0.22726566975906265,0.5870993966631552
stft:bispectrum,relation_pca_residual,Tx2,0.95,0.4743519131042914,100,3,97,0.03,0.17475450817046917,0.39826561988104436
stft:bispectrum,relation_pca_residual,Tx3,0.95,0.4743519131042914,100,6,94,0.06,0.19755215461284417,0.5004644115479189
stft:bispectrum,relation_pca_residual,Tx4,0.95,0.4743519131042914,100,2,98,0.02,0.18131535608146765,0.3918671081810357
stft:bispectrum,relation_pca_residual,Tx1,0.97,0.5627186995681015,100,6,94,0.06,0.22726566975906265,0.5870993966631552
stft:bispectrum,relation_pca_residual,Tx2,0.97,0.5627186995681015,100,3,97,0.03,0.17475450817046917,0.39826561988104436
stft:bispectrum,relation_pca_residual,Tx3,0.97,0.5627186995681015,100,3,97,0.03,0.19755215461284417,0.5004644115479189
stft:bispectrum,relation_pca_residual,Tx4,0.97,0.5627186995681015,100,2,98,0.02,0.18131535608146765,0.3918671081810357
stft:bispectrum,relation_shrinkage_mahalanobis,Tx1,0.9,55.3842520181155,100,11,89,0.11,36.029908773093695,92.88928371330822
stft:bispectrum,relation_shrinkage_mahalanobis,Tx2,0.9,55.3842520181155,100,7,93,0.07,28.294999280744356,69.99523792719154
stft:bispectrum,relation_shrinkage_mahalanobis,Tx3,0.9,55.3842520181155,100,10,90,0.1,33.22526280552861,63.39139216196819
stft:bispectrum,relation_shrinkage_mahalanobis,Tx4,0.9,55.3842520181155,100,14,86,0.14,33.24577230763596,79.52497576129865
stft:bispectrum,relation_shrinkage_mahalanobis,Tx1,0.95,69.47914793192683,100,8,92,0.08,36.029908773093695,92.88928371330822
stft:bispectrum,relation_shrinkage_mahalanobis,Tx2,0.95,69.47914793192683,100,6,94,0.06,28.294999280744356,69.99523792719154
stft:bispectrum,relation_shrinkage_mahalanobis,Tx3,0.95,69.47914793192683,100,4,96,0.04,33.22526280552861,63.39139216196819
stft:bispectrum,relation_shrinkage_mahalanobis,Tx4,0.95,69.47914793192683,100,7,93,0.07,33.24577230763596,79.52497576129865
stft:bispectrum,relation_shrinkage_mahalanobis,Tx1,0.97,83.45687836261301,100,7,93,0.07,36.029908773093695,92.88928371330822
stft:bispectrum,relation_shrinkage_mahalanobis,Tx2,0.97,83.45687836261301,100,4,96,0.04,28.294999280744356,69.99523792719154
stft:bispectrum,relation_shrinkage_mahalanobis,Tx3,0.97,83.45687836261301,100,3,97,0.03,33.22526280552861,63.39139216196819
stft:bispectrum,relation_shrinkage_mahalanobis,Tx4,0.97,83.45687836261301,100,5,95,0.05,33.24577230763596,79.52497576129865
cepstral:cyclo,relation_zdist,Tx1,0.9,1.8496335124428347,100,13,87,0.13,0.9787682205735814,3.4051543158342694
cepstral:cyclo,relation_zdist,Tx2,0.9,1.8496335124428347,100,13,87,0.13,1.184263110405958,4.616070090853209
cepstral:cyclo,relation_zdist,Tx3,0.9,1.8496335124428347,100,16,84,0.16,1.2474511696137869,3.7060015584147923
cepstral:cyclo,relation_zdist,Tx4,0.9,1.8496335124428347,100,12,88,0.12,0.9444095629222318,2.9162792926232237
cepstral:cyclo,relation_zdist,Tx1,0.95,2.8488795839930425,100,6,94,0.06,0.9787682205735814,3.4051543158342694
cepstral:cyclo,relation_zdist,Tx2,0.95,2.8488795839930425,100,10,90,0.1,1.184263110405958,4.616070090853209
cepstral:cyclo,relation_zdist,Tx3,0.95,2.8488795839930425,100,10,90,0.1,1.2474511696137869,3.7060015584147923
cepstral:cyclo,relation_zdist,Tx4,0.95,2.8488795839930425,100,6,94,0.06,0.9444095629222318,2.9162792926232237
cepstral:cyclo,relation_zdist,Tx1,0.97,4.01129010556476,100,4,96,0.04,0.9787682205735814,3.4051543158342694
cepstral:cyclo,relation_zdist,Tx2,0.97,4.01129010556476,100,7,93,0.07,1.184263110405958,4.616070090853209
cepstral:cyclo,relation_zdist,Tx3,0.97,4.01129010556476,100,4,96,0.04,1.2474511696137869,3.7060015584147923
cepstral:cyclo,relation_zdist,Tx4,0.97,4.01129010556476,100,3,97,0.03,0.9444095629222318,2.9162792926232237
cepstral:cyclo,relation_pca_residual,Tx1,0.9,0.3716775618222994,100,10,90,0.1,0.24048968980642613,0.54410784567243
cepstral:cyclo,relation_pca_residual,Tx2,0.9,0.3716775618222994,100,20,80,0.2,0.24830257782857734,0.865223480550511
cepstral:cyclo,relation_pca_residual,Tx3,0.9,0.3716775618222994,100,11,89,0.11,0.2265627905715456,0.7945098802260138
cepstral:cyclo,relation_pca_residual,Tx4,0.9,0.3716775618222994,100,12,88,0.12,0.2355602500319448,0.6927953046590681
cepstral:cyclo,relation_pca_residual,Tx1,0.95,0.506703872028394,100,8,92,0.08,0.24048968980642613,0.54410784567243
cepstral:cyclo,relation_pca_residual,Tx2,0.95,0.506703872028394,100,11,89,0.11,0.24830257782857734,0.865223480550511
cepstral:cyclo,relation_pca_residual,Tx3,0.95,0.506703872028394,100,9,91,0.09,0.2265627905715456,0.7945098802260138
cepstral:cyclo,relation_pca_residual,Tx4,0.95,0.506703872028394,100,9,91,0.09,0.2355602500319448,0.6927953046590681
cepstral:cyclo,relation_pca_residual,Tx1,0.97,0.6835613261167567,100,4,96,0.04,0.24048968980642613,0.54410784567243
cepstral:cyclo,relation_pca_residual,Tx2,0.97,0.6835613261167567,100,8,92,0.08,0.24830257782857734,0.865223480550511
cepstral:cyclo,relation_pca_residual,Tx3,0.97,0.6835613261167567,100,7,93,0.07,0.2265627905715456,0.7945098802260138
cepstral:cyclo,relation_pca_residual,Tx4,0.97,0.6835613261167567,100,5,95,0.05,0.2355602500319448,0.6927953046590681
cepstral:cyclo,relation_shrinkage_mahalanobis,Tx1,0.9,56.12965577261204,100,13,87,0.13,34.721756743043805,92.62754119815344
cepstral:cyclo,relation_shrinkage_mahalanobis,Tx2,0.9,56.12965577261204,100,15,85,0.15,37.91831126290158,130.12211903761582
cepstral:cyclo,relation_shrinkage_mahalanobis,Tx3,0.9,56.12965577261204,100,14,86,0.14,36.74181913688673,108.14472511702242
cepstral:cyclo,relation_shrinkage_mahalanobis,Tx4,0.9,56.12965577261204,100,12,88,0.12,33.708405169092586,91.67743998439805
cepstral:cyclo,relation_shrinkage_mahalanobis,Tx1,0.95,79.93668230501399,100,7,93,0.07,34.721756743043805,92.62754119815344
cepstral:cyclo,relation_shrinkage_mahalanobis,Tx2,0.95,79.93668230501399,100,12,88,0.12,37.91831126290158,130.12211903761582
cepstral:cyclo,relation_shrinkage_mahalanobis,Tx3,0.95,79.93668230501399,100,8,92,0.08,36.74181913688673,108.14472511702242
cepstral:cyclo,relation_shrinkage_mahalanobis,Tx4,0.95,79.93668230501399,100,8,92,0.08,33.708405169092586,91.67743998439805
cepstral:cyclo,relation_shrinkage_mahalanobis,Tx1,0.97,116.83902678091121,100,3,97,0.03,34.721756743043805,92.62754119815344
cepstral:cyclo,relation_shrinkage_mahalanobis,Tx2,0.97,116.83902678091121,100,8,92,0.08,37.91831126290158,130.12211903761582
cepstral:cyclo,relation_shrinkage_mahalanobis,Tx3,0.97,116.83902678091121,100,5,95,0.05,36.74181913688673,108.14472511702242
cepstral:cyclo,relation_shrinkage_mahalanobis,Tx4,0.97,116.83902678091121,100,3,97,0.03,33.708405169092586,91.67743998439805
cepstral:hos,relation_zdist,Tx1,0.9,1.829745123999965,100,12,88,0.12,1.098148527550211,4.023727186108155
cepstral:hos,relation_zdist,Tx2,0.9,1.829745123999965,100,13,87,0.13,4.50881268144172,3.568654748419479
cepstral:hos,relation_zdist,Tx3,0.9,1.829745123999965,100,15,85,0.15,1.108855227294392,4.532436823443828
cepstral:hos,relation_zdist,Tx4,0.9,1.829745123999965,100,9,91,0.09,0.7719572591856353,2.726580739537883
cepstral:hos,relation_zdist,Tx1,0.95,2.9414227977641665,100,7,93,0.07,1.098148527550211,4.023727186108155
cepstral:hos,relation_zdist,Tx2,0.95,2.9414227977641665,100,7,93,0.07,4.50881268144172,3.568654748419479
cepstral:hos,relation_zdist,Tx3,0.95,2.9414227977641665,100,10,90,0.1,1.108855227294392,4.532436823443828
cepstral:hos,relation_zdist,Tx4,0.95,2.9414227977641665,100,5,95,0.05,0.7719572591856353,2.726580739537883
cepstral:hos,relation_zdist,Tx1,0.97,4.187676959309559,100,5,95,0.05,1.098148527550211,4.023727186108155
cepstral:hos,relation_zdist,Tx2,0.97,4.187676959309559,100,5,95,0.05,4.50881268144172,3.568654748419479
cepstral:hos,relation_zdist,Tx3,0.97,4.187676959309559,100,7,93,0.07,1.108855227294392,4.532436823443828
cepstral:hos,relation_zdist,Tx4,0.97,4.187676959309559,100,2,98,0.02,0.7719572591856353,2.726580739537883
cepstral:hos,relation_pca_residual,Tx1,0.9,0.34932676496286086,100,14,86,0.14,0.21181131831343283,0.5782354424391337
cepstral:hos,relation_pca_residual,Tx2,0.9,0.34932676496286086,100,15,85,0.15,1.1217923843594564,0.9357722837499598
cepstral:hos,relation_pca_residual,Tx3,0.9,0.34932676496286086,100,20,80,0.2,0.26076251387685934,1.1605320360014217
cepstral:hos,relation_pca_residual,Tx4,0.9,0.34932676496286086,100,8,92,0.08,0.15558412749149816,0.47079083737031097
cepstral:hos,relation_pca_residual,Tx1,0.95,0.5752099613195969,100,5,95,0.05,0.21181131831343283,0.5782354424391337
cepstral:hos,relation_pca_residual,Tx2,0.95,0.5752099613195969,100,9,91,0.09,1.1217923843594564,0.9357722837499598
cepstral:hos,relation_pca_residual,Tx3,0.95,0.5752099613195969,100,11,89,0.11,0.26076251387685934,1.1605320360014217
cepstral:hos,relation_pca_residual,Tx4,0.95,0.5752099613195969,100,3,97,0.03,0.15558412749149816,0.47079083737031097
cepstral:hos,relation_pca_residual,Tx1,0.97,0.8567595057506269,100,3,97,0.03,0.21181131831343283,0.5782354424391337
cepstral:hos,relation_pca_residual,Tx2,0.97,0.8567595057506269,100,6,94,0.06,1.1217923843594564,0.9357722837499598
cepstral:hos,relation_pca_residual,Tx3,0.97,0.8567595057506269,100,8,92,0.08,0.26076251387685934,1.1605320360014217
cepstral:hos,relation_pca_residual,Tx4,0.97,0.8567595057506269,100,2,98,0.02,0.15558412749149816,0.47079083737031097
cepstral:hos,relation_shrinkage_mahalanobis,Tx1,0.9,58.94193645874158,100,14,86,0.14,35.7095281410173,121.44167551162603
cepstral:hos,relation_shrinkage_mahalanobis,Tx2,0.9,58.94193645874158,100,13,87,0.13,179.37420024304413,153.37581044311978
cepstral:hos,relation_shrinkage_mahalanobis,Tx3,0.9,58.94193645874158,100,15,85,0.15,37.01981593923482,160.89912864789977
cepstral:hos,relation_shrinkage_mahalanobis,Tx4,0.9,58.94193645874158,100,9,91,0.09,26.296060702162983,88.32503032486557
cepstral:hos,relation_shrinkage_mahalanobis,Tx1,0.95,89.71407663654449,100,9,91,0.09,35.7095281410173,121.44167551162603
cepstral:hos,relation_shrinkage_mahalanobis,Tx2,0.95,89.71407663654449,100,7,93,0.07,179.37420024304413,153.37581044311978
cepstral:hos,relation_shrinkage_mahalanobis,Tx3,0.95,89.71407663654449,100,10,90,0.1,37.01981593923482,160.89912864789977
cepstral:hos,relation_shrinkage_mahalanobis,Tx4,0.95,89.71407663654449,100,5,95,0.05,26.296060702162983,88.32503032486557
cepstral:hos,relation_shrinkage_mahalanobis,Tx1,0.97,132.18140409809982,100,3,97,0.03,35.7095281410173,121.44167551162603
cepstral:hos,relation_shrinkage_mahalanobis,Tx2,0.97,132.18140409809982,100,6,94,0.06,179.37420024304413,153.37581044311978
cepstral:hos,relation_shrinkage_mahalanobis,Tx3,0.97,132.18140409809982,100,7,93,0.07,37.01981593923482,160.89912864789977
cepstral:hos,relation_shrinkage_mahalanobis,Tx4,0.97,132.18140409809982,100,3,97,0.03,26.296060702162983,88.32503032486557
cepstral:bispectrum,relation_zdist,Tx1,0.9,1.835513369772032,100,11,89,0.11,0.9633586132002644,2.8016902540664184
cepstral:bispectrum,relation_zdist,Tx2,0.9,1.835513369772032,100,11,89,0.11,0.893317837414837,2.2953236252990896
cepstral:bispectrum,relation_zdist,Tx3,0.9,1.835513369772032,100,19,81,0.19,1.22799484094312,3.111178691460348
cepstral:bispectrum,relation_zdist,Tx4,0.9,1.835513369772032,100,11,89,0.11,0.957012786937918,2.5352780888813835
cepstral:bispectrum,relation_zdist,Tx1,0.95,2.5388703496979015,100,6,94,0.06,0.9633586132002644,2.8016902540664184
cepstral:bispectrum,relation_zdist,Tx2,0.95,2.5388703496979015,100,5,95,0.05,0.893317837414837,2.2953236252990896
cepstral:bispectrum,relation_zdist,Tx3,0.95,2.5388703496979015,100,9,91,0.09,1.22799484094312,3.111178691460348
cepstral:bispectrum,relation_zdist,Tx4,0.95,2.5388703496979015,100,5,95,0.05,0.957012786937918,2.5352780888813835
cepstral:bispectrum,relation_zdist,Tx1,0.97,3.049620867168058,100,2,98,0.02,0.9633586132002644,2.8016902540664184
cepstral:bispectrum,relation_zdist,Tx2,0.97,3.049620867168058,100,2,98,0.02,0.893317837414837,2.2953236252990896
cepstral:bispectrum,relation_zdist,Tx3,0.97,3.049620867168058,100,6,94,0.06,1.22799484094312,3.111178691460348
cepstral:bispectrum,relation_zdist,Tx4,0.97,3.049620867168058,100,2,98,0.02,0.957012786937918,2.5352780888813835
cepstral:bispectrum,relation_pca_residual,Tx1,0.9,0.47362115997333265,100,13,87,0.13,0.2586086226664356,0.6700030303673058
cepstral:bispectrum,relation_pca_residual,Tx2,0.9,0.47362115997333265,100,8,92,0.08,0.21051418541833342,0.499581753567468
cepstral:bispectrum,relation_pca_residual,Tx3,0.9,0.47362115997333265,100,15,85,0.15,0.28924248210269143,0.6663464618076325
cepstral:bispectrum,relation_pca_residual,Tx4,0.9,0.47362115997333265,100,8,92,0.08,0.2258109775443257,0.5628959459377222
cepstral:bispectrum,relation_pca_residual,Tx1,0.95,0.6369346091712649,100,6,94,0.06,0.2586086226664356,0.6700030303673058
cepstral:bispectrum,relation_pca_residual,Tx2,0.95,0.6369346091712649,100,2,98,0.02,0.21051418541833342,0.499581753567468
cepstral:bispectrum,relation_pca_residual,Tx3,0.95,0.6369346091712649,100,6,94,0.06,0.28924248210269143,0.6663464618076325
cepstral:bispectrum,relation_pca_residual,Tx4,0.95,0.6369346091712649,100,5,95,0.05,0.2258109775443257,0.5628959459377222
cepstral:bispectrum,relation_pca_residual,Tx1,0.97,0.7866605322247634,100,2,98,0.02,0.2586086226664356,0.6700030303673058
cepstral:bispectrum,relation_pca_residual,Tx2,0.97,0.7866605322247634,100,2,98,0.02,0.21051418541833342,0.499581753567468
cepstral:bispectrum,relation_pca_residual,Tx3,0.97,0.7866605322247634,100,3,97,0.03,0.28924248210269143,0.6663464618076325
cepstral:bispectrum,relation_pca_residual,Tx4,0.97,0.7866605322247634,100,2,98,0.02,0.2258109775443257,0.5628959459377222
cepstral:bispectrum,relation_shrinkage_mahalanobis,Tx1,0.9,59.14532074119399,100,9,91,0.09,31.294818567026866,79.3093542443827
cepstral:bispectrum,relation_shrinkage_mahalanobis,Tx2,0.9,59.14532074119399,100,7,93,0.07,28.497481085670135,61.821826523044116
cepstral:bispectrum,relation_shrinkage_mahalanobis,Tx3,0.9,59.14532074119399,100,17,83,0.17,38.11685272832174,83.96663478500842
cepstral:bispectrum,relation_shrinkage_mahalanobis,Tx4,0.9,59.14532074119399,100,11,89,0.11,30.339702173221994,70.520811984304
cepstral:bispectrum,relation_shrinkage_mahalanobis,Tx1,0.95,73.3546784773545,100,7,93,0.07,31.294818567026866,79.3093542443827
cepstral:bispectrum,relation_shrinkage_mahalanobis,Tx2,0.95,73.3546784773545,100,5,95,0.05,28.497481085670135,61.821826523044116
cepstral:bispectrum,relation_shrinkage_mahalanobis,Tx3,0.95,73.3546784773545,100,9,91,0.09,38.11685272832174,83.96663478500842
cepstral:bispectrum,relation_shrinkage_mahalanobis,Tx4,0.95,73.3546784773545,100,5,95,0.05,30.339702173221994,70.520811984304
cepstral:bispectrum,relation_shrinkage_mahalanobis,Tx1,0.97,88.41495886627162,100,4,96,0.04,31.294818567026866,79.3093542443827
cepstral:bispectrum,relation_shrinkage_mahalanobis,Tx2,0.97,88.41495886627162,100,4,96,0.04,28.497481085670135,61.821826523044116
cepstral:bispectrum,relation_shrinkage_mahalanobis,Tx3,0.97,88.41495886627162,100,5,95,0.05,38.11685272832174,83.96663478500842
cepstral:bispectrum,relation_shrinkage_mahalanobis,Tx4,0.97,88.41495886627162,100,2,98,0.02,30.339702173221994,70.520811984304
cyclo:hos,relation_zdist,Tx1,0.9,1.493024602614412,100,12,88,0.12,1.1330320536835055,2.931581729007479
cyclo:hos,relation_zdist,Tx2,0.9,1.493024602614412,100,14,86,0.14,3.7280490648906226,4.809278621444355
cyclo:hos,relation_zdist,Tx3,0.9,1.493024602614412,100,16,84,0.16,1.1261999220150027,3.772413688867486
cyclo:hos,relation_zdist,Tx4,0.9,1.493024602614412,100,9,91,0.09,1.0312764663231697,3.009032894089568
cyclo:hos,relation_zdist,Tx1,0.95,2.6035657709201057,100,6,94,0.06,1.1330320536835055,2.931581729007479
cyclo:hos,relation_zdist,Tx2,0.95,2.6035657709201057,100,9,91,0.09,3.7280490648906226,4.809278621444355
cyclo:hos,relation_zdist,Tx3,0.95,2.6035657709201057,100,9,91,0.09,1.1261999220150027,3.772413688867486
cyclo:hos,relation_zdist,Tx4,0.95,2.6035657709201057,100,6,94,0.06,1.0312764663231697,3.009032894089568
cyclo:hos,relation_zdist,Tx1,0.97,3.6881482355376023,100,4,96,0.04,1.1330320536835055,2.931581729007479
cyclo:hos,relation_zdist,Tx2,0.97,3.6881482355376023,100,9,91,0.09,3.7280490648906226,4.809278621444355
cyclo:hos,relation_zdist,Tx3,0.97,3.6881482355376023,100,6,94,0.06,1.1261999220150027,3.772413688867486
cyclo:hos,relation_zdist,Tx4,0.97,3.6881482355376023,100,5,95,0.05,1.0312764663231697,3.009032894089568
cyclo:hos,relation_pca_residual,Tx1,0.9,0.2844396986916884,100,12,88,0.12,0.21300897859313903,0.5519806787202487
cyclo:hos,relation_pca_residual,Tx2,0.9,0.2844396986916884,100,14,86,0.14,0.6593808111430564,1.321408230681941
cyclo:hos,relation_pca_residual,Tx3,0.9,0.2844396986916884,100,15,85,0.15,0.23869655792245545,0.45956138749008735
cyclo:hos,relation_pca_residual,Tx4,0.9,0.2844396986916884,100,8,92,0.08,0.16452849428273317,0.43627224295420064
cyclo:hos,relation_pca_residual,Tx1,0.95,0.4640809446295599,100,9,91,0.09,0.21300897859313903,0.5519806787202487
cyclo:hos,relation_pca_residual,Tx2,0.95,0.4640809446295599,100,10,90,0.1,0.6593808111430564,1.321408230681941
cyclo:hos,relation_pca_residual,Tx3,0.95,0.4640809446295599,100,5,95,0.05,0.23869655792245545,0.45956138749008735
cyclo:hos,relation_pca_residual,Tx4,0.95,0.4640809446295599,100,5,95,0.05,0.16452849428273317,0.43627224295420064
cyclo:hos,relation_pca_residual,Tx1,0.97,0.6574854297878643,100,4,96,0.04,0.21300897859313903,0.5519806787202487
cyclo:hos,relation_pca_residual,Tx2,0.97,0.6574854297878643,100,9,91,0.09,0.6593808111430564,1.321408230681941
cyclo:hos,relation_pca_residual,Tx3,0.97,0.6574854297878643,100,3,97,0.03,0.23869655792245545,0.45956138749008735
cyclo:hos,relation_pca_residual,Tx4,0.97,0.6574854297878643,100,4,96,0.04,0.16452849428273317,0.43627224295420064
cyclo:hos,relation_shrinkage_mahalanobis,Tx1,0.9,52.151156734737704,100,13,87,0.13,42.6520835368805,95.7637674678083
cyclo:hos,relation_shrinkage_mahalanobis,Tx2,0.9,52.151156734737704,100,15,85,0.15,140.2442270429179,193.08544548913585
cyclo:hos,relation_shrinkage_mahalanobis,Tx3,0.9,52.151156734737704,100,15,85,0.15,39.35293785709622,104.19493944548542
cyclo:hos,relation_shrinkage_mahalanobis,Tx4,0.9,52.151156734737704,100,8,92,0.08,36.17732097600247,92.6785270741854
cyclo:hos,relation_shrinkage_mahalanobis,Tx1,0.95,82.8617858153869,100,7,93,0.07,42.6520835368805,95.7637674678083
cyclo:hos,relation_shrinkage_mahalanobis,Tx2,0.95,82.8617858153869,100,10,90,0.1,140.2442270429179,193.08544548913585
cyclo:hos,relation_shrinkage_mahalanobis,Tx3,0.95,82.8617858153869,100,8,92,0.08,39.35293785709622,104.19493944548542
cyclo:hos,relation_shrinkage_mahalanobis,Tx4,0.95,82.8617858153869,100,6,94,0.06,36.17732097600247,92.6785270741854
cyclo:hos,relation_shrinkage_mahalanobis,Tx1,0.97,131.5134614050348,100,4,96,0.04,42.6520835368805,95.7637674678083
cyclo:hos,relation_shrinkage_mahalanobis,Tx2,0.97,131.5134614050348,100,8,92,0.08,140.2442270429179,193.08544548913585
cyclo:hos,relation_shrinkage_mahalanobis,Tx3,0.97,131.5134614050348,100,3,97,0.03,39.35293785709622,104.19493944548542
cyclo:hos,relation_shrinkage_mahalanobis,Tx4,0.97,131.5134614050348,100,5,95,0.05,36.17732097600247,92.6785270741854
cyclo:bispectrum,relation_zdist,Tx1,0.9,1.9015061276445309,100,12,88,0.12,1.0825986931273608,3.0046280978547384
cyclo:bispectrum,relation_zdist,Tx2,0.9,1.9015061276445309,100,10,90,0.1,1.0251832467827946,2.8475319640004244
cyclo:bispectrum,relation_zdist,Tx3,0.9,1.9015061276445309,100,19,81,0.19,1.2128974742766794,4.402368953933505
cyclo:bispectrum,relation_zdist,Tx4,0.9,1.9015061276445309,100,8,92,0.08,0.9213153432068055,2.1658240887332965
cyclo:bispectrum,relation_zdist,Tx1,0.95,2.5791134136256177,100,6,94,0.06,1.0825986931273608,3.0046280978547384
cyclo:bispectrum,relation_zdist,Tx2,0.95,2.5791134136256177,100,8,92,0.08,1.0251832467827946,2.8475319640004244
cyclo:bispectrum,relation_zdist,Tx3,0.95,2.5791134136256177,100,12,88,0.12,1.2128974742766794,4.402368953933505
cyclo:bispectrum,relation_zdist,Tx4,0.95,2.5791134136256177,100,4,96,0.04,0.9213153432068055,2.1658240887332965
cyclo:bispectrum,relation_zdist,Tx1,0.97,3.4491963821918787,100,5,95,0.05,1.0825986931273608,3.0046280978547384
cyclo:bispectrum,relation_zdist,Tx2,0.97,3.4491963821918787,100,4,96,0.04,1.0251832467827946,2.8475319640004244
cyclo:bispectrum,relation_zdist,Tx3,0.97,3.4491963821918787,100,7,93,0.07,1.2128974742766794,4.402368953933505
cyclo:bispectrum,relation_zdist,Tx4,0.97,3.4491963821918787,100,3,97,0.03,0.9213153432068055,2.1658240887332965
cyclo:bispectrum,relation_pca_residual,Tx1,0.9,0.4426406138552952,100,16,84,0.16,0.2809341167284729,0.8947311151278573
cyclo:bispectrum,relation_pca_residual,Tx2,0.9,0.4426406138552952,100,16,84,0.16,0.2685562402569861,0.8572528432039324
cyclo:bispectrum,relation_pca_residual,Tx3,0.9,0.4426406138552952,100,18,82,0.18,0.2720392807167713,0.7367637536831982
cyclo:bispectrum,relation_pca_residual,Tx4,0.9,0.4426406138552952,100,13,87,0.13,0.24870643011498406,0.56662701901828
cyclo:bispectrum,relation_pca_residual,Tx1,0.95,0.613404857778232,100,9,91,0.09,0.2809341167284729,0.8947311151278573
cyclo:bispectrum,relation_pca_residual,Tx2,0.95,0.613404857778232,100,9,91,0.09,0.2685562402569861,0.8572528432039324
cyclo:bispectrum,relation_pca_residual,Tx3,0.95,0.613404857778232,100,8,92,0.08,0.2720392807167713,0.7367637536831982
cyclo:bispectrum,relation_pca_residual,Tx4,0.95,0.613404857778232,100,4,96,0.04,0.24870643011498406,0.56662701901828
cyclo:bispectrum,relation_pca_residual,Tx1,0.97,0.7596502380849091,100,6,94,0.06,0.2809341167284729,0.8947311151278573
cyclo:bispectrum,relation_pca_residual,Tx2,0.97,0.7596502380849091,100,8,92,0.08,0.2685562402569861,0.8572528432039324
cyclo:bispectrum,relation_pca_residual,Tx3,0.97,0.7596502380849091,100,5,95,0.05,0.2720392807167713,0.7367637536831982
cyclo:bispectrum,relation_pca_residual,Tx4,0.97,0.7596502380849091,100,3,97,0.03,0.24870643011498406,0.56662701901828
cyclo:bispectrum,relation_shrinkage_mahalanobis,Tx1,0.9,57.85353518599842,100,13,87,0.13,35.25976101750413,105.81781257206171
cyclo:bispectrum,relation_shrinkage_mahalanobis,Tx2,0.9,57.85353518599842,100,10,90,0.1,33.28641687199881,101.03864195903115
cyclo:bispectrum,relation_shrinkage_mahalanobis,Tx3,0.9,57.85353518599842,100,18,82,0.18,37.43526357393798,127.55954361566437
cyclo:bispectrum,relation_shrinkage_mahalanobis,Tx4,0.9,57.85353518599842,100,8,92,0.08,30.32024896634562,74.26504426731307
cyclo:bispectrum,relation_shrinkage_mahalanobis,Tx1,0.95,77.0420552383221,100,7,93,0.07,35.25976101750413,105.81781257206171
cyclo:bispectrum,relation_shrinkage_mahalanobis,Tx2,0.95,77.0420552383221,100,8,92,0.08,33.28641687199881,101.03864195903115
cyclo:bispectrum,relation_shrinkage_mahalanobis,Tx3,0.95,77.0420552383221,100,10,90,0.1,37.43526357393798,127.55954361566437
cyclo:bispectrum,relation_shrinkage_mahalanobis,Tx4,0.95,77.0420552383221,100,4,96,0.04,30.32024896634562,74.26504426731307
cyclo:bispectrum,relation_shrinkage_mahalanobis,Tx1,0.97,96.26634005791772,100,7,93,0.07,35.25976101750413,105.81781257206171
cyclo:bispectrum,relation_shrinkage_mahalanobis,Tx2,0.97,96.26634005791772,100,6,94,0.06,33.28641687199881,101.03864195903115
cyclo:bispectrum,relation_shrinkage_mahalanobis,Tx3,0.97,96.26634005791772,100,7,93,0.07,37.43526357393798,127.55954361566437
cyclo:bispectrum,relation_shrinkage_mahalanobis,Tx4,0.97,96.26634005791772,100,3,97,0.03,30.32024896634562,74.26504426731307
hos:bispectrum,relation_zdist,Tx1,0.9,1.5314055545680527,100,15,85,0.15,0.9067210173326381,2.5182088328765144
hos:bispectrum,relation_zdist,Tx2,0.9,1.5314055545680527,100,12,88,0.12,1.7208993150714194,3.3538044478775553
hos:bispectrum,relation_zdist,Tx3,0.9,1.5314055545680527,100,20,80,0.2,1.002630519220162,3.1024596412968326
hos:bispectrum,relation_zdist,Tx4,0.9,1.5314055545680527,100,9,91,0.09,0.7490705603922345,2.104105911045147
hos:bispectrum,relation_zdist,Tx1,0.95,2.460808834982242,100,6,94,0.06,0.9067210173326381,2.5182088328765144
hos:bispectrum,relation_zdist,Tx2,0.95,2.460808834982242,100,9,91,0.09,1.7208993150714194,3.3538044478775553
hos:bispectrum,relation_zdist,Tx3,0.95,2.460808834982242,100,9,91,0.09,1.002630519220162,3.1024596412968326
hos:bispectrum,relation_zdist,Tx4,0.95,2.460808834982242,100,4,96,0.04,0.7490705603922345,2.104105911045147
hos:bispectrum,relation_zdist,Tx1,0.97,3.2114894969386616,100,4,96,0.04,0.9067210173326381,2.5182088328765144
hos:bispectrum,relation_zdist,Tx2,0.97,3.2114894969386616,100,6,94,0.06,1.7208993150714194,3.3538044478775553
hos:bispectrum,relation_zdist,Tx3,0.97,3.2114894969386616,100,4,96,0.04,1.002630519220162,3.1024596412968326
hos:bispectrum,relation_zdist,Tx4,0.97,3.2114894969386616,100,2,98,0.02,0.7490705603922345,2.104105911045147
hos:bispectrum,relation_pca_residual,Tx1,0.9,0.39658656186792784,100,19,81,0.19,0.2895075878282424,0.8019844697591041
hos:bispectrum,relation_pca_residual,Tx2,0.9,0.39658656186792784,100,9,91,0.09,0.4967603022880326,0.5711080834058732
hos:bispectrum,relation_pca_residual,Tx3,0.9,0.39658656186792784,100,19,81,0.19,0.29452736757939446,0.9899293542552711
hos:bispectrum,relation_pca_residual,Tx4,0.9,0.39658656186792784,100,12,88,0.12,0.2510429729577931,0.5458379521614144
hos:bispectrum,relation_pca_residual,Tx1,0.95,0.5576687592741576,100,12,88,0.12,0.2895075878282424,0.8019844697591041
hos:bispectrum,relation_pca_residual,Tx2,0.95,0.5576687592741576,100,5,95,0.05,0.4967603022880326,0.5711080834058732
hos:bispectrum,relation_pca_residual,Tx3,0.95,0.5576687592741576,100,12,88,0.12,0.29452736757939446,0.9899293542552711
hos:bispectrum,relation_pca_residual,Tx4,0.95,0.5576687592741576,100,5,95,0.05,0.2510429729577931,0.5458379521614144
hos:bispectrum,relation_pca_residual,Tx1,0.97,0.6996640127757568,100,7,93,0.07,0.2895075878282424,0.8019844697591041
hos:bispectrum,relation_pca_residual,Tx2,0.97,0.6996640127757568,100,5,95,0.05,0.4967603022880326,0.5711080834058732
hos:bispectrum,relation_pca_residual,Tx3,0.97,0.6996640127757568,100,10,90,0.1,0.29452736757939446,0.9899293542552711
hos:bispectrum,relation_pca_residual,Tx4,0.97,0.6996640127757568,100,5,95,0.05,0.2510429729577931,0.5458379521614144
hos:bispectrum,relation_shrinkage_mahalanobis,Tx1,0.9,51.87319792712842,100,13,87,0.13,33.201418737670004,95.58486298269771
hos:bispectrum,relation_shrinkage_mahalanobis,Tx2,0.9,51.87319792712842,100,10,90,0.1,66.61614579630027,105.11064126557085
hos:bispectrum,relation_shrinkage_mahalanobis,Tx3,0.9,51.87319792712842,100,19,81,0.19,36.05641882308525,116.2508966323605
hos:bispectrum,relation_shrinkage_mahalanobis,Tx4,0.9,51.87319792712842,100,9,91,0.09,28.098821669920362,78.56381969282215
hos:bispectrum,relation_shrinkage_mahalanobis,Tx1,0.95,78.07019528297093,100,8,92,0.08,33.201418737670004,95.58486298269771
hos:bispectrum,relation_shrinkage_mahalanobis,Tx2,0.95,78.07019528297093,100,7,93,0.07,66.61614579630027,105.11064126557085
hos:bispectrum,relation_shrinkage_mahalanobis,Tx3,0.95,78.07019528297093,100,11,89,0.11,36.05641882308525,116.2508966323605
hos:bispectrum,relation_shrinkage_mahalanobis,Tx4,0.95,78.07019528297093,100,5,95,0.05,28.098821669920362,78.56381969282215
hos:bispectrum,relation_shrinkage_mahalanobis,Tx1,0.97,98.80286484603302,100,4,96,0.04,33.201418737670004,95.58486298269771
hos:bispectrum,relation_shrinkage_mahalanobis,Tx2,0.97,98.80286484603302,100,6,94,0.06,66.61614579630027,105.11064126557085
hos:bispectrum,relation_shrinkage_mahalanobis,Tx3,0.97,98.80286484603302,100,6,94,0.06,36.05641882308525,116.2508966323605
hos:bispectrum,relation_shrinkage_mahalanobis,Tx4,0.97,98.80286484603302,100,5,95,0.05,28.098821669920362,78.56381969282215
