pair,method,tx,threshold_quantile,threshold,auc,accuracy,precision,recall,f1,tp,tn,fp,fn
iq:ap,relation_zdist,Tx5,0.9,2.130124398019035,0.43903,0.4477777777777778,0.5151515151515151,0.102,0.1702838063439065,51,352,48,449
iq:ap,relation_zdist,Tx6,0.9,2.130124398019035,0.466385,0.4588888888888889,0.5596330275229358,0.122,0.20032840722495893,61,352,48,439
iq:ap,relation_zdist,Tx7,0.9,2.130124398019035,0.444875,0.4577777777777778,0.5555555555555556,0.12,0.19736842105263158,60,352,48,440
iq:ap,relation_zdist,Tx8,0.9,2.130124398019035,0.503125,0.4311111111111111,0.42857142857142855,0.072,0.1232876712328767,36,352,48,464
iq:ap,relation_zdist,Tx5,0.95,4.106689245609339,0.43903,0.45111111111111113,0.5555555555555556,0.06,0.10830324909747291,30,376,24,470
iq:ap,relation_zdist,Tx6,0.95,4.106689245609339,0.466385,0.4533333333333333,0.5714285714285714,0.064,0.11510791366906473,32,376,24,468
iq:ap,relation_zdist,Tx7,0.95,4.106689245609339,0.444875,0.4533333333333333,0.5714285714285714,0.064,0.11510791366906473,32,376,24,468
iq:ap,relation_zdist,Tx8,0.95,4.106689245609339,0.503125,0.43333333333333335,0.3684210526315789,0.028,0.05204460966542751,14,376,24,486
iq:ap,relation_zdist,Tx5,0.97,5.932951303866707,0.43903,0.45555555555555555,0.6666666666666666,0.04,0.07547169811320754,20,390,10,480
iq:ap,relation_zdist,Tx6,0.97,5.932951303866707,0.466385,0.45444444444444443,0.6551724137931034,0.038,0.0718336483931947,19,390,10,481
iq:ap,relation_zdist,Tx7,0.97,5.932951303866707,0.444875,0.45222222222222225,0.6296296296296297,0.034,0.06451612903225806,17,390,10,483
iq:ap,relation_zdist,Tx8,0.97,5.932951303866707,0.503125,0.44,0.375,0.012,0.023255813953488375,6,390,10,494
iq:ap,relation_pca_residual,Tx5,0.9,0.30615907045470514,0.467275,0.4488888888888889,0.5169491525423728,0.122,0.19741100323624594,61,343,57,439
iq:ap,relation_pca_residual,Tx6,0.9,0.30615907045470514,0.476835,0.4633333333333333,0.5648854961832062,0.148,0.23454833597464342,74,343,57,426
iq:ap,relation_pca_residual,Tx7,0.9,0.30615907045470514,0.49901,0.45444444444444443,0.5365853658536586,0.132,0.21187800963081863,66,343,57,434
iq:ap,relation_pca_residual,Tx8,0.9,0.30615907045470514,0.53632,0.4411111111111111,0.4864864864864865,0.108,0.17675941080196397,54,343,57,446
iq:ap,relation_pca_residual,Tx5,0.95,0.6189853363617297,0.467275,0.44333333333333336,0.49122807017543857,0.056,0.10053859964093356,28,371,29,472
iq:ap,relation_pca_residual,Tx6,0.95,0.6189853363617297,0.476835,0.45111111111111113,0.546875,0.07,0.12411347517730496,35,371,29,465
iq:ap,relation_pca_residual,Tx7,0.95,0.6189853363617297,0.49901,0.4488888888888889,0.532258064516129,0.066,0.11743772241992882,33,371,29,467
iq:ap,relation_pca_residual,Tx8,0.95,0.6189853363617297,0.53632,0.43222222222222223,0.3829787234042553,0.036,0.06581352833638025,18,371,29,482
iq:ap,relation_pca_residual,Tx5,0.97,0.8432943855439698,0.467275,0.4488888888888889,0.5526315789473685,0.042,0.07806691449814127,21,383,17,479
iq:ap,relation_pca_residual,Tx6,0.97,0.8432943855439698,0.476835,0.4477777777777778,0.5405405405405406,0.04,0.07448789571694599,20,383,17,480
iq:ap,relation_pca_residual,Tx7,0.97,0.8432943855439698,0.49901,0.45444444444444443,0.6046511627906976,0.052,0.09576427255985265,26,383,17,474
iq:ap,relation_pca_residual,Tx8,0.97,0.8432943855439698,0.53632,0.4388888888888889,0.41379310344827586,0.024,0.045368620037807186,12,383,17,488
iq:ap,relation_shrinkage_mahalanobis,Tx5,0.9,68.72912858904172,0.455475,0.4477777777777778,0.5151515151515151,0.102,0.1702838063439065,51,352,48,449
iq:ap,relation_shrinkage_mahalanobis,Tx6,0.9,68.72912858904172,0.47358,0.46111111111111114,0.5675675675675675,0.126,0.20621931260229132,63,352,48,437
iq:ap,relation_shrinkage_mahalanobis,Tx7,0.9,68.72912858904172,0.483285,0.4577777777777778,0.5555555555555556,0.12,0.19736842105263158,60,352,48,440
iq:ap,relation_shrinkage_mahalanobis,Tx8,0.9,68.72912858904172,0.51997,0.4388888888888889,0.4725274725274725,0.086,0.1455160744500846,43,352,48,457
iq:ap,relation_shrinkage_mahalanobis,Tx5,0.95,117.09242606054273,0.455475,0.45,0.5409836065573771,0.066,0.11764705882352942,33,372,28,467
iq:ap,relation_shrinkage_mahalanobis,Tx6,0.95,117.09242606054273,0.47358,0.45222222222222225,0.5555555555555556,0.07,0.12433392539964477,35,372,28,465
iq:ap,relation_shrinkage_mahalanobis,Tx7,0.95,117.09242606054273,0.483285,0.45222222222222225,0.5555555555555556,0.07,0.12433392539964477,35,372,28,465
iq:ap,relation_shrinkage_mahalanobis,Tx8,0.95,117.09242606054273,0.51997,0.43333333333333335,0.391304347826087,0.036,0.06593406593406594,18,372,28,482
iq:ap,relation_shrinkage_mahalanobis,Tx5,0.97,180.3572696760587,0.455475,0.4488888888888889,0.5588235294117647,0.038,0.07116104868913857,19,385,15,481
iq:ap,relation_shrinkage_mahalanobis,Tx6,0.97,180.3572696760587,0.47358,0.4488888888888889,0.5588235294117647,0.038,0.07116104868913857,19,385,15,481
iq:ap,relation_shrinkage_mahalanobis,Tx7,0.97,180.3572696760587,0.483285,0.4488888888888889,0.5588235294117647,0.038,0.07116104868913857,19,385,15,481
iq:ap,relation_shrinkage_mahalanobis,Tx8,0.97,180.3572696760587,0.51997,0.43666666666666665,0.34782608695652173,0.016,0.030592734225621417,8,385,15,492
iq:fft,relation_zdist,Tx5,0.9,2.379679635335007,0.46555,0.45666666666666667,0.5632183908045977,0.098,0.1669505962521295,49,362,38,451
iq:fft,relation_zdist,Tx6,0.9,2.379679635335007,0.47239,0.4666666666666667,0.6041666666666666,0.116,0.19463087248322147,58,362,38,442
iq:fft,relation_zdist,Tx7,0.9,2.379679635335007,0.472565,0.4577777777777778,0.5681818181818182,0.1,0.17006802721088435,50,362,38,450
iq:fft,relation_zdist,Tx8,0.9,2.379679635335007,0.49246,0.4444444444444444,0.5,0.076,0.13194444444444445,38,362,38,462
iq:fft,relation_zdist,Tx5,0.95,3.9178486152396,0.46555,0.45,0.5471698113207547,0.058,0.10488245931283906,29,376,24,471
iq:fft,relation_zdist,Tx6,0.95,3.9178486152396,0.47239,0.45222222222222225,0.5636363636363636,0.062,0.11171171171171172,31,376,24,469
iq:fft,relation_zdist,Tx7,0.95,3.9178486152396,0.472565,0.45222222222222225,0.5636363636363636,0.062,0.11171171171171172,31,376,24,469
iq:fft,relation_zdist,Tx8,0.95,3.9178486152396,0.49246,0.44,0.45454545454545453,0.04,0.07352941176470588,20,376,24,480
iq:fft,relation_zdist,Tx5,0.97,5.482439419300427,0.46555,0.45,0.5714285714285714,0.04,0.07476635514018691,20,385,15,480
iq:fft,relation_zdist,Tx6,0.97,5.482439419300427,0.47239,0.45,0.5714285714285714,0.04,0.07476635514018691,20,385,15,480
iq:fft,relation_zdist,Tx7,0.97,5.482439419300427,0.472565,0.45,0.5714285714285714,0.04,0.07476635514018691,20,385,15,480
iq:fft,relation_zdist,Tx8,0.97,5.482439419300427,0.49246,0.43777777777777777,0.375,0.018,0.034351145038167934,9,385,15,491
iq:fft,relation_pca_residual,Tx5,0.9,0.39545442255198354,0.45996,0.4533333333333333,0.5408163265306123,0.106,0.17725752508361203,53,355,45,447
iq:fft,relation_pca_residual,Tx6,0.9,0.39545442255198354,0.495235,0.45555555555555555,0.55,0.11,0.18333333333333335,55,355,45,445
iq:fft,relation_pca_residual,Tx7,0.9,0.39545442255198354,0.481245,0.4577777777777778,0.5588235294117647,0.114,0.18936877076411962,57,355,45,443
iq:fft,relation_pca_residual,Tx8,0.9,0.39545442255198354,0.520915,0.4488888888888889,0.5212765957446809,0.098,0.164983164983165,49,355,45,451
iq:fft,relation_pca_residual,Tx5,0.95,0.7317967080403935,0.45996,0.4533333333333333,0.5769230769230769,0.06,0.10869565217391303,30,378,22,470
iq:fft,relation_pca_residual,Tx6,0.95,0.7317967080403935,0.495235,0.4533333333333333,0.5769230769230769,0.06,0.10869565217391303,30,378,22,470
iq:fft,relation_pca_residual,Tx7,0.95,0.7317967080403935,0.481245,0.45111111111111113,0.56,0.056,0.10181818181818182,28,378,22,472
iq:fft,relation_pca_residual,Tx8,0.95,0.7317967080403935,0.520915,0.44555555555555554,0.5111111111111111,0.046,0.08440366972477063,23,378,22,477
iq:fft,relation_pca_residual,Tx5,0.97,0.9600496904627724,0.45996,0.45222222222222225,0.5813953488372093,0.05,0.09208103130755065,25,382,18,475
iq:fft,relation_pca_residual,Tx6,0.97,0.9600496904627724,0.495235,0.45,0.5609756097560976,0.046,0.08502772643253234,23,382,18,477
iq:fft,relation_pca_residual,Tx7,0.97,0.9600496904627724,0.481245,0.44,0.4375,0.028,0.05263157894736842,14,382,18,486
iq:fft,relation_pca_residual,Tx8,0.97,0.9600496904627724,0.520915,0.43666666666666665,0.3793103448275862,0.022,0.04158790170132325,11,382,18,489
iq:fft,relation_shrinkage_mahalanobis,Tx5,0.9,75.2717905798353,0.464105,0.45222222222222225,0.5402298850574713,0.094,0.16013628620102213,47,360,40,453
iq:fft,relation_shrinkage_mahalanobis,Tx6,0.9,75.2717905798353,0.48481,0.46111111111111114,0.5789473684210527,0.11,0.18487394957983191,55,360,40,445
iq:fft,relation_shrinkage_mahalanobis,Tx7,0.9,75.2717905798353,0.477295,0.4577777777777778,0.5652173913043478,0.104,0.17567567567567569,52,360,40,448
iq:fft,relation_shrinkage_mahalanobis,Tx8,0.9,75.2717905798353,0.51198,0.45111111111111113,0.5348837209302325,0.092,0.15699658703071673,46,360,40,454
iq:fft,relation_shrinkage_mahalanobis,Tx5,0.95,124.06520005254767,0.464105,0.4533333333333333,0.5769230769230769,0.06,0.10869565217391303,30,378,22,470
iq:fft,relation_shrinkage_mahalanobis,Tx6,0.95,124.06520005254767,0.48481,0.4533333333333333,0.5769230769230769,0.06,0.10869565217391303,30,378,22,470
iq:fft,relation_shrinkage_mahalanobis,Tx7,0.95,124.06520005254767,0.477295,0.45,0.5510204081632653,0.054,0.09836065573770492,27,378,22,473
iq:fft,relation_shrinkage_mahalanobis,Tx8,0.95,124.06520005254767,0.51198,0.44333333333333336,0.4883720930232558,0.042,0.07734806629834254,21,378,22,479
iq:fft,relation_shrinkage_mahalanobis,Tx5,0.97,165.63451854687744,0.464105,0.45444444444444443,0.6097560975609756,0.05,0.09242144177449167,25,384,16,475
iq:fft,relation_shrinkage_mahalanobis,Tx6,0.97,165.63451854687744,0.48481,0.45111111111111113,0.5789473684210527,0.044,0.08178438661710036,22,384,16,478
iq:fft,relation_shrinkage_mahalanobis,Tx7,0.97,165.63451854687744,0.477295,0.44666666666666666,0.5294117647058824,0.036,0.06741573033707864,18,384,16,482
iq:fft,relation_shrinkage_mahalanobis,Tx8,0.97,165.63451854687744,0.51198,0.4388888888888889,0.4074074074074074,0.022,0.041745730550284625,11,384,16,489
iq:stft,relation_zdist,Tx5,0.9,1.8826568895077356,0.465855,0.4533333333333333,0.54,0.108,0.18,54,354,46,446
iq:stft,relation_zdist,Tx6,0.9,1.8826568895077356,0.48813,0.45444444444444443,0.5445544554455446,0.11,0.18302828618968386,55,354,46,445
iq:stft,relation_zdist,Tx7,0.9,1.8826568895077356,0.466805,0.4444444444444444,0.5,0.092,0.1554054054054054,46,354,46,454
iq:stft,relation_zdist,Tx8,0.9,1.8826568895077356,0.4639,0.4255555555555556,0.38666666666666666,0.058,0.10086956521739131,29,354,46,471
iq:stft,relation_zdist,Tx5,0.95,3.213046393758646,0.465855,0.44222222222222224,0.48148148148148145,0.052,0.09386281588447654,26,372,28,474
iq:stft,relation_zdist,Tx6,0.95,3.213046393758646,0.48813,0.43777777777777777,0.44,0.044,0.08,22,372,28,478
iq:stft,relation_zdist,Tx7,0.95,3.213046393758646,0.466805,0.44666666666666666,0.5172413793103449,0.06,0.10752688172043011,30,372,28,470
iq:stft,relation_zdist,Tx8,0.95,3.213046393758646,0.4639,0.42777777777777776,0.3170731707317073,0.026,0.04805914972273567,13,372,28,487
iq:stft,relation_zdist,Tx5,0.97,4.179149211069135,0.465855,0.44555555555555554,0.5142857142857142,0.036,0.06728971962616823,18,383,17,482
iq:stft,relation_zdist,Tx6,0.97,4.179149211069135,0.48813,0.44222222222222224,0.46875,0.03,0.05639097744360901,15,383,17,485
iq:stft,relation_zdist,Tx7,0.97,4.179149211069135,0.466805,0.4488888888888889,0.5526315789473685,0.042,0.07806691449814127,21,383,17,479
iq:stft,relation_zdist,Tx8,0.97,4.179149211069135,0.4639,0.43555555555555553,0.34615384615384615,0.018,0.03422053231939163,9,383,17,491
iq:stft,relation_pca_residual,Tx5,0.9,0.47720453450188627,0.48947,0.4411111111111111,0.4845360824742268,0.094,0.1574539363484087,47,350,50,453
iq:stft,relation_pca_residual,Tx6,0.9,0.47720453450188627,0.49474,0.4533333333333333,0.5370370370370371,0.116,0.19078947368421054,58,350,50,442
iq:stft,relation_pca_residual,Tx7,0.9,0.47720453450188627,0.47078,0.4488888888888889,0.5192307692307693,0.108,0.17880794701986755,54,350,50,446
iq:stft,relation_pca_residual,Tx8,0.9,0.47720453450188627,0.47484,0.4311111111111111,0.4318181818181818,0.076,0.12925170068027209,38,350,50,462
iq:stft,relation_pca_residual,Tx5,0.95,0.7754129958909272,0.48947,0.4477777777777778,0.5272727272727272,0.058,0.1045045045045045,29,374,26,471
iq:stft,relation_pca_residual,Tx6,0.95,0.7754129958909272,0.49474,0.44555555555555554,0.5094339622641509,0.054,0.09764918625678118,27,374,26,473
iq:stft,relation_pca_residual,Tx7,0.95,0.7754129958909272,0.47078,0.4488888888888889,0.5357142857142857,0.06,0.10791366906474821,30,374,26,470
iq:stft,relation_pca_residual,Tx8,0.95,0.7754129958909272,0.47484,0.43444444444444447,0.3953488372093023,0.034,0.06261510128913444,17,374,26,483
iq:stft,relation_pca_residual,Tx5,0.97,1.0119307173435763,0.48947,0.44222222222222224,0.4772727272727273,0.042,0.07720588235294118,21,377,23,479
iq:stft,relation_pca_residual,Tx6,0.97,1.0119307173435763,0.49474,0.4388888888888889,0.43902439024390244,0.036,0.06654343807763402,18,377,23,482
iq:stft,relation_pca_residual,Tx7,0.97,1.0119307173435763,0.47078,0.4388888888888889,0.43902439024390244,0.036,0.06654343807763402,18,377,23,482
iq:stft,relation_pca_residual,Tx8,0.97,1.0119307173435763,0.47484,0.4311111111111111,0.3235294117647059,0.022,0.04119850187265917,11,377,23,489
iq:stft,relation_shrinkage_mahalanobis,Tx5,0.9,61.99539276017225,0.48032,0.44333333333333336,0.4945054945054945,0.09,0.15228426395939088,45,354,46,455
iq:stft,relation_shrinkage_mahalanobis,Tx6,0.9,61.99539276017225,0.4954,0.45111111111111113,0.5306122448979592,0.104,0.17391304347826086,52,354,46,448
iq:stft,relation_shrinkage_mahalanobis,Tx7,0.9,61.99539276017225,0.47245,0.4411111111111111,0.48314606741573035,0.086,0.1460101867572156,43,354,46,457
iq:stft,relation_shrinkage_mahalanobis,Tx8,0.9,61.99539276017225,0.469275,0.4211111111111111,0.352112676056338,0.05,0.08756567425569178,25,354,46,475
iq:stft,relation_shrinkage_mahalanobis,Tx5,0.95,99.32259412144003,0.48032,0.4444444444444444,0.5,0.05,0.09090909090909091,25,375,25,475
iq:stft,relation_shrinkage_mahalanobis,Tx6,0.95,99.32259412144003,0.4954,0.4411111111111111,0.46808510638297873,0.044,0.08043875685557586,22,375,25,478
iq:stft,relation_shrinkage_mahalanobis,Tx7,0.95,99.32259412144003,0.47245,0.45,0.5454545454545454,0.06,0.10810810810810809,30,375,25,470
iq:stft,relation_shrinkage_mahalanobis,Tx8,0.95,99.32259412144003,0.469275,0.4311111111111111,0.34210526315789475,0.026,0.0483271375464684,13,375,25,487
iq:stft,relation_shrinkage_mahalanobis,Tx5,0.97,121.97571586828998,0.48032,0.4444444444444444,0.5,0.038,0.07063197026022304,19,381,19,481
iq:stft,relation_shrinkage_mahalanobis,Tx6,0.97,121.97571586828998,0.4954,0.44222222222222224,0.4722222222222222,0.034,0.06343283582089553,17,381,19,483
iq:stft,relation_shrinkage_mahalanobis,Tx7,0.97,121.97571586828998,0.47245,0.45,0.5581395348837209,0.048,0.08839779005524862,24,381,19,476
iq:stft,relation_shrinkage_mahalanobis,Tx8,0.97,121.97571586828998,0.469275,0.43666666666666665,0.3870967741935484,0.024,0.04519774011299434,12,381,19,488
iq:cepstral,relation_zdist,Tx5,0.9,2.1254247967228626,0.47614,0.45555555555555555,0.55,0.11,0.18333333333333335,55,355,45,445
iq:cepstral,relation_zdist,Tx6,0.9,2.1254247967228626,0.474415,0.45666666666666667,0.5544554455445545,0.112,0.18635607321131448,56,355,45,444
iq:cepstral,relation_zdist,Tx7,0.9,2.1254247967228626,0.464885,0.4588888888888889,0.5631067961165048,0.116,0.19237147595356552,58,355,45,442
iq:cepstral,relation_zdist,Tx8,0.9,2.1254247967228626,0.46149,0.4211111111111111,0.34782608695652173,0.048,0.0843585237258348,24,355,45,476
iq:cepstral,relation_zdist,Tx5,0.95,3.563103865117415,0.47614,0.45444444444444443,0.5918367346938775,0.058,0.10564663023679417,29,380,20,471
iq:cepstral,relation_zdist,Tx6,0.95,3.563103865117415,0.474415,0.45444444444444443,0.5918367346938775,0.058,0.10564663023679417,29,380,20,471
iq:cepstral,relation_zdist,Tx7,0.95,3.563103865117415,0.464885,0.4588888888888889,0.6226415094339622,0.066,0.1193490054249548,33,380,20,467
iq:cepstral,relation_zdist,Tx8,0.95,3.563103865117415,0.46149,0.43,0.25925925925925924,0.014,0.02656546489563567,7,380,20,493
iq:cepstral,relation_zdist,Tx5,0.97,4.522341100017556,0.47614,0.45555555555555555,0.65625,0.042,0.07894736842105263,21,389,11,479
iq:cepstral,relation_zdist,Tx6,0.97,4.522341100017556,0.474415,0.45666666666666667,0.6666666666666666,0.044,0.08255159474671668,22,389,11,478
iq:cepstral,relation_zdist,Tx7,0.97,4.522341100017556,0.464885,0.45555555555555555,0.65625,0.042,0.07894736842105263,21,389,11,479
iq:cepstral,relation_zdist,Tx8,0.97,4.522341100017556,0.46149,0.44,0.3888888888888889,0.014,0.027027027027027025,7,389,11,493
iq:cepstral,relation_pca_residual,Tx5,0.9,0.4265153371270012,0.46084,0.4444444444444444,0.5,0.124,0.1987179487179487,62,338,62,438
iq:cepstral,relation_pca_residual,Tx6,0.9,0.4265153371270012,0.4863,0.4488888888888889,0.515625,0.132,0.21019108280254775,66,338,62,434
iq:cepstral,relation_pca_residual,Tx7,0.9,0.4265153371270012,0.46901,0.45,0.5193798449612403,0.134,0.21303656597774245,67,338,62,433
iq:cepstral,relation_pca_residual,Tx8,0.9,0.4265153371270012,0.47853,0.4166666666666667,0.37373737373737376,0.074,0.12353923205342236,37,338,62,463
iq:cepstral,relation_pca_residual,Tx5,0.95,0.6968600475599666,0.46084,0.44333333333333336,0.4927536231884058,0.068,0.11950790861159931,34,365,35,466
iq:cepstral,relation_pca_residual,Tx6,0.95,0.6968600475599666,0.4863,0.4444444444444444,0.5,0.07,0.12280701754385964,35,365,35,465
iq:cepstral,relation_pca_residual,Tx7,0.95,0.6968600475599666,0.46901,0.45555555555555555,0.5625,0.09,0.15517241379310345,45,365,35,455
iq:cepstral,relation_pca_residual,Tx8,0.95,0.6968600475599666,0.47853,0.4211111111111111,0.2857142857142857,0.028,0.05100182149362477,14,365,35,486
iq:cepstral,relation_pca_residual,Tx5,0.97,0.9350360409002083,0.46084,0.44555555555555554,0.5106382978723404,0.048,0.08775137111517367,24,377,23,476
iq:cepstral,relation_pca_residual,Tx6,0.97,0.9350360409002083,0.4863,0.4488888888888889,0.54,0.054,0.09818181818181818,27,377,23,473
iq:cepstral,relation_pca_residual,Tx7,0.97,0.9350360409002083,0.46901,0.45,0.5490196078431373,0.056,0.10163339382940108,28,377,23,472
iq:cepstral,relation_pca_residual,Tx8,0.97,0.9350360409002083,0.47853,0.43,0.30303030303030304,0.02,0.037523452157598496,10,377,23,490
iq:cepstral,relation_shrinkage_mahalanobis,Tx5,0.9,66.89490761068028,0.466485,0.4488888888888889,0.5185185185185185,0.112,0.18421052631578946,56,348,52,444
iq:cepstral,relation_shrinkage_mahalanobis,Tx6,0.9,66.89490761068028,0.48513,0.4588888888888889,0.5555555555555556,0.13,0.2106969205834684,65,348,52,435
iq:cepstral,relation_shrinkage_mahalanobis,Tx7,0.9,66.89490761068028,0.46836,0.46,0.559322033898305,0.132,0.21359223300970875,66,348,52,434
iq:cepstral,relation_shrinkage_mahalanobis,Tx8,0.9,66.89490761068028,0.475075,0.42,0.36585365853658536,0.06,0.10309278350515463,30,348,52,470
iq:cepstral,relation_shrinkage_mahalanobis,Tx5,0.95,108.9226418799576,0.466485,0.45222222222222225,0.5636363636363636,0.062,0.11171171171171172,31,376,24,469
iq:cepstral,relation_shrinkage_mahalanobis,Tx6,0.95,108.9226418799576,0.48513,0.45666666666666667,0.5932203389830508,0.07,0.12522361359570663,35,376,24,465
iq:cepstral,relation_shrinkage_mahalanobis,Tx7,0.95,108.9226418799576,0.46836,0.4577777777777778,0.6,0.072,0.12857142857142856,36,376,24,464
iq:cepstral,relation_shrinkage_mahalanobis,Tx8,0.95,108.9226418799576,0.475075,0.43,0.3142857142857143,0.022,0.0411214953271028,11,376,24,489
iq:cepstral,relation_shrinkage_mahalanobis,Tx5,0.97,145.92810414039465,0.466485,0.45,0.5675675675675675,0.042,0.0782122905027933,21,384,16,479
iq:cepstral,relation_shrinkage_mahalanobis,Tx6,0.97,145.92810414039465,0.48513,0.4488888888888889,0.5555555555555556,0.04,0.07462686567164178,20,384,16,480
iq:cepstral,relation_shrinkage_mahalanobis,Tx7,0.97,145.92810414039465,0.46836,0.4533333333333333,0.6,0.048,0.08888888888888888,24,384,16,476
iq:cepstral,relation_shrinkage_mahalanobis,Tx8,0.97,145.92810414039465,0.475075,0.43555555555555553,0.3333333333333333,0.016,0.030534351145038167,8,384,16,492
iq:cyclo,relation_zdist,Tx5,0.9,1.884456880611875,0.481155,0.4633333333333333,0.5752212389380531,0.13,0.21207177814029365,65,352,48,435
iq:cyclo,relation_zdist,Tx6,0.9,1.884456880611875,0.462685,0.45444444444444443,0.5428571428571428,0.114,0.1884297520661157,57,352,48,443
iq:cyclo,relation_zdist,Tx7,0.9,1.884456880611875,0.46305,0.4633333333333333,0.5752212389380531,0.13,0.21207177814029365,65,352,48,435
iq:cyclo,relation_zdist,Tx8,0.9,1.884456880611875,0.489195,0.43555555555555553,0.45454545454545453,0.08,0.13605442176870747,40,352,48,460
iq:cyclo,relation_zdist,Tx5,0.95,3.5616237402335047,0.481155,0.4622222222222222,0.625,0.08,0.14184397163120568,40,376,24,460
iq:cyclo,relation_zdist,Tx6,0.95,3.5616237402335047,0.462685,0.4411111111111111,0.4666666666666667,0.042,0.07706422018348624,21,376,24,479
iq:cyclo,relation_zdist,Tx7,0.95,3.5616237402335047,0.46305,0.4477777777777778,0.5294117647058824,0.054,0.09800362976406532,27,376,24,473
iq:cyclo,relation_zdist,Tx8,0.95,3.5616237402335047,0.489195,0.43555555555555553,0.4,0.032,0.059259259259259255,16,376,24,484
iq:cyclo,relation_zdist,Tx5,0.97,5.54886668819366,0.481155,0.45222222222222225,0.5853658536585366,0.048,0.088724584103512,24,383,17,476
iq:cyclo,relation_zdist,Tx6,0.97,5.54886668819366,0.462685,0.43555555555555553,0.34615384615384615,0.018,0.03422053231939163,9,383,17,491
iq:cyclo,relation_zdist,Tx7,0.97,5.54886668819366,0.46305,0.4411111111111111,0.45161290322580644,0.028,0.052730696798493404,14,383,17,486
iq:cyclo,relation_zdist,Tx8,0.97,5.54886668819366,0.489195,0.43222222222222223,0.2608695652173913,0.012,0.022944550669216062,6,383,17,494
iq:cyclo,relation_pca_residual,Tx5,0.9,0.3530742179908471,0.509465,0.46111111111111114,0.5641025641025641,0.132,0.21393841166936792,66,349,51,434
iq:cyclo,relation_pca_residual,Tx6,0.9,0.3530742179908471,0.48061,0.46111111111111114,0.5641025641025641,0.132,0.21393841166936792,66,349,51,434
iq:cyclo,relation_pca_residual,Tx7,0.9,0.3530742179908471,0.5002,0.4633333333333333,0.5714285714285714,0.136,0.21970920840064623,68,349,51,432
iq:cyclo,relation_pca_residual,Tx8,0.9,0.3530742179908471,0.5115,0.45,0.5233644859813084,0.112,0.18451400329489293,56,349,51,444
iq:cyclo,relation_pca_residual,Tx5,0.95,0.6212120323766998,0.509465,0.4588888888888889,0.5915492957746479,0.084,0.14711033274956217,42,371,29,458
iq:cyclo,relation_pca_residual,Tx6,0.95,0.6212120323766998,0.48061,0.45111111111111113,0.546875,0.07,0.12411347517730496,35,371,29,465
iq:cyclo,relation_pca_residual,Tx7,0.95,0.6212120323766998,0.5002,0.4444444444444444,0.5,0.058,0.1039426523297491,29,371,29,471
iq:cyclo,relation_pca_residual,Tx8,0.95,0.6212120323766998,0.5115,0.43777777777777777,0.4423076923076923,0.046,0.08333333333333333,23,371,29,477
iq:cyclo,relation_pca_residual,Tx5,0.97,0.8118056164322832,0.509465,0.45555555555555555,0.6,0.06,0.1090909090909091,30,380,20,470
iq:cyclo,relation_pca_residual,Tx6,0.97,0.8118056164322832,0.48061,0.44222222222222224,0.47368421052631576,0.036,0.06691449814126395,18,380,20,482
iq:cyclo,relation_pca_residual,Tx7,0.97,0.8118056164322832,0.5002,0.4477777777777778,0.5348837209302325,0.046,0.08471454880294658,23,380,20,477
iq:cyclo,relation_pca_residual,Tx8,0.97,0.8118056164322832,0.5115,0.44,0.4444444444444444,0.032,0.059701492537313425,16,380,20,484
iq:cyclo,relation_shrinkage_mahalanobis,Tx5,0.9,62.234535446873814,0.492925,0.4633333333333333,0.5765765765765766,0.128,0.20949263502454993,64,353,47,436
iq:cyclo,relation_shrinkage_mahalanobis,Tx6,0.9,62.234535446873814,0.470535,0.46111111111111114,0.5688073394495413,0.124,0.20361247947454844,62,353,47,438
iq:cyclo,relation_shrinkage_mahalanobis,Tx7,0.9,62.234535446873814,0.4864,0.46111111111111114,0.5688073394495413,0.124,0.20361247947454844,62,353,47,438
iq:cyclo,relation_shrinkage_mahalanobis,Tx8,0.9,62.234535446873814,0.508365,0.4411111111111111,0.4835164835164835,0.088,0.14890016920473773,44,353,47,456
iq:cyclo,relation_shrinkage_mahalanobis,Tx5,0.95,104.67712891863482,0.492925,0.4577777777777778,0.5909090909090909,0.078,0.13780918727915195,39,373,27,461
iq:cyclo,relation_shrinkage_mahalanobis,Tx6,0.95,104.67712891863482,0.470535,0.4444444444444444,0.5,0.054,0.09747292418772563,27,373,27,473
iq:cyclo,relation_shrinkage_mahalanobis,Tx7,0.95,104.67712891863482,0.4864,0.4488888888888889,0.5344827586206896,0.062,0.1111111111111111,31,373,27,469
iq:cyclo,relation_shrinkage_mahalanobis,Tx8,0.95,104.67712891863482,0.508365,0.43333333333333335,0.38636363636363635,0.034,0.0625,17,373,27,483
iq:cyclo,relation_shrinkage_mahalanobis,Tx5,0.97,153.32066322498673,0.492925,0.45555555555555555,0.6086956521739131,0.056,0.10256410256410256,28,382,18,472
iq:cyclo,relation_shrinkage_mahalanobis,Tx6,0.97,153.32066322498673,0.470535,0.4388888888888889,0.41935483870967744,0.026,0.04896421845574388,13,382,18,487
iq:cyclo,relation_shrinkage_mahalanobis,Tx7,0.97,153.32066322498673,0.4864,0.4444444444444444,0.5,0.036,0.0671641791044776,18,382,18,482
iq:cyclo,relation_shrinkage_mahalanobis,Tx8,0.97,153.32066322498673,0.508365,0.43444444444444447,0.3333333333333333,0.018,0.034155597722960146,9,382,18,491
iq:hos,relation_zdist,Tx5,0.9,1.3570076176361232,0.4664,0.45222222222222225,0.5327102803738317,0.114,0.18780889621087316,57,350,50,443
iq:hos,relation_zdist,Tx6,0.9,1.3570076176361232,0.51183,0.46444444444444444,0.576271186440678,0.136,0.22006472491909385,68,350,50,432
iq:hos,relation_zdist,Tx7,0.9,1.3570076176361232,0.492475,0.4622222222222222,0.5689655172413793,0.132,0.21428571428571427,66,350,50,434
iq:hos,relation_zdist,Tx8,0.9,1.3570076176361232,0.470465,0.4166666666666667,0.3333333333333333,0.05,0.08695652173913045,25,350,50,475
iq:hos,relation_zdist,Tx5,0.95,2.6302934789724146,0.4664,0.45111111111111113,0.56,0.056,0.10181818181818182,28,378,22,472
iq:hos,relation_zdist,Tx6,0.95,2.6302934789724146,0.51183,0.46444444444444444,0.6451612903225806,0.08,0.1423487544483986,40,378,22,460
iq:hos,relation_zdist,Tx7,0.95,2.6302934789724146,0.492475,0.45666666666666667,0.6,0.066,0.11891891891891894,33,378,22,467
iq:hos,relation_zdist,Tx8,0.95,2.6302934789724146,0.470465,0.43222222222222223,0.3333333333333333,0.022,0.04127579737335834,11,378,22,489
iq:hos,relation_zdist,Tx5,0.97,3.8858216027017867,0.4664,0.4488888888888889,0.5769230769230769,0.03,0.05703422053231939,15,389,11,485
iq:hos,relation_zdist,Tx6,0.97,3.8858216027017867,0.51183,0.45555555555555555,0.65625,0.042,0.07894736842105263,21,389,11,479
iq:hos,relation_zdist,Tx7,0.97,3.8858216027017867,0.492475,0.4488888888888889,0.5769230769230769,0.03,0.05703422053231939,15,389,11,485
iq:hos,relation_zdist,Tx8,0.97,3.8858216027017867,0.470465,0.43777777777777777,0.3125,0.01,0.01937984496124031,5,389,11,495
iq:hos,relation_pca_residual,Tx5,0.9,0.27122230606755776,0.492225,0.44666666666666666,0.5086206896551724,0.118,0.19155844155844157,59,343,57,441
iq:hos,relation_pca_residual,Tx6,0.9,0.27122230606755776,0.52198,0.45666666666666667,0.544,0.136,0.21760000000000002,68,343,57,432
iq:hos,relation_pca_residual,Tx7,0.9,0.27122230606755776,0.516735,0.4533333333333333,0.5327868852459017,0.13,0.20900321543408362,65,343,57,435
iq:hos,relation_pca_residual,Tx8,0.9,0.27122230606755776,0.481365,0.42444444444444446,0.40625,0.078,0.13087248322147652,39,343,57,461
iq:hos,relation_pca_residual,Tx5,0.95,0.5235201350132112,0.492225,0.44333333333333336,0.4897959183673469,0.048,0.08743169398907102,24,375,25,476
iq:hos,relation_pca_residual,Tx6,0.95,0.5235201350132112,0.52198,0.45666666666666667,0.5901639344262295,0.072,0.1283422459893048,36,375,25,464
iq:hos,relation_pca_residual,Tx7,0.95,0.5235201350132112,0.516735,0.45444444444444443,0.576271186440678,0.068,0.12164579606440071,34,375,25,466
iq:hos,relation_pca_residual,Tx8,0.95,0.5235201350132112,0.481365,0.43,0.32432432432432434,0.024,0.04469273743016759,12,375,25,488
iq:hos,relation_pca_residual,Tx5,0.97,0.7319963229629536,0.492225,0.44333333333333336,0.4838709677419355,0.03,0.05649717514124294,15,384,16,485
iq:hos,relation_pca_residual,Tx6,0.97,0.7319963229629536,0.52198,0.4577777777777778,0.6363636363636364,0.056,0.10294117647058824,28,384,16,472
iq:hos,relation_pca_residual,Tx7,0.97,0.7319963229629536,0.516735,0.45,0.5675675675675675,0.042,0.0782122905027933,21,384,16,479
iq:hos,relation_pca_residual,Tx8,0.97,0.7319963229629536,0.481365,0.43777777777777777,0.38461538461538464,0.02,0.03802281368821293,10,384,16,490
iq:hos,relation_shrinkage_mahalanobis,Tx5,0.9,55.77369906562888,0.48129,0.4577777777777778,0.5545454545454546,0.122,0.19999999999999998,61,351,49,439
iq:hos,relation_shrinkage_mahalanobis,Tx6,0.9,55.77369906562888,0.51487,0.4633333333333333,0.5739130434782609,0.132,0.21463414634146344,66,351,49,434
iq:hos,relation_shrinkage_mahalanobis,Tx7,0.9,55.77369906562888,0.50803,0.46,0.5625,0.126,0.20588235294117646,63,351,49,437
iq:hos,relation_shrinkage_mahalanobis,Tx8,0.9,55.77369906562888,0.48049,0.4222222222222222,0.3717948717948718,0.058,0.10034602076124567,29,351,49,471
iq:hos,relation_shrinkage_mahalanobis,Tx5,0.95,98.57860719947003,0.48129,0.45111111111111113,0.5625,0.054,0.09854014598540145,27,379,21,473
iq:hos,relation_shrinkage_mahalanobis,Tx6,0.95,98.57860719947003,0.51487,0.46555555555555556,0.6557377049180327,0.08,0.14260249554367202,40,379,21,460
iq:hos,relation_shrinkage_mahalanobis,Tx7,0.95,98.57860719947003,0.50803,0.4633333333333333,0.6440677966101694,0.076,0.13595706618962433,38,379,21,462
iq:hos,relation_shrinkage_mahalanobis,Tx8,0.95,98.57860719947003,0.48049,0.43222222222222223,0.3225806451612903,0.02,0.03766478342749529,10,379,21,490
iq:hos,relation_shrinkage_mahalanobis,Tx5,0.97,140.49170224877838,0.48129,0.4444444444444444,0.5,0.03,0.056603773584905655,15,385,15,485
iq:hos,relation_shrinkage_mahalanobis,Tx6,0.97,140.49170224877838,0.51487,0.45444444444444443,0.6153846153846154,0.048,0.08905380333951762,24,385,15,476
iq:hos,relation_shrinkage_mahalanobis,Tx7,0.97,140.49170224877838,0.50803,0.44666666666666666,0.53125,0.034,0.06390977443609024,17,385,15,483
iq:hos,relation_shrinkage_mahalanobis,Tx8,0.97,140.49170224877838,0.48049,0.43444444444444447,0.2857142857142857,0.012,0.023032629558541268,6,385,15,494
iq:bispectrum,relation_zdist,Tx5,0.9,1.9891274784653472,0.47366,0.4533333333333333,0.54,0.108,0.18,54,354,46,446
iq:bispectrum,relation_zdist,Tx6,0.9,1.9891274784653472,0.511435,0.47888888888888886,0.6260162601626016,0.154,0.24719101123595505,77,354,46,423
iq:bispectrum,relation_zdist,Tx7,0.9,1.9891274784653472,0.519295,0.4666666666666667,0.5892857142857143,0.132,0.21568627450980393,66,354,46,434
iq:bispectrum,relation_zdist,Tx8,0.9,1.9891274784653472,0.47304,0.42444444444444446,0.3783783783783784,0.056,0.0975609756097561,28,354,46,472
iq:bispectrum,relation_zdist,Tx5,0.95,3.1298265818270377,0.47366,0.45,0.5531914893617021,0.052,0.09506398537477148,26,379,21,474
iq:bispectrum,relation_zdist,Tx6,0.95,3.1298265818270377,0.511435,0.4622222222222222,0.6379310344827587,0.074,0.13261648745519714,37,379,21,463
iq:bispectrum,relation_zdist,Tx7,0.95,3.1298265818270377,0.519295,0.46555555555555556,0.6557377049180327,0.08,0.14260249554367202,40,379,21,460
iq:bispectrum,relation_zdist,Tx8,0.95,3.1298265818270377,0.47304,0.43444444444444447,0.36363636363636365,0.024,0.0450281425891182,12,379,21,488
iq:bispectrum,relation_zdist,Tx5,0.97,4.194992285257143,0.47366,0.44333333333333336,0.4827586206896552,0.028,0.05293005671077505,14,385,15,486
iq:bispectrum,relation_zdist,Tx6,0.97,4.194992285257143,0.511435,0.45222222222222225,0.5945945945945946,0.044,0.08193668528864058,22,385,15,478
iq:bispectrum,relation_zdist,Tx7,0.97,4.194992285257143,0.519295,0.46111111111111114,0.6666666666666666,0.06,0.11009174311926605,30,385,15,470
iq:bispectrum,relation_zdist,Tx8,0.97,4.194992285257143,0.47304,0.43555555555555553,0.3181818181818182,0.014,0.02681992337164751,7,385,15,493
iq:bispectrum,relation_pca_residual,Tx5,0.9,0.4434541972031054,0.484885,0.4533333333333333,0.5363636363636364,0.118,0.19344262295081968,59,349,51,441
iq:bispectrum,relation_pca_residual,Tx6,0.9,0.4434541972031054,0.52725,0.47555555555555556,0.6076923076923076,0.158,0.2507936507936508,79,349,51,421
iq:bispectrum,relation_pca_residual,Tx7,0.9,0.4434541972031054,0.555255,0.4866666666666667,0.6357142857142857,0.178,0.278125,89,349,51,411
iq:bispectrum,relation_pca_residual,Tx8,0.9,0.4434541972031054,0.47062,0.44,0.47959183673469385,0.094,0.15719063545150502,47,349,51,453
iq:bispectrum,relation_pca_residual,Tx5,0.95,0.7273210395888878,0.484885,0.4444444444444444,0.5,0.052,0.09420289855072463,26,374,26,474
iq:bispectrum,relation_pca_residual,Tx6,0.95,0.7273210395888878,0.52725,0.4622222222222222,0.6176470588235294,0.084,0.147887323943662,42,374,26,458
iq:bispectrum,relation_pca_residual,Tx7,0.95,0.7273210395888878,0.555255,0.45555555555555555,0.5806451612903226,0.072,0.12811387900355872,36,374,26,464
iq:bispectrum,relation_pca_residual,Tx8,0.95,0.7273210395888878,0.47062,0.43555555555555553,0.4090909090909091,0.036,0.0661764705882353,18,374,26,482
iq:bispectrum,relation_pca_residual,Tx5,0.97,0.9065055520334837,0.484885,0.44333333333333336,0.4878048780487805,0.04,0.07393715341959334,20,379,21,480
iq:bispectrum,relation_pca_residual,Tx6,0.97,0.9065055520334837,0.52725,0.46,0.625,0.07,0.12589928057553956,35,379,21,465
iq:bispectrum,relation_pca_residual,Tx7,0.97,0.9065055520334837,0.555255,0.4488888888888889,0.5434782608695652,0.05,0.09157509157509157,25,379,21,475
iq:bispectrum,relation_pca_residual,Tx8,0.97,0.9065055520334837,0.47062,0.43666666666666665,0.4,0.028,0.052336448598130844,14,379,21,486
iq:bispectrum,relation_shrinkage_mahalanobis,Tx5,0.9,59.3922761624666,0.47346,0.45666666666666667,0.5514018691588785,0.118,0.1943986820428336,59,352,48,441
iq:bispectrum,relation_shrinkage_mahalanobis,Tx6,0.9,59.3922761624666,0.518805,0.48,0.625,0.16,0.25477707006369427,80,352,48,420
iq:bispectrum,relation_shrinkage_mahalanobis,Tx7,0.9,59.3922761624666,0.531015,0.4722222222222222,0.6033057851239669,0.146,0.23510466988727857,73,352,48,427
iq:bispectrum,relation_shrinkage_mahalanobis,Tx8,0.9,59.3922761624666,0.47089,0.43,0.42168674698795183,0.07,0.12006861063464838,35,352,48,465
iq:bispectrum,relation_shrinkage_mahalanobis,Tx5,0.95,92.81311423103851,0.47346,0.44555555555555554,0.5102040816326531,0.05,0.09107468123861566,25,376,24,475
iq:bispectrum,relation_shrinkage_mahalanobis,Tx6,0.95,92.81311423103851,0.518805,0.46444444444444444,0.6363636363636364,0.084,0.14840989399293286,42,376,24,458
iq:bispectrum,relation_shrinkage_mahalanobis,Tx7,0.95,92.81311423103851,0.531015,0.4633333333333333,0.6307692307692307,0.082,0.14513274336283186,41,376,24,459
iq:bispectrum,relation_shrinkage_mahalanobis,Tx8,0.95,92.81311423103851,0.47089,0.43333333333333335,0.3684210526315789,0.028,0.05204460966542751,14,376,24,486
iq:bispectrum,relation_shrinkage_mahalanobis,Tx5,0.97,124.94314469834953,0.47346,0.4411111111111111,0.45714285714285713,0.032,0.059813084112149535,16,381,19,484
iq:bispectrum,relation_shrinkage_mahalanobis,Tx6,0.97,124.94314469834953,0.518805,0.4533333333333333,0.5869565217391305,0.054,0.0989010989010989,27,381,19,473
iq:bispectrum,relation_shrinkage_mahalanobis,Tx7,0.97,124.94314469834953,0.531015,0.45666666666666667,0.6122448979591837,0.06,0.10928961748633878,30,381,19,470
iq:bispectrum,relation_shrinkage_mahalanobis,Tx8,0.97,124.94314469834953,0.47089,0.43333333333333335,0.32142857142857145,0.018,0.03409090909090909,9,381,19,491
ap:fft,relation_zdist,Tx5,0.9,2.114520031301913,0.49192,0.43555555555555553,0.4583333333333333,0.088,0.14765100671140938,44,348,52,456
ap:fft,relation_zdist,Tx6,0.9,2.114520031301913,0.521745,0.4533333333333333,0.5357142857142857,0.12,0.19607843137254902,60,348,52,440
ap:fft,relation_zdist,Tx7,0.9,2.114520031301913,0.52395,0.45666666666666667,0.5478260869565217,0.126,0.20487804878048782,63,348,52,437
ap:fft,relation_zdist,Tx8,0.9,2.114520031301913,0.55036,0.4688888888888889,0.5873015873015873,0.148,0.2364217252396166,74,348,52,426
ap:fft,relation_zdist,Tx5,0.95,3.7898314459151266,0.49192,0.44555555555555554,0.5111111111111111,0.046,0.08440366972477063,23,378,22,477
ap:fft,relation_zdist,Tx6,0.95,3.7898314459151266,0.521745,0.4488888888888889,0.5416666666666666,0.052,0.09489051094890509,26,378,22,474
ap:fft,relation_zdist,Tx7,0.95,3.7898314459151266,0.52395,0.4533333333333333,0.5769230769230769,0.06,0.10869565217391303,30,378,22,470
ap:fft,relation_zdist,Tx8,0.95,3.7898314459151266,0.55036,0.4588888888888889,0.6140350877192983,0.07,0.125673249551167,35,378,22,465
ap:fft,relation_zdist,Tx5,0.97,5.091400727676678,0.49192,0.4477777777777778,0.5483870967741935,0.034,0.064030131826742,17,386,14,483
ap:fft,relation_zdist,Tx6,0.97,5.091400727676678,0.521745,0.44555555555555554,0.5172413793103449,0.03,0.05671077504725897,15,386,14,485
ap:fft,relation_zdist,Tx7,0.97,5.091400727676678,0.52395,0.45555555555555555,0.631578947368421,0.048,0.08921933085501858,24,386,14,476
ap:fft,relation_zdist,Tx8,0.97,5.091400727676678,0.55036,0.45,0.5757575757575758,0.038,0.07129455909943715,19,386,14,481
ap:fft,relation_pca_residual,Tx5,0.9,0.37295354145209697,0.46155,0.43222222222222223,0.44660194174757284,0.092,0.1525704809286899,46,343,57,454
ap:fft,relation_pca_residual,Tx6,0.9,0.37295354145209697,0.483005,0.46111111111111114,0.5581395348837209,0.144,0.22893481717011127,72,343,57,428
ap:fft,relation_pca_residual,Tx7,0.9,0.37295354145209697,0.471205,0.46,0.5546875,0.142,0.22611464968152864,71,343,57,429
ap:fft,relation_pca_residual,Tx8,0.9,0.37295354145209697,0.564645,0.46555555555555556,0.5714285714285714,0.152,0.2401263823064771,76,343,57,424
ap:fft,relation_pca_residual,Tx5,0.95,0.6032335519180534,0.46155,0.44555555555555554,0.5084745762711864,0.06,0.10733452593917708,30,371,29,470
ap:fft,relation_pca_residual,Tx6,0.95,0.6032335519180534,0.483005,0.45111111111111113,0.546875,0.07,0.12411347517730496,35,371,29,465
ap:fft,relation_pca_residual,Tx7,0.95,0.6032335519180534,0.471205,0.4688888888888889,0.6375,0.102,0.1758620689655172,51,371,29,449
ap:fft,relation_pca_residual,Tx8,0.95,0.6032335519180534,0.564645,0.4588888888888889,0.5915492957746479,0.084,0.14711033274956217,42,371,29,458
ap:fft,relation_pca_residual,Tx5,0.97,0.7976504473667376,0.46155,0.45444444444444443,0.6046511627906976,0.052,0.09576427255985265,26,383,17,474
ap:fft,relation_pca_residual,Tx6,0.97,0.7976504473667376,0.483005,0.4477777777777778,0.5405405405405406,0.04,0.07448789571694599,20,383,17,480
ap:fft,relation_pca_residual,Tx7,0.97,0.7976504473667376,0.471205,0.4633333333333333,0.6666666666666666,0.068,0.12341197822141563,34,383,17,466
ap:fft,relation_pca_residual,Tx8,0.97,0.7976504473667376,0.564645,0.45,0.5641025641025641,0.044,0.08163265306122448,22,383,17,478
ap:fft,relation_shrinkage_mahalanobis,Tx5,0.9,64.88656589292235,0.48039,0.43222222222222223,0.4444444444444444,0.088,0.14691151919866444,44,345,55,456
ap:fft,relation_shrinkage_mahalanobis,Tx6,0.9,64.88656589292235,0.51033,0.45555555555555555,0.5416666666666666,0.13,0.20967741935483872,65,345,55,435
ap:fft,relation_shrinkage_mahalanobis,Tx7,0.9,64.88656589292235,0.51152,0.4577777777777778,0.5491803278688525,0.134,0.21543408360128619,67,345,55,433
ap:fft,relation_shrinkage_mahalanobis,Tx8,0.9,64.88656589292235,0.56164,0.46444444444444444,0.5703125,0.146,0.232484076433121,73,345,55,427
ap:fft,relation_shrinkage_mahalanobis,Tx5,0.95,108.2881697119745,0.48039,0.4477777777777778,0.5306122448979592,0.052,0.09471766848816028,26,377,23,474
ap:fft,relation_shrinkage_mahalanobis,Tx6,0.95,108.2881697119745,0.51033,0.45444444444444443,0.5818181818181818,0.064,0.11531531531531532,32,377,23,468
ap:fft,relation_shrinkage_mahalanobis,Tx7,0.95,108.2881697119745,0.51152,0.45666666666666667,0.5964912280701754,0.068,0.12208258527827649,34,377,23,466
ap:fft,relation_shrinkage_mahalanobis,Tx8,0.95,108.2881697119745,0.56164,0.4588888888888889,0.6101694915254238,0.072,0.12880143112701253,36,377,23,464
ap:fft,relation_shrinkage_mahalanobis,Tx5,0.97,139.80667935286218,0.48039,0.44666666666666666,0.53125,0.034,0.06390977443609024,17,385,15,483
ap:fft,relation_shrinkage_mahalanobis,Tx6,0.97,139.80667935286218,0.51033,0.4488888888888889,0.5588235294117647,0.038,0.07116104868913857,19,385,15,481
ap:fft,relation_shrinkage_mahalanobis,Tx7,0.97,139.80667935286218,0.51152,0.4533333333333333,0.6052631578947368,0.046,0.08550185873605948,23,385,15,477
ap:fft,relation_shrinkage_mahalanobis,Tx8,0.97,139.80667935286218,0.56164,0.45111111111111113,0.5833333333333334,0.042,0.07835820895522388,21,385,15,479
ap:stft,relation_zdist,Tx5,0.9,2.004137160237371,0.48813,0.44,0.4782608695652174,0.088,0.14864864864864863,44,352,48,456
ap:stft,relation_zdist,Tx6,0.9,2.004137160237371,0.516195,0.4477777777777778,0.5151515151515151,0.102,0.1702838063439065,51,352,48,449
ap:stft,relation_zdist,Tx7,0.9,2.004137160237371,0.51334,0.44,0.4782608695652174,0.088,0.14864864864864863,44,352,48,456
ap:stft,relation_zdist,Tx8,0.9,2.004137160237371,0.496875,0.43333333333333335,0.4418604651162791,0.076,0.12969283276450513,38,352,48,462
ap:stft,relation_zdist,Tx5,0.95,2.7939325638046406,0.48813,0.4388888888888889,0.45098039215686275,0.046,0.08348457350272233,23,372,28,477
ap:stft,relation_zdist,Tx6,0.95,2.7939325638046406,0.516195,0.44333333333333336,0.4909090909090909,0.054,0.0972972972972973,27,372,28,473
ap:stft,relation_zdist,Tx7,0.95,2.7939325638046406,0.51334,0.44,0.46153846153846156,0.048,0.08695652173913043,24,372,28,476
ap:stft,relation_zdist,Tx8,0.95,2.7939325638046406,0.496875,0.43555555555555553,0.4166666666666667,0.04,0.072992700729927,20,372,28,480
ap:stft,relation_zdist,Tx5,0.97,3.7388360029562375,0.48813,0.4388888888888889,0.41935483870967744,0.026,0.04896421845574388,13,382,18,487
ap:stft,relation_zdist,Tx6,0.97,3.7388360029562375,0.516195,0.44222222222222224,0.47058823529411764,0.032,0.0599250936329588,16,382,18,484
ap:stft,relation_zdist,Tx7,0.97,3.7388360029562375,0.51334,0.44,0.4375,0.028,0.05263157894736842,14,382,18,486
ap:stft,relation_zdist,Tx8,0.97,3.7388360029562375,0.496875,0.43333333333333335,0.3076923076923077,0.016,0.030418250950570342,8,382,18,492
ap:stft,relation_pca_residual,Tx5,0.9,0.5126343577624648,0.479475,0.44222222222222224,0.4880952380952381,0.082,0.1404109589041096,41,357,43,459
ap:stft,relation_pca_residual,Tx6,0.9,0.5126343577624648,0.50019,0.45,0.5274725274725275,0.096,0.16243654822335027,48,357,43,452
ap:stft,relation_pca_residual,Tx7,0.9,0.5126343577624648,0.49244,0.46111111111111114,0.5742574257425742,0.116,0.19301164725457573,58,357,43,442
ap:stft,relation_pca_residual,Tx8,0.9,0.5126343577624648,0.500365,0.4477777777777778,0.5168539325842697,0.092,0.15619694397283532,46,357,43,454
ap:stft,relation_pca_residual,Tx5,0.95,0.7466587471913116,0.479475,0.4477777777777778,0.5365853658536586,0.044,0.08133086876155267,22,381,19,478
ap:stft,relation_pca_residual,Tx6,0.95,0.7466587471913116,0.50019,0.45111111111111113,0.5681818181818182,0.05,0.09191176470588235,25,381,19,475
ap:stft,relation_pca_residual,Tx7,0.95,0.7466587471913116,0.49244,0.45222222222222225,0.5777777777777777,0.052,0.09541284403669724,26,381,19,474
ap:stft,relation_pca_residual,Tx8,0.95,0.7466587471913116,0.500365,0.4488888888888889,0.5476190476190477,0.046,0.08487084870848709,23,381,19,477
ap:stft,relation_pca_residual,Tx5,0.97,1.0011029919847598,0.479475,0.44222222222222224,0.46153846153846156,0.024,0.045627376425855515,12,386,14,488
ap:stft,relation_pca_residual,Tx6,0.97,1.0011029919847598,0.50019,0.44555555555555554,0.5172413793103449,0.03,0.05671077504725897,15,386,14,485
ap:stft,relation_pca_residual,Tx7,0.97,1.0011029919847598,0.49244,0.45,0.5757575757575758,0.038,0.07129455909943715,19,386,14,481
ap:stft,relation_pca_residual,Tx8,0.97,1.0011029919847598,0.500365,0.4411111111111111,0.44,0.022,0.0419047619047619,11,386,14,489
ap:stft,relation_shrinkage_mahalanobis,Tx5,0.9,59.667573741026736,0.483345,0.44222222222222224,0.4891304347826087,0.09,0.152027027027027,45,353,47,455
ap:stft,relation_shrinkage_mahalanobis,Tx6,0.9,59.667573741026736,0.51269,0.45111111111111113,0.53,0.106,0.17666666666666667,53,353,47,447
ap:stft,relation_shrinkage_mahalanobis,Tx7,0.9,59.667573741026736,0.505735,0.44666666666666666,0.5104166666666666,0.098,0.1644295302013423,49,353,47,451
ap:stft,relation_shrinkage_mahalanobis,Tx8,0.9,59.667573741026736,0.50132,0.43666666666666665,0.45977011494252873,0.08,0.13628620102214653,40,353,47,460
ap:stft,relation_shrinkage_mahalanobis,Tx5,0.95,84.25862186181321,0.483345,0.4411111111111111,0.4666666666666667,0.042,0.07706422018348624,21,376,24,479
ap:stft,relation_shrinkage_mahalanobis,Tx6,0.95,84.25862186181321,0.51269,0.44666666666666666,0.52,0.052,0.09454545454545453,26,376,24,474
ap:stft,relation_shrinkage_mahalanobis,Tx7,0.95,84.25862186181321,0.505735,0.4488888888888889,0.5384615384615384,0.056,0.10144927536231883,28,376,24,472
ap:stft,relation_shrinkage_mahalanobis,Tx8,0.95,84.25862186181321,0.50132,0.44222222222222224,0.4782608695652174,0.044,0.08058608058608056,22,376,24,478
ap:stft,relation_shrinkage_mahalanobis,Tx5,0.97,101.76639795394249,0.483345,0.43666666666666665,0.4,0.028,0.052336448598130844,14,379,21,486
ap:stft,relation_shrinkage_mahalanobis,Tx6,0.97,101.76639795394249,0.51269,0.4411111111111111,0.46153846153846156,0.036,0.06679035250463822,18,379,21,482
ap:stft,relation_shrinkage_mahalanobis,Tx7,0.97,101.76639795394249,0.505735,0.44222222222222224,0.475,0.038,0.07037037037037037,19,379,21,481
ap:stft,relation_shrinkage_mahalanobis,Tx8,0.97,101.76639795394249,0.50132,0.43444444444444447,0.36363636363636365,0.024,0.0450281425891182,12,379,21,488
ap:cepstral,relation_zdist,Tx5,0.9,2.0771087939708046,0.478215,0.4388888888888889,0.4782608695652174,0.11,0.17886178861788618,55,340,60,445
ap:cepstral,relation_zdist,Tx6,0.9,2.0771087939708046,0.507365,0.44222222222222224,0.4915254237288136,0.116,0.1877022653721683,58,340,60,442
ap:cepstral,relation_zdist,Tx7,0.9,2.0771087939708046,0.49769,0.44333333333333336,0.4957983193277311,0.118,0.19063004846526654,59,340,60,441
ap:cepstral,relation_zdist,Tx8,0.9,2.0771087939708046,0.52975,0.4588888888888889,0.5488721804511278,0.146,0.2306477093206951,73,340,60,427
ap:cepstral,relation_zdist,Tx5,0.95,3.045480833461244,0.478215,0.44222222222222224,0.484375,0.062,0.10992907801418438,31,367,33,469
ap:cepstral,relation_zdist,Tx6,0.95,3.045480833461244,0.507365,0.44222222222222224,0.484375,0.062,0.10992907801418438,31,367,33,469
ap:cepstral,relation_zdist,Tx7,0.95,3.045480833461244,0.49769,0.45111111111111113,0.5416666666666666,0.078,0.13636363636363638,39,367,33,461
ap:cepstral,relation_zdist,Tx8,0.95,3.045480833461244,0.52975,0.4488888888888889,0.5285714285714286,0.074,0.1298245614035088,37,367,33,463
ap:cepstral,relation_zdist,Tx5,0.97,4.3091452646782065,0.478215,0.4411111111111111,0.45454545454545453,0.03,0.056285178236397754,15,382,18,485
ap:cepstral,relation_zdist,Tx6,0.97,4.3091452646782065,0.507365,0.44555555555555554,0.5135135135135135,0.038,0.07076350093109869,19,382,18,481
ap:cepstral,relation_zdist,Tx7,0.97,4.3091452646782065,0.49769,0.4477777777777778,0.5384615384615384,0.042,0.07792207792207792,21,382,18,479
ap:cepstral,relation_zdist,Tx8,0.97,4.3091452646782065,0.52975,0.4411111111111111,0.45454545454545453,0.03,0.056285178236397754,15,382,18,485
ap:cepstral,relation_pca_residual,Tx5,0.9,0.3762124154565698,0.461845,0.4444444444444444,0.5,0.122,0.19614147909967844,61,339,61,439
ap:cepstral,relation_pca_residual,Tx6,0.9,0.3762124154565698,0.49396,0.4444444444444444,0.5,0.122,0.19614147909967844,61,339,61,439
ap:cepstral,relation_pca_residual,Tx7,0.9,0.3762124154565698,0.48564,0.44555555555555554,0.5040650406504065,0.124,0.19903691813804172,62,339,61,438
ap:cepstral,relation_pca_residual,Tx8,0.9,0.3762124154565698,0.510685,0.44333333333333336,0.49586776859504134,0.12,0.1932367149758454,60,339,61,440
ap:cepstral,relation_pca_residual,Tx5,0.95,0.5889034159319951,0.461845,0.45555555555555555,0.5833333333333334,0.07,0.12500000000000003,35,375,25,465
ap:cepstral,relation_pca_residual,Tx6,0.95,0.5889034159319951,0.49396,0.4444444444444444,0.5,0.05,0.09090909090909091,25,375,25,475
ap:cepstral,relation_pca_residual,Tx7,0.95,0.5889034159319951,0.48564,0.45444444444444443,0.576271186440678,0.068,0.12164579606440071,34,375,25,466
ap:cepstral,relation_pca_residual,Tx8,0.95,0.5889034159319951,0.510685,0.44666666666666666,0.5192307692307693,0.054,0.09782608695652173,27,375,25,473
ap:cepstral,relation_pca_residual,Tx5,0.97,0.7692126008296788,0.461845,0.45555555555555555,0.625,0.05,0.09259259259259259,25,385,15,475
ap:cepstral,relation_pca_residual,Tx6,0.97,0.7692126008296788,0.49396,0.4444444444444444,0.5,0.03,0.056603773584905655,15,385,15,485
ap:cepstral,relation_pca_residual,Tx7,0.97,0.7692126008296788,0.48564,0.45555555555555555,0.625,0.05,0.09259259259259259,25,385,15,475
ap:cepstral,relation_pca_residual,Tx8,0.97,0.7692126008296788,0.510685,0.4488888888888889,0.5588235294117647,0.038,0.07116104868913857,19,385,15,481
ap:cepstral,relation_shrinkage_mahalanobis,Tx5,0.9,62.55636213041444,0.470685,0.4477777777777778,0.5126050420168067,0.122,0.19709208400646203,61,342,58,439
ap:cepstral,relation_shrinkage_mahalanobis,Tx6,0.9,62.55636213041444,0.50598,0.44333333333333336,0.4956521739130435,0.114,0.18536585365853658,57,342,58,443
ap:cepstral,relation_shrinkage_mahalanobis,Tx7,0.9,62.55636213041444,0.495805,0.4444444444444444,0.5,0.116,0.18831168831168832,58,342,58,442
ap:cepstral,relation_shrinkage_mahalanobis,Tx8,0.9,62.55636213041444,0.535435,0.45444444444444443,0.536,0.134,0.21440000000000003,67,342,58,433
ap:cepstral,relation_shrinkage_mahalanobis,Tx5,0.95,90.98416866211082,0.470685,0.44666666666666666,0.5161290322580645,0.064,0.11387900355871886,32,370,30,468
ap:cepstral,relation_shrinkage_mahalanobis,Tx6,0.95,90.98416866211082,0.50598,0.4444444444444444,0.5,0.06,0.10714285714285712,30,370,30,470
ap:cepstral,relation_shrinkage_mahalanobis,Tx7,0.95,90.98416866211082,0.495805,0.45555555555555555,0.5714285714285714,0.08,0.14035087719298248,40,370,30,460
ap:cepstral,relation_shrinkage_mahalanobis,Tx8,0.95,90.98416866211082,0.535435,0.45222222222222225,0.5522388059701493,0.074,0.13051146384479717,37,370,30,463
ap:cepstral,relation_shrinkage_mahalanobis,Tx5,0.97,119.22090672720704,0.470685,0.4477777777777778,0.5405405405405406,0.04,0.07448789571694599,20,383,17,480
ap:cepstral,relation_shrinkage_mahalanobis,Tx6,0.97,119.22090672720704,0.50598,0.4477777777777778,0.5405405405405406,0.04,0.07448789571694599,20,383,17,480
ap:cepstral,relation_shrinkage_mahalanobis,Tx7,0.97,119.22090672720704,0.495805,0.45555555555555555,0.6136363636363636,0.054,0.09926470588235294,27,383,17,473
ap:cepstral,relation_shrinkage_mahalanobis,Tx8,0.97,119.22090672720704,0.535435,0.4488888888888889,0.5526315789473685,0.042,0.07806691449814127,21,383,17,479
ap:cyclo,relation_zdist,Tx5,0.9,1.951975901184332,0.48768,0.44,0.48412698412698413,0.122,0.19488817891373802,61,335,65,439
ap:cyclo,relation_zdist,Tx6,0.9,1.951975901184332,0.48746,0.43777777777777777,0.47580645161290325,0.118,0.1891025641025641,59,335,65,441
ap:cyclo,relation_zdist,Tx7,0.9,1.951975901184332,0.51458,0.4477777777777778,0.5112781954887218,0.136,0.21484992101105846,68,335,65,432
ap:cyclo,relation_zdist,Tx8,0.9,1.951975901184332,0.526625,0.44,0.48412698412698413,0.122,0.19488817891373802,61,335,65,439
ap:cyclo,relation_zdist,Tx5,0.95,3.289320349727461,0.48768,0.44666666666666666,0.5138888888888888,0.074,0.12937062937062938,37,365,35,463
ap:cyclo,relation_zdist,Tx6,0.95,3.289320349727461,0.48746,0.43333333333333335,0.4166666666666667,0.05,0.08928571428571429,25,365,35,475
ap:cyclo,relation_zdist,Tx7,0.95,3.289320349727461,0.51458,0.44,0.4696969696969697,0.062,0.10954063604240281,31,365,35,469
ap:cyclo,relation_zdist,Tx8,0.95,3.289320349727461,0.526625,0.4411111111111111,0.47761194029850745,0.064,0.11287477954144622,32,365,35,468
ap:cyclo,relation_zdist,Tx5,0.97,5.060497721405742,0.48768,0.4444444444444444,0.5,0.044,0.08088235294117646,22,378,22,478
ap:cyclo,relation_zdist,Tx6,0.97,5.060497721405742,0.48746,0.4288888888888889,0.26666666666666666,0.016,0.03018867924528302,8,378,22,492
ap:cyclo,relation_zdist,Tx7,0.97,5.060497721405742,0.51458,0.43444444444444447,0.37142857142857144,0.026,0.04859813084112149,13,378,22,487
ap:cyclo,relation_zdist,Tx8,0.97,5.060497721405742,0.526625,0.4388888888888889,0.4358974358974359,0.034,0.06307977736549165,17,378,22,483
ap:cyclo,relation_pca_residual,Tx5,0.9,0.3388317109809466,0.489225,0.4533333333333333,0.5338983050847458,0.126,0.20388349514563106,63,345,55,437
ap:cyclo,relation_pca_residual,Tx6,0.9,0.3388317109809466,0.47298,0.4411111111111111,0.48598130841121495,0.104,0.17133443163097198,52,345,55,448
ap:cyclo,relation_pca_residual,Tx7,0.9,0.3388317109809466,0.496255,0.45222222222222225,0.5299145299145299,0.124,0.20097244732576983,62,345,55,438
ap:cyclo,relation_pca_residual,Tx8,0.9,0.3388317109809466,0.5379,0.45555555555555555,0.5416666666666666,0.13,0.20967741935483872,65,345,55,435
ap:cyclo,relation_pca_residual,Tx5,0.95,0.5410044100628655,0.489225,0.4411111111111111,0.4805194805194805,0.074,0.12824956672443671,37,360,40,463
ap:cyclo,relation_pca_residual,Tx6,0.95,0.5410044100628655,0.47298,0.43333333333333335,0.42857142857142855,0.06,0.10526315789473684,30,360,40,470
ap:cyclo,relation_pca_residual,Tx7,0.95,0.5410044100628655,0.496255,0.43555555555555553,0.4444444444444444,0.064,0.11188811188811187,32,360,40,468
ap:cyclo,relation_pca_residual,Tx8,0.95,0.5410044100628655,0.5379,0.44333333333333336,0.4936708860759494,0.078,0.13471502590673573,39,360,40,461
ap:cyclo,relation_pca_residual,Tx5,0.97,0.7307946446031979,0.489225,0.4411111111111111,0.47058823529411764,0.048,0.08711433756805807,24,373,27,476
ap:cyclo,relation_pca_residual,Tx6,0.97,0.7307946446031979,0.47298,0.43333333333333335,0.38636363636363635,0.034,0.0625,17,373,27,483
ap:cyclo,relation_pca_residual,Tx7,0.97,0.7307946446031979,0.496255,0.43222222222222223,0.37209302325581395,0.032,0.05893186003683241,16,373,27,484
ap:cyclo,relation_pca_residual,Tx8,0.97,0.7307946446031979,0.5379,0.4411111111111111,0.47058823529411764,0.048,0.08711433756805807,24,373,27,476
ap:cyclo,relation_shrinkage_mahalanobis,Tx5,0.9,59.75510429779982,0.48742,0.45,0.5206611570247934,0.126,0.20289855072463767,63,342,58,437
ap:cyclo,relation_shrinkage_mahalanobis,Tx6,0.9,59.75510429779982,0.48653,0.4411111111111111,0.48672566371681414,0.11,0.17944535073409462,55,342,58,445
ap:cyclo,relation_shrinkage_mahalanobis,Tx7,0.9,59.75510429779982,0.51216,0.45666666666666667,0.5433070866141733,0.138,0.22009569377990432,69,342,58,431
ap:cyclo,relation_shrinkage_mahalanobis,Tx8,0.9,59.75510429779982,0.53701,0.45,0.5206611570247934,0.126,0.20289855072463767,63,342,58,437
ap:cyclo,relation_shrinkage_mahalanobis,Tx5,0.95,97.62542911378424,0.48742,0.44666666666666666,0.5135135135135135,0.076,0.132404181184669,38,364,36,462
ap:cyclo,relation_shrinkage_mahalanobis,Tx6,0.95,97.62542911378424,0.48653,0.43444444444444447,0.42857142857142855,0.054,0.09591474245115453,27,364,36,473
ap:cyclo,relation_shrinkage_mahalanobis,Tx7,0.95,97.62542911378424,0.51216,0.4388888888888889,0.4626865671641791,0.062,0.109347442680776,31,364,36,469
ap:cyclo,relation_shrinkage_mahalanobis,Tx8,0.95,97.62542911378424,0.53701,0.4411111111111111,0.4782608695652174,0.066,0.11599297012302286,33,364,36,467
ap:cyclo,relation_shrinkage_mahalanobis,Tx5,0.97,132.31433413420447,0.48742,0.4444444444444444,0.5,0.05,0.09090909090909091,25,375,25,475
ap:cyclo,relation_shrinkage_mahalanobis,Tx6,0.97,132.31433413420447,0.48653,0.43,0.32432432432432434,0.024,0.04469273743016759,12,375,25,488
ap:cyclo,relation_shrinkage_mahalanobis,Tx7,0.97,132.31433413420447,0.51216,0.43222222222222223,0.358974358974359,0.028,0.051948051948051945,14,375,25,486
ap:cyclo,relation_shrinkage_mahalanobis,Tx8,0.97,132.31433413420447,0.53701,0.44,0.45652173913043476,0.042,0.07692307692307693,21,375,25,479
ap:hos,relation_zdist,Tx5,0.9,1.5475073727751751,0.49215,0.42333333333333334,0.40404040404040403,0.08,0.1335559265442404,40,341,59,460
ap:hos,relation_zdist,Tx6,0.9,1.5475073727751751,0.50699,0.4533333333333333,0.5317460317460317,0.134,0.21405750798722048,67,341,59,433
ap:hos,relation_zdist,Tx7,0.9,1.5475073727751751,0.519195,0.44666666666666666,0.5083333333333333,0.122,0.1967741935483871,61,341,59,439
ap:hos,relation_zdist,Tx8,0.9,1.5475073727751751,0.49728,0.43444444444444447,0.45871559633027525,0.1,0.16420361247947457,50,341,59,450
ap:hos,relation_zdist,Tx5,0.95,3.0307066364905224,0.49215,0.43777777777777777,0.4375,0.042,0.07664233576642338,21,373,27,479
ap:hos,relation_zdist,Tx6,0.95,3.0307066364905224,0.50699,0.45,0.5423728813559322,0.064,0.11449016100178892,32,373,27,468
ap:hos,relation_zdist,Tx7,0.95,3.0307066364905224,0.519195,0.44555555555555554,0.509090909090909,0.056,0.1009009009009009,28,373,27,472
ap:hos,relation_zdist,Tx8,0.95,3.0307066364905224,0.49728,0.43333333333333335,0.38636363636363635,0.034,0.0625,17,373,27,483
ap:hos,relation_zdist,Tx5,0.97,4.35291906315277,0.49215,0.43777777777777777,0.39285714285714285,0.022,0.04166666666666666,11,383,17,489
ap:hos,relation_zdist,Tx6,0.97,4.35291906315277,0.50699,0.44333333333333336,0.48484848484848486,0.032,0.0600375234521576,16,383,17,484
ap:hos,relation_zdist,Tx7,0.97,4.35291906315277,0.519195,0.44333333333333336,0.48484848484848486,0.032,0.0600375234521576,16,383,17,484
ap:hos,relation_zdist,Tx8,0.97,4.35291906315277,0.49728,0.43555555555555553,0.34615384615384615,0.018,0.03422053231939163,9,383,17,491
ap:hos,relation_pca_residual,Tx5,0.9,0.309006321986419,0.49167,0.4444444444444444,0.5,0.112,0.18300653594771243,56,344,56,444
ap:hos,relation_pca_residual,Tx6,0.9,0.309006321986419,0.513025,0.4533333333333333,0.5333333333333333,0.128,0.2064516129032258,64,344,56,436
ap:hos,relation_pca_residual,Tx7,0.9,0.309006321986419,0.518365,0.4533333333333333,0.5333333333333333,0.128,0.2064516129032258,64,344,56,436
ap:hos,relation_pca_residual,Tx8,0.9,0.309006321986419,0.502665,0.43777777777777777,0.4716981132075472,0.1,0.16501650165016504,50,344,56,450
ap:hos,relation_pca_residual,Tx5,0.95,0.5289343169212397,0.49167,0.44,0.46551724137931033,0.054,0.09677419354838711,27,369,31,473
ap:hos,relation_pca_residual,Tx6,0.95,0.5289343169212397,0.513025,0.44555555555555554,0.5079365079365079,0.064,0.11367673179396091,32,369,31,468
ap:hos,relation_pca_residual,Tx7,0.95,0.5289343169212397,0.518365,0.45222222222222225,0.5507246376811594,0.076,0.1335676625659051,38,369,31,462
ap:hos,relation_pca_residual,Tx8,0.95,0.5289343169212397,0.502665,0.4411111111111111,0.4745762711864407,0.056,0.1001788908765653,28,369,31,472
ap:hos,relation_pca_residual,Tx5,0.97,0.7017492820778287,0.49167,0.4311111111111111,0.35,0.028,0.05185185185185185,14,374,26,486
ap:hos,relation_pca_residual,Tx6,0.97,0.7017492820778287,0.513025,0.4411111111111111,0.46938775510204084,0.046,0.08378870673952642,23,374,26,477
ap:hos,relation_pca_residual,Tx7,0.97,0.7017492820778287,0.518365,0.4388888888888889,0.44680851063829785,0.042,0.07678244972577697,21,374,26,479
ap:hos,relation_pca_residual,Tx8,0.97,0.7017492820778287,0.502665,0.43555555555555553,0.4090909090909091,0.036,0.0661764705882353,18,374,26,482
ap:hos,relation_shrinkage_mahalanobis,Tx5,0.9,58.24247139350701,0.492125,0.43222222222222223,0.44554455445544555,0.09,0.1497504159733777,45,344,56,455
ap:hos,relation_shrinkage_mahalanobis,Tx6,0.9,58.24247139350701,0.508985,0.45222222222222225,0.5294117647058824,0.126,0.20355411954765754,63,344,56,437
ap:hos,relation_shrinkage_mahalanobis,Tx7,0.9,58.24247139350701,0.52482,0.4488888888888889,0.5172413793103449,0.12,0.1948051948051948,60,344,56,440
ap:hos,relation_shrinkage_mahalanobis,Tx8,0.9,58.24247139350701,0.49901,0.43666666666666665,0.4666666666666667,0.098,0.1619834710743802,49,344,56,451
ap:hos,relation_shrinkage_mahalanobis,Tx5,0.95,99.67504124672209,0.492125,0.4311111111111111,0.3695652173913043,0.034,0.06227106227106227,17,371,29,483
ap:hos,relation_shrinkage_mahalanobis,Tx6,0.95,99.67504124672209,0.508985,0.4488888888888889,0.532258064516129,0.066,0.11743772241992882,33,371,29,467
ap:hos,relation_shrinkage_mahalanobis,Tx7,0.95,99.67504124672209,0.52482,0.45222222222222225,0.5538461538461539,0.072,0.12743362831858407,36,371,29,464
ap:hos,relation_shrinkage_mahalanobis,Tx8,0.95,99.67504124672209,0.49901,0.4388888888888889,0.4528301886792453,0.048,0.0867992766726944,24,371,29,476
ap:hos,relation_shrinkage_mahalanobis,Tx5,0.97,137.2634012560706,0.492125,0.43555555555555553,0.36666666666666664,0.022,0.04150943396226415,11,381,19,489
ap:hos,relation_shrinkage_mahalanobis,Tx6,0.97,137.2634012560706,0.508985,0.44555555555555554,0.5128205128205128,0.04,0.07421150278293136,20,381,19,480
ap:hos,relation_shrinkage_mahalanobis,Tx7,0.97,137.2634012560706,0.52482,0.44555555555555554,0.5128205128205128,0.04,0.07421150278293136,20,381,19,480
ap:hos,relation_shrinkage_mahalanobis,Tx8,0.97,137.2634012560706,0.49901,0.43777777777777777,0.40625,0.026,0.04887218045112781,13,381,19,487
ap:bispectrum,relation_zdist,Tx5,0.9,2.0687739026245153,0.47814,0.4477777777777778,0.5168539325842697,0.092,0.15619694397283532,46,357,43,454
ap:bispectrum,relation_zdist,Tx6,0.9,2.0687739026245153,0.537235,0.4822222222222222,0.6416666666666667,0.154,0.24838709677419354,77,357,43,423
ap:bispectrum,relation_zdist,Tx7,0.9,2.0687739026245153,0.55353,0.48333333333333334,0.6446280991735537,0.156,0.251207729468599,78,357,43,422
ap:bispectrum,relation_zdist,Tx8,0.9,2.0687739026245153,0.517235,0.45555555555555555,0.5520833333333334,0.106,0.17785234899328858,53,357,43,447
ap:bispectrum,relation_zdist,Tx5,0.95,3.0383510598484227,0.47814,0.4388888888888889,0.45098039215686275,0.046,0.08348457350272233,23,372,28,477
ap:bispectrum,relation_zdist,Tx6,0.95,3.0383510598484227,0.537235,0.4488888888888889,0.5333333333333333,0.064,0.11428571428571431,32,372,28,468
ap:bispectrum,relation_zdist,Tx7,0.95,3.0383510598484227,0.55353,0.45666666666666667,0.582089552238806,0.078,0.1375661375661376,39,372,28,461
ap:bispectrum,relation_zdist,Tx8,0.95,3.0383510598484227,0.517235,0.44222222222222224,0.48148148148148145,0.052,0.09386281588447654,26,372,28,474
ap:bispectrum,relation_zdist,Tx5,0.97,3.6289492722312704,0.47814,0.4388888888888889,0.42424242424242425,0.028,0.052532833020637895,14,381,19,486
ap:bispectrum,relation_zdist,Tx6,0.97,3.6289492722312704,0.537235,0.44333333333333336,0.4864864864864865,0.036,0.0670391061452514,18,381,19,482
ap:bispectrum,relation_zdist,Tx7,0.97,3.6289492722312704,0.55353,0.4577777777777778,0.62,0.062,0.11272727272727275,31,381,19,469
ap:bispectrum,relation_zdist,Tx8,0.97,3.6289492722312704,0.517235,0.44222222222222224,0.4722222222222222,0.034,0.06343283582089553,17,381,19,483
ap:bispectrum,relation_pca_residual,Tx5,0.9,0.5505372787127567,0.47021,0.44666666666666666,0.5092592592592593,0.11,0.18092105263157895,55,347,53,445
ap:bispectrum,relation_pca_residual,Tx6,0.9,0.5505372787127567,0.526805,0.4777777777777778,0.6102941176470589,0.166,0.2610062893081761,83,347,53,417
ap:bispectrum,relation_pca_residual,Tx7,0.9,0.5505372787127567,0.550245,0.5,0.6602564102564102,0.206,0.31402439024390244,103,347,53,397
ap:bispectrum,relation_pca_residual,Tx8,0.9,0.5505372787127567,0.47561,0.45,0.5225225225225225,0.116,0.1898527004909984,58,347,53,442
ap:bispectrum,relation_pca_residual,Tx5,0.95,0.7674256881917065,0.47021,0.43666666666666665,0.43636363636363634,0.048,0.08648648648648649,24,369,31,476
ap:bispectrum,relation_pca_residual,Tx6,0.95,0.7674256881917065,0.526805,0.4622222222222222,0.6025641025641025,0.094,0.16262975778546715,47,369,31,453
ap:bispectrum,relation_pca_residual,Tx7,0.95,0.7674256881917065,0.550245,0.48333333333333334,0.6804123711340206,0.132,0.22110552763819097,66,369,31,434
ap:bispectrum,relation_pca_residual,Tx8,0.95,0.7674256881917065,0.47561,0.44,0.46551724137931033,0.054,0.09677419354838711,27,369,31,473
ap:bispectrum,relation_pca_residual,Tx5,0.97,0.8961829048128723,0.47021,0.43555555555555553,0.39473684210526316,0.03,0.055762081784386616,15,377,23,485
ap:bispectrum,relation_pca_residual,Tx6,0.97,0.8961829048128723,0.526805,0.45666666666666667,0.5964912280701754,0.068,0.12208258527827649,34,377,23,466
ap:bispectrum,relation_pca_residual,Tx7,0.97,0.8961829048128723,0.550245,0.4722222222222222,0.676056338028169,0.096,0.16812609457092823,48,377,23,452
ap:bispectrum,relation_pca_residual,Tx8,0.97,0.8961829048128723,0.47561,0.43555555555555553,0.39473684210526316,0.03,0.055762081784386616,15,377,23,485
ap:bispectrum,relation_shrinkage_mahalanobis,Tx5,0.9,62.811214857241346,0.478325,0.45666666666666667,0.5578947368421052,0.106,0.1781512605042017,53,358,42,447
ap:bispectrum,relation_shrinkage_mahalanobis,Tx6,0.9,62.811214857241346,0.538455,0.48444444444444446,0.65,0.156,0.25161290322580643,78,358,42,422
ap:bispectrum,relation_shrinkage_mahalanobis,Tx7,0.9,62.811214857241346,0.55967,0.4988888888888889,0.6842105263157895,0.182,0.28751974723538704,91,358,42,409
ap:bispectrum,relation_shrinkage_mahalanobis,Tx8,0.9,62.811214857241346,0.5076,0.45111111111111113,0.5333333333333333,0.096,0.16271186440677968,48,358,42,452
ap:bispectrum,relation_shrinkage_mahalanobis,Tx5,0.95,87.8563410445732,0.478325,0.43666666666666665,0.43137254901960786,0.044,0.07985480943738656,22,371,29,478
ap:bispectrum,relation_shrinkage_mahalanobis,Tx6,0.95,87.8563410445732,0.538455,0.46111111111111114,0.6027397260273972,0.088,0.15357766143106455,44,371,29,456
ap:bispectrum,relation_shrinkage_mahalanobis,Tx7,0.95,87.8563410445732,0.55967,0.4677777777777778,0.6329113924050633,0.1,0.17271157167530224,50,371,29,450
ap:bispectrum,relation_shrinkage_mahalanobis,Tx8,0.95,87.8563410445732,0.5076,0.44666666666666666,0.5166666666666667,0.062,0.11071428571428572,31,371,29,469
ap:bispectrum,relation_shrinkage_mahalanobis,Tx5,0.97,103.3851727063069,0.478325,0.43333333333333335,0.3684210526315789,0.028,0.05204460966542751,14,376,24,486
ap:bispectrum,relation_shrinkage_mahalanobis,Tx6,0.97,103.3851727063069,0.538455,0.45555555555555555,0.5862068965517241,0.068,0.12186379928315415,34,376,24,466
ap:bispectrum,relation_shrinkage_mahalanobis,Tx7,0.97,103.3851727063069,0.55967,0.46,0.6129032258064516,0.076,0.13523131672597866,38,376,24,462
ap:bispectrum,relation_shrinkage_mahalanobis,Tx8,0.97,103.3851727063069,0.5076,0.43777777777777777,0.42857142857142855,0.036,0.06642066420664207,18,376,24,482
fft:stft,relation_zdist,Tx5,0.9,1.8757238989149279,0.489585,0.4266666666666667,0.4166666666666667,0.08,0.1342281879194631,40,344,56,460
fft:stft,relation_zdist,Tx6,0.9,1.8757238989149279,0.500145,0.4444444444444444,0.5,0.112,0.18300653594771243,56,344,56,444
fft:stft,relation_zdist,Tx7,0.9,1.8757238989149279,0.492585,0.4222222222222222,0.391304347826087,0.072,0.12162162162162161,36,344,56,464
fft:stft,relation_zdist,Tx8,0.9,1.8757238989149279,0.486335,0.4388888888888889,0.4766355140186916,0.102,0.16803953871499175,51,344,56,449
fft:stft,relation_zdist,Tx5,0.95,2.7083398202954587,0.489585,0.43666666666666665,0.4146341463414634,0.034,0.06284658040665435,17,376,24,483
fft:stft,relation_zdist,Tx6,0.95,2.7083398202954587,0.500145,0.44333333333333336,0.48936170212765956,0.046,0.08409506398537478,23,376,24,477
fft:stft,relation_zdist,Tx7,0.95,2.7083398202954587,0.492585,0.43555555555555553,0.4,0.032,0.059259259259259255,16,376,24,484
fft:stft,relation_zdist,Tx8,0.95,2.7083398202954587,0.486335,0.44222222222222224,0.4782608695652174,0.044,0.08058608058608056,22,376,24,478
fft:stft,relation_zdist,Tx5,0.97,3.1837181850983565,0.489585,0.43555555555555553,0.34615384615384615,0.018,0.03422053231939163,9,383,17,491
fft:stft,relation_zdist,Tx6,0.97,3.1837181850983565,0.500145,0.4411111111111111,0.45161290322580644,0.028,0.052730696798493404,14,383,17,486
fft:stft,relation_zdist,Tx7,0.97,3.1837181850983565,0.492585,0.44222222222222224,0.46875,0.03,0.05639097744360901,15,383,17,485
fft:stft,relation_zdist,Tx8,0.97,3.1837181850983565,0.486335,0.44,0.43333333333333335,0.026,0.0490566037735849,13,383,17,487
fft:stft,relation_pca_residual,Tx5,0.9,0.4305874214474502,0.476505,0.44,0.48,0.096,0.16,48,348,52,452
fft:stft,relation_pca_residual,Tx6,0.9,0.4305874214474502,0.48698,0.45111111111111113,0.5272727272727272,0.116,0.19016393442622953,58,348,52,442
fft:stft,relation_pca_residual,Tx7,0.9,0.4305874214474502,0.480235,0.43666666666666665,0.4639175257731959,0.09,0.1507537688442211,45,348,52,455
fft:stft,relation_pca_residual,Tx8,0.9,0.4305874214474502,0.48229,0.43666666666666665,0.4639175257731959,0.09,0.1507537688442211,45,348,52,455
fft:stft,relation_pca_residual,Tx5,0.95,0.6068868359144673,0.476505,0.4388888888888889,0.4528301886792453,0.048,0.0867992766726944,24,371,29,476
fft:stft,relation_pca_residual,Tx6,0.95,0.6068868359144673,0.48698,0.44333333333333336,0.49122807017543857,0.056,0.10053859964093356,28,371,29,472
fft:stft,relation_pca_residual,Tx7,0.95,0.6068868359144673,0.480235,0.43555555555555553,0.42,0.042,0.07636363636363637,21,371,29,479
fft:stft,relation_pca_residual,Tx8,0.95,0.6068868359144673,0.48229,0.43555555555555553,0.42,0.042,0.07636363636363637,21,371,29,479
fft:stft,relation_pca_residual,Tx5,0.97,0.7152122417678364,0.476505,0.4411111111111111,0.46511627906976744,0.04,0.07366482504604052,20,377,23,480
fft:stft,relation_pca_residual,Tx6,0.97,0.7152122417678364,0.48698,0.44222222222222224,0.4772727272727273,0.042,0.07720588235294118,21,377,23,479
fft:stft,relation_pca_residual,Tx7,0.97,0.7152122417678364,0.480235,0.43444444444444447,0.3783783783783784,0.028,0.05214152700186219,14,377,23,486
fft:stft,relation_pca_residual,Tx8,0.97,0.7152122417678364,0.48229,0.43222222222222223,0.34285714285714286,0.024,0.044859813084112146,12,377,23,488
fft:stft,relation_shrinkage_mahalanobis,Tx5,0.9,57.4950895213829,0.485375,0.43444444444444447,0.45263157894736844,0.086,0.1445378151260504,43,348,52,457
fft:stft,relation_shrinkage_mahalanobis,Tx6,0.9,57.4950895213829,0.50156,0.45111111111111113,0.5272727272727272,0.116,0.19016393442622953,58,348,52,442
fft:stft,relation_shrinkage_mahalanobis,Tx7,0.9,57.4950895213829,0.483225,0.4266666666666667,0.4090909090909091,0.072,0.12244897959183673,36,348,52,464
fft:stft,relation_shrinkage_mahalanobis,Tx8,0.9,57.4950895213829,0.4884,0.44333333333333336,0.49514563106796117,0.102,0.16915422885572137,51,348,52,449
fft:stft,relation_shrinkage_mahalanobis,Tx5,0.95,77.58682438273244,0.485375,0.4411111111111111,0.47058823529411764,0.048,0.08711433756805807,24,373,27,476
fft:stft,relation_shrinkage_mahalanobis,Tx6,0.95,77.58682438273244,0.50156,0.45111111111111113,0.55,0.066,0.11785714285714285,33,373,27,467
fft:stft,relation_shrinkage_mahalanobis,Tx7,0.95,77.58682438273244,0.483225,0.4311111111111111,0.35714285714285715,0.03,0.05535055350553506,15,373,27,485
fft:stft,relation_shrinkage_mahalanobis,Tx8,0.95,77.58682438273244,0.4884,0.43555555555555553,0.41304347826086957,0.038,0.0695970695970696,19,373,27,481
fft:stft,relation_shrinkage_mahalanobis,Tx5,0.97,95.27979234391753,0.485375,0.43777777777777777,0.4117647058823529,0.028,0.05243445692883895,14,380,20,486
fft:stft,relation_shrinkage_mahalanobis,Tx6,0.97,95.27979234391753,0.50156,0.4444444444444444,0.5,0.04,0.07407407407407407,20,380,20,480
fft:stft,relation_shrinkage_mahalanobis,Tx7,0.97,95.27979234391753,0.483225,0.4388888888888889,0.42857142857142855,0.03,0.056074766355140186,15,380,20,485
fft:stft,relation_shrinkage_mahalanobis,Tx8,0.97,95.27979234391753,0.4884,0.43666666666666665,0.3939393939393939,0.026,0.048780487804878044,13,380,20,487
fft:cepstral,relation_zdist,Tx5,0.9,1.9945445327308087,0.473405,0.44333333333333336,0.4948453608247423,0.096,0.16080402010050254,48,351,49,452
fft:cepstral,relation_zdist,Tx6,0.9,1.9945445327308087,0.48666,0.4477777777777778,0.5148514851485149,0.104,0.173044925124792,52,351,49,448
fft:cepstral,relation_zdist,Tx7,0.9,1.9945445327308087,0.485465,0.45111111111111113,0.5288461538461539,0.11,0.18211920529801326,55,351,49,445
fft:cepstral,relation_zdist,Tx8,0.9,1.9945445327308087,0.52447,0.47333333333333333,0.6048387096774194,0.15,0.2403846153846154,75,351,49,425
fft:cepstral,relation_zdist,Tx5,0.95,2.9382970624838167,0.473405,0.45,0.543859649122807,0.062,0.11131059245960505,31,374,26,469
fft:cepstral,relation_zdist,Tx6,0.95,2.9382970624838167,0.48666,0.44555555555555554,0.5094339622641509,0.054,0.09764918625678118,27,374,26,473
fft:cepstral,relation_zdist,Tx7,0.95,2.9382970624838167,0.485465,0.4533333333333333,0.5666666666666667,0.068,0.12142857142857143,34,374,26,466
fft:cepstral,relation_zdist,Tx8,0.95,2.9382970624838167,0.52447,0.45555555555555555,0.5806451612903226,0.072,0.12811387900355872,36,374,26,464
fft:cepstral,relation_zdist,Tx5,0.97,3.9871547014817157,0.473405,0.4488888888888889,0.5625,0.036,0.06766917293233081,18,386,14,482
fft:cepstral,relation_zdist,Tx6,0.97,3.9871547014817157,0.48666,0.44666666666666666,0.5333333333333333,0.032,0.06037735849056604,16,386,14,484
fft:cepstral,relation_zdist,Tx7,0.97,3.9871547014817157,0.485465,0.45,0.5757575757575758,0.038,0.07129455909943715,19,386,14,481
fft:cepstral,relation_zdist,Tx8,0.97,3.9871547014817157,0.52447,0.44666666666666666,0.5333333333333333,0.032,0.06037735849056604,16,386,14,484
fft:cepstral,relation_pca_residual,Tx5,0.9,0.37312969104718746,0.4581,0.45222222222222225,0.5346534653465347,0.108,0.17970049916805325,54,353,47,446
fft:cepstral,relation_pca_residual,Tx6,0.9,0.37312969104718746,0.482005,0.46,0.5648148148148148,0.122,0.20065789473684212,61,353,47,439
fft:cepstral,relation_pca_residual,Tx7,0.9,0.37312969104718746,0.45765,0.46111111111111114,0.5688073394495413,0.124,0.20361247947454844,62,353,47,438
fft:cepstral,relation_pca_residual,Tx8,0.9,0.37312969104718746,0.526175,0.47444444444444445,0.6115702479338843,0.148,0.23832528180354265,74,353,47,426
fft:cepstral,relation_pca_residual,Tx5,0.95,0.5162227932759013,0.4581,0.45222222222222225,0.5714285714285714,0.056,0.10200364298724954,28,379,21,472
fft:cepstral,relation_pca_residual,Tx6,0.95,0.5162227932759013,0.482005,0.45555555555555555,0.5961538461538461,0.062,0.11231884057971016,31,379,21,469
fft:cepstral,relation_pca_residual,Tx7,0.95,0.5162227932759013,0.45765,0.46,0.625,0.07,0.12589928057553956,35,379,21,465
fft:cepstral,relation_pca_residual,Tx8,0.95,0.5162227932759013,0.526175,0.47444444444444445,0.6956521739130435,0.096,0.1687170474516696,48,379,21,452
fft:cepstral,relation_pca_residual,Tx5,0.97,0.6230713312693221,0.4581,0.45,0.5714285714285714,0.04,0.07476635514018691,20,385,15,480
fft:cepstral,relation_pca_residual,Tx6,0.97,0.6230713312693221,0.482005,0.4488888888888889,0.5588235294117647,0.038,0.07116104868913857,19,385,15,481
fft:cepstral,relation_pca_residual,Tx7,0.97,0.6230713312693221,0.45765,0.45555555555555555,0.625,0.05,0.09259259259259259,25,385,15,475
fft:cepstral,relation_pca_residual,Tx8,0.97,0.6230713312693221,0.526175,0.4577777777777778,0.6428571428571429,0.054,0.0996309963099631,27,385,15,473
fft:cepstral,relation_shrinkage_mahalanobis,Tx5,0.9,58.94943623010183,0.46354,0.44,0.4811320754716981,0.102,0.1683168316831683,51,345,55,449
fft:cepstral,relation_shrinkage_mahalanobis,Tx6,0.9,58.94943623010183,0.4845,0.45444444444444443,0.5378151260504201,0.128,0.20678513731825526,64,345,55,436
fft:cepstral,relation_shrinkage_mahalanobis,Tx7,0.9,58.94943623010183,0.475665,0.45111111111111113,0.5258620689655172,0.122,0.19805194805194806,61,345,55,439
fft:cepstral,relation_shrinkage_mahalanobis,Tx8,0.9,58.94943623010183,0.52609,0.4722222222222222,0.5925925925925926,0.16,0.25196850393700787,80,345,55,420
fft:cepstral,relation_shrinkage_mahalanobis,Tx5,0.95,89.45533999893648,0.46354,0.45,0.5510204081632653,0.054,0.09836065573770492,27,378,22,473
fft:cepstral,relation_shrinkage_mahalanobis,Tx6,0.95,89.45533999893648,0.4845,0.4488888888888889,0.5416666666666666,0.052,0.09489051094890509,26,378,22,474
fft:cepstral,relation_shrinkage_mahalanobis,Tx7,0.95,89.45533999893648,0.475665,0.4588888888888889,0.6140350877192983,0.07,0.125673249551167,35,378,22,465
fft:cepstral,relation_shrinkage_mahalanobis,Tx8,0.95,89.45533999893648,0.52609,0.4622222222222222,0.6333333333333333,0.076,0.1357142857142857,38,378,22,462
fft:cepstral,relation_shrinkage_mahalanobis,Tx5,0.97,107.34798855358981,0.46354,0.44666666666666666,0.5263157894736842,0.04,0.07434944237918216,20,382,18,480
fft:cepstral,relation_shrinkage_mahalanobis,Tx6,0.97,107.34798855358981,0.4845,0.44555555555555554,0.5135135135135135,0.038,0.07076350093109869,19,382,18,481
fft:cepstral,relation_shrinkage_mahalanobis,Tx7,0.97,107.34798855358981,0.475665,0.4488888888888889,0.55,0.044,0.08148148148148147,22,382,18,478
fft:cepstral,relation_shrinkage_mahalanobis,Tx8,0.97,107.34798855358981,0.52609,0.4488888888888889,0.55,0.044,0.08148148148148147,22,382,18,478
fft:cyclo,relation_zdist,Tx5,0.9,1.995964027229071,0.498285,0.45444444444444443,0.5391304347826087,0.124,0.2016260162601626,62,347,53,438
fft:cyclo,relation_zdist,Tx6,0.9,1.995964027229071,0.495455,0.43666666666666665,0.46464646464646464,0.092,0.15358931552587649,46,347,53,454
fft:cyclo,relation_zdist,Tx7,0.9,1.995964027229071,0.502615,0.44,0.4803921568627451,0.098,0.16279069767441862,49,347,53,451
fft:cyclo,relation_zdist,Tx8,0.9,1.995964027229071,0.53586,0.4722222222222222,0.5954198473282443,0.156,0.2472266244057052,78,347,53,422
fft:cyclo,relation_zdist,Tx5,0.95,3.3673607021514083,0.498285,0.4577777777777778,0.59375,0.076,0.1347517730496454,38,374,26,462
fft:cyclo,relation_zdist,Tx6,0.95,3.3673607021514083,0.495455,0.43444444444444447,0.3953488372093023,0.034,0.06261510128913444,17,374,26,483
fft:cyclo,relation_zdist,Tx7,0.95,3.3673607021514083,0.502615,0.44666666666666666,0.5185185185185185,0.056,0.10108303249097472,28,374,26,472
fft:cyclo,relation_zdist,Tx8,0.95,3.3673607021514083,0.53586,0.4633333333333333,0.6231884057971014,0.086,0.15114235500878734,43,374,26,457
fft:cyclo,relation_zdist,Tx5,0.97,4.593671397509383,0.498285,0.45,0.5757575757575758,0.038,0.07129455909943715,19,386,14,481
fft:cyclo,relation_zdist,Tx6,0.97,4.593671397509383,0.495455,0.44,0.4166666666666667,0.02,0.038167938931297704,10,386,14,490
fft:cyclo,relation_zdist,Tx7,0.97,4.593671397509383,0.502615,0.44222222222222224,0.46153846153846156,0.024,0.045627376425855515,12,386,14,488
fft:cyclo,relation_zdist,Tx8,0.97,4.593671397509383,0.53586,0.4588888888888889,0.6585365853658537,0.054,0.09981515711645102,27,386,14,473
fft:cyclo,relation_pca_residual,Tx5,0.9,0.4170721732562298,0.481965,0.4677777777777778,0.5929203539823009,0.134,0.21859706362153347,67,354,46,433
fft:cyclo,relation_pca_residual,Tx6,0.9,0.4170721732562298,0.483995,0.44222222222222224,0.4888888888888889,0.088,0.14915254237288134,44,354,46,456
fft:cyclo,relation_pca_residual,Tx7,0.9,0.4170721732562298,0.490415,0.4533333333333333,0.54,0.108,0.18,54,354,46,446
fft:cyclo,relation_pca_residual,Tx8,0.9,0.4170721732562298,0.543935,0.4822222222222222,0.6349206349206349,0.16,0.25559105431309903,80,354,46,420
fft:cyclo,relation_pca_residual,Tx5,0.95,0.5981571391177155,0.481965,0.45444444444444443,0.5671641791044776,0.076,0.13403880070546736,38,371,29,462
fft:cyclo,relation_pca_residual,Tx6,0.95,0.5981571391177155,0.483995,0.43333333333333335,0.3958333333333333,0.038,0.06934306569343066,19,371,29,481
fft:cyclo,relation_pca_residual,Tx7,0.95,0.5981571391177155,0.490415,0.45111111111111113,0.546875,0.07,0.12411347517730496,35,371,29,465
fft:cyclo,relation_pca_residual,Tx8,0.95,0.5981571391177155,0.543935,0.46444444444444444,0.618421052631579,0.094,0.16319444444444445,47,371,29,453
fft:cyclo,relation_pca_residual,Tx5,0.97,0.7661090894037634,0.481965,0.45,0.5510204081632653,0.054,0.09836065573770492,27,378,22,473
fft:cyclo,relation_pca_residual,Tx6,0.97,0.7661090894037634,0.483995,0.43333333333333335,0.35294117647058826,0.024,0.0449438202247191,12,378,22,488
fft:cyclo,relation_pca_residual,Tx7,0.97,0.7661090894037634,0.490415,0.44555555555555554,0.5111111111111111,0.046,0.08440366972477063,23,378,22,477
fft:cyclo,relation_pca_residual,Tx8,0.97,0.7661090894037634,0.543935,0.4533333333333333,0.5769230769230769,0.06,0.10869565217391303,30,378,22,470
fft:cyclo,relation_shrinkage_mahalanobis,Tx5,0.9,61.607093392965616,0.491475,0.46,0.559322033898305,0.132,0.21359223300970875,66,348,52,434
fft:cyclo,relation_shrinkage_mahalanobis,Tx6,0.9,61.607093392965616,0.490675,0.43555555555555553,0.4583333333333333,0.088,0.14765100671140938,44,348,52,456
fft:cyclo,relation_shrinkage_mahalanobis,Tx7,0.9,61.607093392965616,0.49683,0.4477777777777778,0.514018691588785,0.11,0.18121911037891267,55,348,52,445
fft:cyclo,relation_shrinkage_mahalanobis,Tx8,0.9,61.607093392965616,0.541835,0.47555555555555556,0.6060606060606061,0.16,0.2531645569620253,80,348,52,420
fft:cyclo,relation_shrinkage_mahalanobis,Tx5,0.95,91.89687118480543,0.491475,0.4577777777777778,0.5909090909090909,0.078,0.13780918727915195,39,373,27,461
fft:cyclo,relation_shrinkage_mahalanobis,Tx6,0.95,91.89687118480543,0.490675,0.4388888888888889,0.4489795918367347,0.044,0.08014571948998178,22,373,27,478
fft:cyclo,relation_shrinkage_mahalanobis,Tx7,0.95,91.89687118480543,0.49683,0.4477777777777778,0.5263157894736842,0.06,0.10771992818671454,30,373,27,470
fft:cyclo,relation_shrinkage_mahalanobis,Tx8,0.95,91.89687118480543,0.541835,0.4688888888888889,0.6447368421052632,0.098,0.1701388888888889,49,373,27,451
fft:cyclo,relation_shrinkage_mahalanobis,Tx5,0.97,122.07213014679456,0.491475,0.44666666666666666,0.5238095238095238,0.044,0.08118081180811806,22,380,20,478
fft:cyclo,relation_shrinkage_mahalanobis,Tx6,0.97,122.07213014679456,0.490675,0.43444444444444447,0.3548387096774194,0.022,0.041431261770244816,11,380,20,489
fft:cyclo,relation_shrinkage_mahalanobis,Tx7,0.97,122.07213014679456,0.49683,0.4444444444444444,0.5,0.04,0.07407407407407407,20,380,20,480
fft:cyclo,relation_shrinkage_mahalanobis,Tx8,0.97,122.07213014679456,0.541835,0.45555555555555555,0.6,0.06,0.1090909090909091,30,380,20,470
fft:hos,relation_zdist,Tx5,0.9,1.7307717776969038,0.48079,0.42777777777777776,0.422680412371134,0.082,0.1373534338358459,41,344,56,459
fft:hos,relation_zdist,Tx6,0.9,1.7307717776969038,0.50673,0.45111111111111113,0.5254237288135594,0.124,0.20064724919093851,62,344,56,438
fft:hos,relation_zdist,Tx7,0.9,1.7307717776969038,0.50898,0.44333333333333336,0.4954954954954955,0.11,0.18003273322422256,55,344,56,445
fft:hos,relation_zdist,Tx8,0.9,1.7307717776969038,0.48211,0.44333333333333336,0.4954954954954955,0.11,0.18003273322422256,55,344,56,445
fft:hos,relation_zdist,Tx5,0.95,3.5934201182192074,0.48079,0.4311111111111111,0.375,0.036,0.0656934306569343,18,370,30,482
fft:hos,relation_zdist,Tx6,0.95,3.5934201182192074,0.50673,0.44,0.4642857142857143,0.052,0.0935251798561151,26,370,30,474
fft:hos,relation_zdist,Tx7,0.95,3.5934201182192074,0.50898,0.43444444444444447,0.4117647058823529,0.042,0.07622504537205083,21,370,30,479
fft:hos,relation_zdist,Tx8,0.95,3.5934201182192074,0.48211,0.44333333333333336,0.4915254237288136,0.058,0.1037567084078712,29,370,30,471
fft:hos,relation_zdist,Tx5,0.97,5.244675374604201,0.48079,0.4388888888888889,0.391304347826087,0.018,0.03441682600382409,9,386,14,491
fft:hos,relation_zdist,Tx6,0.97,5.244675374604201,0.50673,0.4444444444444444,0.5,0.028,0.05303030303030303,14,386,14,486
fft:hos,relation_zdist,Tx7,0.97,5.244675374604201,0.50898,0.44333333333333336,0.48148148148148145,0.026,0.04933586337760911,13,386,14,487
fft:hos,relation_zdist,Tx8,0.97,5.244675374604201,0.48211,0.4477777777777778,0.5483870967741935,0.034,0.064030131826742,17,386,14,483
fft:hos,relation_pca_residual,Tx5,0.9,0.34322121402635586,0.47288,0.44333333333333336,0.4948453608247423,0.096,0.16080402010050254,48,351,49,452
fft:hos,relation_pca_residual,Tx6,0.9,0.34322121402635586,0.50587,0.45666666666666667,0.5504587155963303,0.12,0.19704433497536947,60,351,49,440
fft:hos,relation_pca_residual,Tx7,0.9,0.34322121402635586,0.49538,0.45444444444444443,0.5420560747663551,0.116,0.1911037891268534,58,351,49,442
fft:hos,relation_pca_residual,Tx8,0.9,0.34322121402635586,0.491605,0.4477777777777778,0.5148514851485149,0.104,0.173044925124792,52,351,49,448
fft:hos,relation_pca_residual,Tx5,0.95,0.5900198010695269,0.47288,0.43555555555555553,0.4375,0.056,0.09929078014184398,28,364,36,472
fft:hos,relation_pca_residual,Tx6,0.95,0.5900198010695269,0.50587,0.4388888888888889,0.4626865671641791,0.062,0.109347442680776,31,364,36,469
fft:hos,relation_pca_residual,Tx7,0.95,0.5900198010695269,0.49538,0.4388888888888889,0.4626865671641791,0.062,0.109347442680776,31,364,36,469
fft:hos,relation_pca_residual,Tx8,0.95,0.5900198010695269,0.491605,0.4388888888888889,0.4626865671641791,0.062,0.109347442680776,31,364,36,469
fft:hos,relation_pca_residual,Tx5,0.97,0.9275527531369419,0.47288,0.4411111111111111,0.45714285714285713,0.032,0.059813084112149535,16,381,19,484
fft:hos,relation_pca_residual,Tx6,0.97,0.9275527531369419,0.50587,0.44555555555555554,0.5128205128205128,0.04,0.07421150278293136,20,381,19,480
fft:hos,relation_pca_residual,Tx7,0.97,0.9275527531369419,0.49538,0.4411111111111111,0.45714285714285713,0.032,0.059813084112149535,16,381,19,484
fft:hos,relation_pca_residual,Tx8,0.97,0.9275527531369419,0.491605,0.44,0.4411764705882353,0.03,0.056179775280898875,15,381,19,485
fft:hos,relation_shrinkage_mahalanobis,Tx5,0.9,54.71753680435574,0.47976,0.43555555555555553,0.4583333333333333,0.088,0.14765100671140938,44,348,52,456
fft:hos,relation_shrinkage_mahalanobis,Tx6,0.9,54.71753680435574,0.501715,0.4533333333333333,0.5357142857142857,0.12,0.19607843137254902,60,348,52,440
fft:hos,relation_shrinkage_mahalanobis,Tx7,0.9,54.71753680435574,0.50422,0.45222222222222225,0.5315315315315315,0.118,0.19312602291325692,59,348,52,441
fft:hos,relation_shrinkage_mahalanobis,Tx8,0.9,54.71753680435574,0.491205,0.45,0.5229357798165137,0.114,0.187192118226601,57,348,52,443
fft:hos,relation_shrinkage_mahalanobis,Tx5,0.95,101.28740662463956,0.47976,0.43333333333333335,0.4074074074074074,0.044,0.07942238267148015,22,368,32,478
fft:hos,relation_shrinkage_mahalanobis,Tx6,0.95,101.28740662463956,0.501715,0.4411111111111111,0.47540983606557374,0.058,0.1033868092691622,29,368,32,471
fft:hos,relation_shrinkage_mahalanobis,Tx7,0.95,101.28740662463956,0.50422,0.43555555555555553,0.42857142857142855,0.048,0.08633093525179857,24,368,32,476
fft:hos,relation_shrinkage_mahalanobis,Tx8,0.95,101.28740662463956,0.491205,0.4411111111111111,0.47540983606557374,0.058,0.1033868092691622,29,368,32,471
fft:hos,relation_shrinkage_mahalanobis,Tx5,0.97,155.0702554771672,0.47976,0.4411111111111111,0.44,0.022,0.0419047619047619,11,386,14,489
fft:hos,relation_shrinkage_mahalanobis,Tx6,0.97,155.0702554771672,0.501715,0.4477777777777778,0.5483870967741935,0.034,0.064030131826742,17,386,14,483
fft:hos,relation_shrinkage_mahalanobis,Tx7,0.97,155.0702554771672,0.50422,0.4444444444444444,0.5,0.028,0.05303030303030303,14,386,14,486
fft:hos,relation_shrinkage_mahalanobis,Tx8,0.97,155.0702554771672,0.491205,0.4488888888888889,0.5625,0.036,0.06766917293233081,18,386,14,482
fft:bispectrum,relation_zdist,Tx5,0.9,2.043713523185407,0.49171,0.43777777777777777,0.46808510638297873,0.088,0.14814814814814814,44,350,50,456
fft:bispectrum,relation_zdist,Tx6,0.9,2.043713523185407,0.53697,0.46,0.5614035087719298,0.128,0.20846905537459282,64,350,50,436
fft:bispectrum,relation_zdist,Tx7,0.9,2.043713523185407,0.55905,0.46555555555555556,0.5798319327731093,0.138,0.22294022617124395,69,350,50,431
fft:bispectrum,relation_zdist,Tx8,0.9,2.043713523185407,0.52495,0.4533333333333333,0.5370370370370371,0.116,0.19078947368421054,58,350,50,442
fft:bispectrum,relation_zdist,Tx5,0.95,2.89980018129885,0.49171,0.4411111111111111,0.46808510638297873,0.044,0.08043875685557586,22,375,25,478
fft:bispectrum,relation_zdist,Tx6,0.95,2.89980018129885,0.53697,0.45,0.5454545454545454,0.06,0.10810810810810809,30,375,25,470
fft:bispectrum,relation_zdist,Tx7,0.95,2.89980018129885,0.55905,0.4588888888888889,0.6031746031746031,0.076,0.1349911190053286,38,375,25,462
fft:bispectrum,relation_zdist,Tx8,0.95,2.89980018129885,0.52495,0.4533333333333333,0.5689655172413793,0.066,0.11827956989247312,33,375,25,467
fft:bispectrum,relation_zdist,Tx5,0.97,3.5467309140418726,0.49171,0.4477777777777778,0.5517241379310345,0.032,0.06049149338374291,16,387,13,484
fft:bispectrum,relation_zdist,Tx6,0.97,3.5467309140418726,0.53697,0.4488888888888889,0.5666666666666667,0.034,0.06415094339622641,17,387,13,483
fft:bispectrum,relation_zdist,Tx7,0.97,3.5467309140418726,0.55905,0.4577777777777778,0.6578947368421053,0.05,0.0929368029739777,25,387,13,475
fft:bispectrum,relation_zdist,Tx8,0.97,3.5467309140418726,0.52495,0.45444444444444443,0.6285714285714286,0.044,0.0822429906542056,22,387,13,478
fft:bispectrum,relation_pca_residual,Tx5,0.9,0.4501783491402545,0.49922,0.4411111111111111,0.48672566371681414,0.11,0.17944535073409462,55,342,58,445
fft:bispectrum,relation_pca_residual,Tx6,0.9,0.4501783491402545,0.53657,0.4633333333333333,0.5639097744360902,0.15,0.23696682464454974,75,342,58,425
fft:bispectrum,relation_pca_residual,Tx7,0.9,0.4501783491402545,0.553685,0.48,0.6081081081081081,0.18,0.2777777777777778,90,342,58,410
fft:bispectrum,relation_pca_residual,Tx8,0.9,0.4501783491402545,0.50187,0.45222222222222225,0.5284552845528455,0.13,0.2086677367576244,65,342,58,435
fft:bispectrum,relation_pca_residual,Tx5,0.95,0.6185320215563623,0.49922,0.4488888888888889,0.5294117647058824,0.072,0.1267605633802817,36,368,32,464
fft:bispectrum,relation_pca_residual,Tx6,0.95,0.6185320215563623,0.53657,0.4622222222222222,0.6,0.096,0.16551724137931034,48,368,32,452
fft:bispectrum,relation_pca_residual,Tx7,0.95,0.6185320215563623,0.553685,0.4622222222222222,0.6,0.096,0.16551724137931034,48,368,32,452
fft:bispectrum,relation_pca_residual,Tx8,0.95,0.6185320215563623,0.50187,0.45222222222222225,0.5492957746478874,0.078,0.13660245183887917,39,368,32,461
fft:bispectrum,relation_pca_residual,Tx5,0.97,0.8031086578136295,0.49922,0.43777777777777777,0.4117647058823529,0.028,0.05243445692883895,14,380,20,486
fft:bispectrum,relation_pca_residual,Tx6,0.97,0.8031086578136295,0.53657,0.45222222222222225,0.574468085106383,0.054,0.09872029250457037,27,380,20,473
fft:bispectrum,relation_pca_residual,Tx7,0.97,0.8031086578136295,0.553685,0.45222222222222225,0.574468085106383,0.054,0.09872029250457037,27,380,20,473
fft:bispectrum,relation_pca_residual,Tx8,0.97,0.8031086578136295,0.50187,0.45555555555555555,0.6,0.06,0.1090909090909091,30,380,20,470
fft:bispectrum,relation_shrinkage_mahalanobis,Tx5,0.9,60.08302058831787,0.493865,0.44666666666666666,0.5092592592592593,0.11,0.18092105263157895,55,347,53,445
fft:bispectrum,relation_shrinkage_mahalanobis,Tx6,0.9,60.08302058831787,0.54147,0.46444444444444444,0.5725806451612904,0.142,0.22756410256410256,71,347,53,429
fft:bispectrum,relation_shrinkage_mahalanobis,Tx7,0.9,60.08302058831787,0.56474,0.47333333333333333,0.5984848484848485,0.158,0.25,79,347,53,421
fft:bispectrum,relation_shrinkage_mahalanobis,Tx8,0.9,60.08302058831787,0.520115,0.46111111111111114,0.5619834710743802,0.136,0.21900161030595816,68,347,53,432
fft:bispectrum,relation_shrinkage_mahalanobis,Tx5,0.95,85.05613122491536,0.493865,0.43666666666666665,0.42857142857142855,0.042,0.07650273224043716,21,372,28,479
fft:bispectrum,relation_shrinkage_mahalanobis,Tx6,0.95,85.05613122491536,0.54147,0.45111111111111113,0.5483870967741935,0.068,0.12099644128113878,34,372,28,466
fft:bispectrum,relation_shrinkage_mahalanobis,Tx7,0.95,85.05613122491536,0.56474,0.4622222222222222,0.6111111111111112,0.088,0.15384615384615385,44,372,28,456
fft:bispectrum,relation_shrinkage_mahalanobis,Tx8,0.95,85.05613122491536,0.520115,0.4477777777777778,0.5254237288135594,0.062,0.11091234347048301,31,372,28,469
fft:bispectrum,relation_shrinkage_mahalanobis,Tx5,0.97,96.38759512776033,0.493865,0.43666666666666665,0.4,0.028,0.052336448598130844,14,379,21,486
fft:bispectrum,relation_shrinkage_mahalanobis,Tx6,0.97,96.38759512776033,0.54147,0.4477777777777778,0.5333333333333333,0.048,0.08807339449541285,24,379,21,476
fft:bispectrum,relation_shrinkage_mahalanobis,Tx7,0.97,96.38759512776033,0.56474,0.4577777777777778,0.6111111111111112,0.066,0.11913357400722022,33,379,21,467
fft:bispectrum,relation_shrinkage_mahalanobis,Tx8,0.97,96.38759512776033,0.520115,0.44555555555555554,0.5116279069767442,0.044,0.08103130755064455,22,379,21,478
stft:cepstral,relation_zdist,Tx5,0.9,1.92956104963088,0.477795,0.44333333333333336,0.4945054945054945,0.09,0.15228426395939088,45,354,46,455
stft:cepstral,relation_zdist,Tx6,0.9,1.92956104963088,0.49572,0.4477777777777778,0.5157894736842106,0.098,0.1647058823529412,49,354,46,451
stft:cepstral,relation_zdist,Tx7,0.9,1.92956104963088,0.475355,0.43555555555555553,0.4523809523809524,0.076,0.13013698630136986,38,354,46,462
stft:cepstral,relation_zdist,Tx8,0.9,1.92956104963088,0.455705,0.43222222222222223,0.43209876543209874,0.07,0.12048192771084337,35,354,46,465
stft:cepstral,relation_zdist,Tx5,0.95,2.8199275898247547,0.477795,0.44666666666666666,0.5208333333333334,0.05,0.09124087591240876,25,377,23,475
stft:cepstral,relation_zdist,Tx6,0.95,2.8199275898247547,0.49572,0.44666666666666666,0.5208333333333334,0.05,0.09124087591240876,25,377,23,475
stft:cepstral,relation_zdist,Tx7,0.95,2.8199275898247547,0.475355,0.44,0.4523809523809524,0.038,0.07011070110701106,19,377,23,481
stft:cepstral,relation_zdist,Tx8,0.95,2.8199275898247547,0.455705,0.4311111111111111,0.3235294117647059,0.022,0.04119850187265917,11,377,23,489
stft:cepstral,relation_zdist,Tx5,0.97,3.4101179701647344,0.477795,0.4411111111111111,0.4482758620689655,0.026,0.049149338374291106,13,384,16,487
stft:cepstral,relation_zdist,Tx6,0.97,3.4101179701647344,0.49572,0.44666666666666666,0.5294117647058824,0.036,0.06741573033707864,18,384,16,482
stft:cepstral,relation_zdist,Tx7,0.97,3.4101179701647344,0.475355,0.4444444444444444,0.5,0.032,0.06015037593984962,16,384,16,484
stft:cepstral,relation_zdist,Tx8,0.97,3.4101179701647344,0.455705,0.43333333333333335,0.2727272727272727,0.012,0.022988505747126436,6,384,16,494
stft:cepstral,relation_pca_residual,Tx5,0.9,0.46980827836852923,0.47836,0.4388888888888889,0.47474747474747475,0.094,0.15692821368948245,47,348,52,453
stft:cepstral,relation_pca_residual,Tx6,0.9,0.46980827836852923,0.47914,0.45,0.5229357798165137,0.114,0.187192118226601,57,348,52,443
stft:cepstral,relation_pca_residual,Tx7,0.9,0.46980827836852923,0.457525,0.4388888888888889,0.47474747474747475,0.094,0.15692821368948245,47,348,52,453
stft:cepstral,relation_pca_residual,Tx8,0.9,0.46980827836852923,0.48211,0.45222222222222225,0.5315315315315315,0.118,0.19312602291325692,59,348,52,441
stft:cepstral,relation_pca_residual,Tx5,0.95,0.6385099790935146,0.47836,0.44222222222222224,0.4827586206896552,0.056,0.1003584229390681,28,370,30,472
stft:cepstral,relation_pca_residual,Tx6,0.95,0.6385099790935146,0.47914,0.44555555555555554,0.5081967213114754,0.062,0.11051693404634583,31,370,30,469
stft:cepstral,relation_pca_residual,Tx7,0.95,0.6385099790935146,0.457525,0.44222222222222224,0.4827586206896552,0.056,0.1003584229390681,28,370,30,472
stft:cepstral,relation_pca_residual,Tx8,0.95,0.6385099790935146,0.48211,0.44333333333333336,0.4915254237288136,0.058,0.1037567084078712,29,370,30,471
stft:cepstral,relation_pca_residual,Tx5,0.97,0.7944430858464294,0.47836,0.43666666666666665,0.3870967741935484,0.024,0.04519774011299434,12,381,19,488
stft:cepstral,relation_pca_residual,Tx6,0.97,0.7944430858464294,0.47914,0.44222222222222224,0.4722222222222222,0.034,0.06343283582089553,17,381,19,483
stft:cepstral,relation_pca_residual,Tx7,0.97,0.7944430858464294,0.457525,0.44555555555555554,0.5128205128205128,0.04,0.07421150278293136,20,381,19,480
stft:cepstral,relation_pca_residual,Tx8,0.97,0.7944430858464294,0.48211,0.44222222222222224,0.4722222222222222,0.034,0.06343283582089553,17,381,19,483
stft:cepstral,relation_shrinkage_mahalanobis,Tx5,0.9,55.885869326046794,0.476765,0.44333333333333336,0.4945054945054945,0.09,0.15228426395939088,45,354,46,455
stft:cepstral,relation_shrinkage_mahalanobis,Tx6,0.9,55.885869326046794,0.49164,0.45111111111111113,0.5306122448979592,0.104,0.17391304347826086,52,354,46,448
stft:cepstral,relation_shrinkage_mahalanobis,Tx7,0.9,55.885869326046794,0.46661,0.43444444444444447,0.4457831325301205,0.074,0.1269296740994854,37,354,46,463
stft:cepstral,relation_shrinkage_mahalanobis,Tx8,0.9,55.885869326046794,0.467695,0.45,0.5257731958762887,0.102,0.1708542713567839,51,354,46,449
stft:cepstral,relation_shrinkage_mahalanobis,Tx5,0.95,77.628686610331,0.476765,0.4411111111111111,0.47058823529411764,0.048,0.08711433756805807,24,373,27,476
stft:cepstral,relation_shrinkage_mahalanobis,Tx6,0.95,77.628686610331,0.49164,0.44555555555555554,0.509090909090909,0.056,0.1009009009009009,28,373,27,472
stft:cepstral,relation_shrinkage_mahalanobis,Tx7,0.95,77.628686610331,0.46661,0.4388888888888889,0.4489795918367347,0.044,0.08014571948998178,22,373,27,478
stft:cepstral,relation_shrinkage_mahalanobis,Tx8,0.95,77.628686610331,0.467695,0.43555555555555553,0.41304347826086957,0.038,0.0695970695970696,19,373,27,481
stft:cepstral,relation_shrinkage_mahalanobis,Tx5,0.97,99.22776411077541,0.476765,0.4388888888888889,0.41379310344827586,0.024,0.045368620037807186,12,383,17,488
stft:cepstral,relation_shrinkage_mahalanobis,Tx6,0.97,99.22776411077541,0.49164,0.44333333333333336,0.48484848484848486,0.032,0.0600375234521576,16,383,17,484
stft:cepstral,relation_shrinkage_mahalanobis,Tx7,0.97,99.22776411077541,0.46661,0.44222222222222224,0.46875,0.03,0.05639097744360901,15,383,17,485
stft:cepstral,relation_shrinkage_mahalanobis,Tx8,0.97,99.22776411077541,0.467695,0.43555555555555553,0.34615384615384615,0.018,0.03422053231939163,9,383,17,491
stft:cyclo,relation_zdist,Tx5,0.9,2.0520781025747747,0.48728,0.4388888888888889,0.47863247863247865,0.112,0.18152350081037277,56,339,61,444
stft:cyclo,relation_zdist,Tx6,0.9,2.0520781025747747,0.493895,0.42444444444444446,0.41346153846153844,0.086,0.1423841059602649,43,339,61,457
stft:cyclo,relation_zdist,Tx7,0.9,2.0520781025747747,0.483335,0.4177777777777778,0.37755102040816324,0.074,0.12374581939799331,37,339,61,463
stft:cyclo,relation_zdist,Tx8,0.9,2.0520781025747747,0.48083,0.4266666666666667,0.42452830188679247,0.09,0.1485148514851485,45,339,61,455
stft:cyclo,relation_zdist,Tx5,0.95,2.8849678618451953,0.48728,0.45,0.5409836065573771,0.066,0.11764705882352942,33,372,28,467
stft:cyclo,relation_zdist,Tx6,0.95,2.8849678618451953,0.493895,0.43777777777777777,0.44,0.044,0.08,22,372,28,478
stft:cyclo,relation_zdist,Tx7,0.95,2.8849678618451953,0.483335,0.43555555555555553,0.4166666666666667,0.04,0.072992700729927,20,372,28,480
stft:cyclo,relation_zdist,Tx8,0.95,2.8849678618451953,0.48083,0.44555555555555554,0.5087719298245614,0.058,0.10412926391382406,29,372,28,471
stft:cyclo,relation_zdist,Tx5,0.97,3.5091568362235575,0.48728,0.4488888888888889,0.5476190476190477,0.046,0.08487084870848709,23,381,19,477
stft:cyclo,relation_zdist,Tx6,0.97,3.5091568362235575,0.493895,0.44,0.4411764705882353,0.03,0.056179775280898875,15,381,19,485
stft:cyclo,relation_zdist,Tx7,0.97,3.5091568362235575,0.483335,0.44,0.4411764705882353,0.03,0.056179775280898875,15,381,19,485
stft:cyclo,relation_zdist,Tx8,0.97,3.5091568362235575,0.48083,0.44666666666666666,0.525,0.042,0.07777777777777778,21,381,19,479
stft:cyclo,relation_pca_residual,Tx5,0.9,0.4773622754266231,0.47671,0.46,0.57,0.114,0.19,57,357,43,443
stft:cyclo,relation_pca_residual,Tx6,0.9,0.4773622754266231,0.46383,0.43444444444444447,0.44155844155844154,0.068,0.11785095320623917,34,357,43,466
stft:cyclo,relation_pca_residual,Tx7,0.9,0.4773622754266231,0.451845,0.44555555555555554,0.5057471264367817,0.088,0.14991482112436116,44,357,43,456
stft:cyclo,relation_pca_residual,Tx8,0.9,0.4773622754266231,0.47095,0.4444444444444444,0.5,0.086,0.14675767918088736,43,357,43,457
stft:cyclo,relation_pca_residual,Tx5,0.95,0.6778706871049216,0.47671,0.44222222222222224,0.4807692307692308,0.05,0.09057971014492754,25,373,27,475
stft:cyclo,relation_pca_residual,Tx6,0.95,0.6778706871049216,0.46383,0.43777777777777777,0.4375,0.042,0.07664233576642338,21,373,27,479
stft:cyclo,relation_pca_residual,Tx7,0.95,0.6778706871049216,0.451845,0.4411111111111111,0.47058823529411764,0.048,0.08711433756805807,24,373,27,476
stft:cyclo,relation_pca_residual,Tx8,0.95,0.6778706871049216,0.47095,0.43,0.34146341463414637,0.028,0.051756007393715345,14,373,27,486
stft:cyclo,relation_pca_residual,Tx5,0.97,0.8788204568320652,0.47671,0.44222222222222224,0.47368421052631576,0.036,0.06691449814126395,18,380,20,482
stft:cyclo,relation_pca_residual,Tx6,0.97,0.8788204568320652,0.46383,0.43777777777777777,0.4117647058823529,0.028,0.05243445692883895,14,380,20,486
stft:cyclo,relation_pca_residual,Tx7,0.97,0.8788204568320652,0.451845,0.44,0.4444444444444444,0.032,0.059701492537313425,16,380,20,484
stft:cyclo,relation_pca_residual,Tx8,0.97,0.8788204568320652,0.47095,0.43,0.25925925925925924,0.014,0.02656546489563567,7,380,20,493
stft:cyclo,relation_shrinkage_mahalanobis,Tx5,0.9,62.30557266412475,0.481505,0.4488888888888889,0.5192307692307693,0.108,0.17880794701986755,54,350,50,446
stft:cyclo,relation_shrinkage_mahalanobis,Tx6,0.9,62.30557266412475,0.48368,0.43444444444444447,0.45054945054945056,0.082,0.13874788494077836,41,350,50,459
stft:cyclo,relation_shrinkage_mahalanobis,Tx7,0.9,62.30557266412475,0.46945,0.4288888888888889,0.4186046511627907,0.072,0.1228668941979522,36,350,50,464
stft:cyclo,relation_shrinkage_mahalanobis,Tx8,0.9,62.30557266412475,0.47489,0.43666666666666665,0.46236559139784944,0.086,0.14502529510961212,43,350,50,457
stft:cyclo,relation_shrinkage_mahalanobis,Tx5,0.95,81.7619454540481,0.481505,0.44555555555555554,0.5074626865671642,0.068,0.11992945326278662,34,367,33,466
stft:cyclo,relation_shrinkage_mahalanobis,Tx6,0.95,81.7619454540481,0.48368,0.43666666666666665,0.4406779661016949,0.052,0.09302325581395349,26,367,33,474
stft:cyclo,relation_shrinkage_mahalanobis,Tx7,0.95,81.7619454540481,0.46945,0.43444444444444447,0.42105263157894735,0.048,0.08617594254937164,24,367,33,476
stft:cyclo,relation_shrinkage_mahalanobis,Tx8,0.95,81.7619454540481,0.47489,0.43777777777777777,0.45,0.054,0.09642857142857142,27,367,33,473
stft:cyclo,relation_shrinkage_mahalanobis,Tx5,0.97,105.0580960591599,0.481505,0.44222222222222224,0.47619047619047616,0.04,0.07380073800738006,20,378,22,480
stft:cyclo,relation_shrinkage_mahalanobis,Tx6,0.97,105.0580960591599,0.48368,0.4388888888888889,0.4358974358974359,0.034,0.06307977736549165,17,378,22,483
stft:cyclo,relation_shrinkage_mahalanobis,Tx7,0.97,105.0580960591599,0.46945,0.44,0.45,0.036,0.06666666666666667,18,378,22,482
stft:cyclo,relation_shrinkage_mahalanobis,Tx8,0.97,105.0580960591599,0.47489,0.44,0.45,0.036,0.06666666666666667,18,378,22,482
stft:hos,relation_zdist,Tx5,0.9,1.6276006144220496,0.475885,0.4311111111111111,0.43478260869565216,0.08,0.13513513513513514,40,348,52,460
stft:hos,relation_zdist,Tx6,0.9,1.6276006144220496,0.49223,0.45,0.5229357798165137,0.114,0.187192118226601,57,348,52,443
stft:hos,relation_zdist,Tx7,0.9,1.6276006144220496,0.474,0.44222222222222224,0.49019607843137253,0.1,0.16611295681063123,50,348,52,450
stft:hos,relation_zdist,Tx8,0.9,1.6276006144220496,0.42715,0.4255555555555556,0.40229885057471265,0.07,0.1192504258943782,35,348,52,465
stft:hos,relation_zdist,Tx5,0.95,2.493525653430587,0.475885,0.43444444444444447,0.40425531914893614,0.038,0.06946983546617916,19,372,28,481
stft:hos,relation_zdist,Tx6,0.95,2.493525653430587,0.49223,0.44,0.46153846153846156,0.048,0.08695652173913043,24,372,28,476
stft:hos,relation_zdist,Tx7,0.95,2.493525653430587,0.474,0.44333333333333336,0.4909090909090909,0.054,0.0972972972972973,27,372,28,473
stft:hos,relation_zdist,Tx8,0.95,2.493525653430587,0.42715,0.4255555555555556,0.28205128205128205,0.022,0.04081632653061224,11,372,28,489
stft:hos,relation_zdist,Tx5,0.97,3.0880686855223605,0.475885,0.43666666666666665,0.41025641025641024,0.032,0.05936920222634508,16,377,23,484
stft:hos,relation_zdist,Tx6,0.97,3.0880686855223605,0.49223,0.43777777777777777,0.425,0.034,0.06296296296296297,17,377,23,483
stft:hos,relation_zdist,Tx7,0.97,3.0880686855223605,0.474,0.44,0.4523809523809524,0.038,0.07011070110701106,19,377,23,481
stft:hos,relation_zdist,Tx8,0.97,3.0880686855223605,0.42715,0.4266666666666667,0.23333333333333334,0.014,0.026415094339622643,7,377,23,493
stft:hos,relation_pca_residual,Tx5,0.9,0.4170987399362155,0.4827,0.43777777777777777,0.47115384615384615,0.098,0.16225165562913907,49,345,55,451
stft:hos,relation_pca_residual,Tx6,0.9,0.4170987399362155,0.506855,0.45444444444444443,0.5378151260504201,0.128,0.20678513731825526,64,345,55,436
stft:hos,relation_pca_residual,Tx7,0.9,0.4170987399362155,0.458635,0.43666666666666665,0.46601941747572817,0.096,0.1592039800995025,48,345,55,452
stft:hos,relation_pca_residual,Tx8,0.9,0.4170987399362155,0.45745,0.4288888888888889,0.4270833333333333,0.082,0.13758389261744966,41,345,55,459
stft:hos,relation_pca_residual,Tx5,0.95,0.6492593935665539,0.4827,0.43555555555555553,0.42592592592592593,0.046,0.08303249097472924,23,369,31,477
stft:hos,relation_pca_residual,Tx6,0.95,0.6492593935665539,0.506855,0.44555555555555554,0.5079365079365079,0.064,0.11367673179396091,32,369,31,468
stft:hos,relation_pca_residual,Tx7,0.95,0.6492593935665539,0.458635,0.43777777777777777,0.44642857142857145,0.05,0.08992805755395684,25,369,31,475
stft:hos,relation_pca_residual,Tx8,0.95,0.6492593935665539,0.45745,0.43222222222222223,0.39215686274509803,0.04,0.07259528130671507,20,369,31,480
stft:hos,relation_pca_residual,Tx5,0.97,0.8446106636553576,0.4827,0.43555555555555553,0.39473684210526316,0.03,0.055762081784386616,15,377,23,485
stft:hos,relation_pca_residual,Tx6,0.97,0.8446106636553576,0.506855,0.4411111111111111,0.46511627906976744,0.04,0.07366482504604052,20,377,23,480
stft:hos,relation_pca_residual,Tx7,0.97,0.8446106636553576,0.458635,0.43555555555555553,0.39473684210526316,0.03,0.055762081784386616,15,377,23,485
stft:hos,relation_pca_residual,Tx8,0.97,0.8446106636553576,0.45745,0.43,0.30303030303030304,0.02,0.037523452157598496,10,377,23,490
stft:hos,relation_shrinkage_mahalanobis,Tx5,0.9,53.249631472249305,0.480035,0.4411111111111111,0.4838709677419355,0.09,0.15177065767284992,45,352,48,455
stft:hos,relation_shrinkage_mahalanobis,Tx6,0.9,53.249631472249305,0.49549,0.4533333333333333,0.5384615384615384,0.112,0.18543046357615894,56,352,48,444
stft:hos,relation_shrinkage_mahalanobis,Tx7,0.9,53.249631472249305,0.465425,0.4444444444444444,0.5,0.096,0.16107382550335572,48,352,48,452
stft:hos,relation_shrinkage_mahalanobis,Tx8,0.9,53.249631472249305,0.43584,0.4288888888888889,0.4146341463414634,0.068,0.11683848797250859,34,352,48,466
stft:hos,relation_shrinkage_mahalanobis,Tx5,0.95,77.21710194320207,0.480035,0.43555555555555553,0.42592592592592593,0.046,0.08303249097472924,23,369,31,477
stft:hos,relation_shrinkage_mahalanobis,Tx6,0.95,77.21710194320207,0.49549,0.44222222222222224,0.48333333333333334,0.058,0.10357142857142858,29,369,31,471
stft:hos,relation_shrinkage_mahalanobis,Tx7,0.95,77.21710194320207,0.465425,0.44333333333333336,0.4918032786885246,0.06,0.10695187165775401,30,369,31,470
stft:hos,relation_shrinkage_mahalanobis,Tx8,0.95,77.21710194320207,0.43584,0.4266666666666667,0.32608695652173914,0.03,0.05494505494505494,15,369,31,485
stft:hos,relation_shrinkage_mahalanobis,Tx5,0.97,101.74496773634453,0.480035,0.4411111111111111,0.4594594594594595,0.034,0.06331471135940411,17,380,20,483
stft:hos,relation_shrinkage_mahalanobis,Tx6,0.97,101.74496773634453,0.49549,0.44222222222222224,0.47368421052631576,0.036,0.06691449814126395,18,380,20,482
stft:hos,relation_shrinkage_mahalanobis,Tx7,0.97,101.74496773634453,0.465425,0.4388888888888889,0.42857142857142855,0.03,0.056074766355140186,15,380,20,485
stft:hos,relation_shrinkage_mahalanobis,Tx8,0.97,101.74496773634453,0.43584,0.4311111111111111,0.2857142857142857,0.016,0.0303030303030303,8,380,20,492
stft:bispectrum,relation_zdist,Tx5,0.9,1.886367739131954,0.482875,0.44,0.4791666666666667,0.092,0.15436241610738255,46,350,50,454
stft:bispectrum,relation_zdist,Tx6,0.9,1.886367739131954,0.495045,0.4533333333333333,0.5370370370370371,0.116,0.19078947368421054,58,350,50,442
stft:bispectrum,relation_zdist,Tx7,0.9,1.886367739131954,0.518855,0.4411111111111111,0.4845360824742268,0.094,0.1574539363484087,47,350,50,453
stft:bispectrum,relation_zdist,Tx8,0.9,1.886367739131954,0.471295,0.4288888888888889,0.4186046511627907,0.072,0.1228668941979522,36,350,50,464
stft:bispectrum,relation_zdist,Tx5,0.95,2.547634762995872,0.482875,0.44333333333333336,0.4878048780487805,0.04,0.07393715341959334,20,379,21,480
stft:bispectrum,relation_zdist,Tx6,0.95,2.547634762995872,0.495045,0.45666666666666667,0.6037735849056604,0.064,0.11573236889692588,32,379,21,468
stft:bispectrum,relation_zdist,Tx7,0.95,2.547634762995872,0.518855,0.44666666666666666,0.5227272727272727,0.046,0.08455882352941176,23,379,21,477
stft:bispectrum,relation_zdist,Tx8,0.95,2.547634762995872,0.471295,0.43666666666666665,0.4,0.028,0.052336448598130844,14,379,21,486
stft:bispectrum,relation_zdist,Tx5,0.97,3.116676650261073,0.482875,0.43555555555555553,0.3333333333333333,0.016,0.030534351145038167,8,384,16,492
stft:bispectrum,relation_zdist,Tx6,0.97,3.116676650261073,0.495045,0.4488888888888889,0.5555555555555556,0.04,0.07462686567164178,20,384,16,480
stft:bispectrum,relation_zdist,Tx7,0.97,3.116676650261073,0.518855,0.44222222222222224,0.4666666666666667,0.028,0.052830188679245285,14,384,16,486
stft:bispectrum,relation_zdist,Tx8,0.97,3.116676650261073,0.471295,0.43666666666666665,0.36,0.018,0.03428571428571428,9,384,16,491
stft:bispectrum,relation_pca_residual,Tx5,0.9,0.34273991539550924,0.493135,0.4533333333333333,0.5425531914893617,0.102,0.1717171717171717,51,357,43,449
stft:bispectrum,relation_pca_residual,Tx6,0.9,0.34273991539550924,0.51354,0.4533333333333333,0.5425531914893617,0.102,0.1717171717171717,51,357,43,449
stft:bispectrum,relation_pca_residual,Tx7,0.9,0.34273991539550924,0.53793,0.47,0.6055045871559633,0.132,0.21674876847290642,66,357,43,434
stft:bispectrum,relation_pca_residual,Tx8,0.9,0.34273991539550924,0.43516,0.44333333333333336,0.49411764705882355,0.084,0.1435897435897436,42,357,43,458
stft:bispectrum,relation_pca_residual,Tx5,0.95,0.4743519131042914,0.493135,0.4588888888888889,0.6274509803921569,0.064,0.1161524500907441,32,381,19,468
stft:bispectrum,relation_pca_residual,Tx6,0.95,0.4743519131042914,0.51354,0.45444444444444443,0.5957446808510638,0.056,0.10237659963436928,28,381,19,472
stft:bispectrum,relation_pca_residual,Tx7,0.95,0.4743519131042914,0.53793,0.45555555555555555,0.6041666666666666,0.058,0.10583941605839416,29,381,19,471
stft:bispectrum,relation_pca_residual,Tx8,0.95,0.4743519131042914,0.43516,0.43777777777777777,0.40625,0.026,0.04887218045112781,13,381,19,487
stft:bispectrum,relation_pca_residual,Tx5,0.97,0.5627186995681015,0.493135,0.45111111111111113,0.5882352941176471,0.04,0.07490636704119849,20,386,14,480
stft:bispectrum,relation_pca_residual,Tx6,0.97,0.5627186995681015,0.51354,0.4488888888888889,0.5625,0.036,0.06766917293233081,18,386,14,482
stft:bispectrum,relation_pca_residual,Tx7,0.97,0.5627186995681015,0.53793,0.4488888888888889,0.5625,0.036,0.06766917293233081,18,386,14,482
stft:bispectrum,relation_pca_residual,Tx8,0.97,0.5627186995681015,0.43516,0.44222222222222224,0.46153846153846156,0.024,0.045627376425855515,12,386,14,488
stft:bispectrum,relation_shrinkage_mahalanobis,Tx5,0.9,55.3842520181155,0.4828,0.45,0.5280898876404494,0.094,0.15959252971137522,47,358,42,453
stft:bispectrum,relation_shrinkage_mahalanobis,Tx6,0.9,55.3842520181155,0.498645,0.46,0.5714285714285714,0.112,0.18729096989966557,56,358,42,444
stft:bispectrum,relation_shrinkage_mahalanobis,Tx7,0.9,55.3842520181155,0.52676,0.4577777777777778,0.5625,0.108,0.18120805369127516,54,358,42,446
stft:bispectrum,relation_shrinkage_mahalanobis,Tx8,0.9,55.3842520181155,0.46337,0.4388888888888889,0.46835443037974683,0.074,0.12780656303972365,37,358,42,463
stft:bispectrum,relation_shrinkage_mahalanobis,Tx5,0.95,69.47914793192683,0.4828,0.4477777777777778,0.5283018867924528,0.056,0.10126582278481013,28,375,25,472
stft:bispectrum,relation_shrinkage_mahalanobis,Tx6,0.95,69.47914793192683,0.498645,0.46,0.609375,0.078,0.13829787234042554,39,375,25,461
stft:bispectrum,relation_shrinkage_mahalanobis,Tx7,0.95,69.47914793192683,0.52676,0.44666666666666666,0.5192307692307693,0.054,0.09782608695652173,27,375,25,473
stft:bispectrum,relation_shrinkage_mahalanobis,Tx8,0.95,69.47914793192683,0.46337,0.4444444444444444,0.5,0.05,0.09090909090909091,25,375,25,475
stft:bispectrum,relation_shrinkage_mahalanobis,Tx5,0.97,83.45687836261301,0.4828,0.4411111111111111,0.45714285714285713,0.032,0.059813084112149535,16,381,19,484
stft:bispectrum,relation_shrinkage_mahalanobis,Tx6,0.97,83.45687836261301,0.498645,0.45111111111111113,0.5681818181818182,0.05,0.09191176470588235,25,381,19,475
stft:bispectrum,relation_shrinkage_mahalanobis,Tx7,0.97,83.45687836261301,0.52676,0.44222222222222224,0.4722222222222222,0.034,0.06343283582089553,17,381,19,483
stft:bispectrum,relation_shrinkage_mahalanobis,Tx8,0.97,83.45687836261301,0.46337,0.43555555555555553,0.36666666666666664,0.022,0.04150943396226415,11,381,19,489
cepstral:cyclo,relation_zdist,Tx5,0.9,1.8496335124428347,0.48312,0.45666666666666667,0.5462184873949579,0.13,0.210016155088853,65,346,54,435
cepstral:cyclo,relation_zdist,Tx6,0.9,1.8496335124428347,0.4875,0.43333333333333335,0.4489795918367347,0.088,0.1471571906354515,44,346,54,456
cepstral:cyclo,relation_zdist,Tx7,0.9,1.8496335124428347,0.48944,0.45,0.5221238938053098,0.118,0.19249592169657423,59,346,54,441
cepstral:cyclo,relation_zdist,Tx8,0.9,1.8496335124428347,0.495145,0.4488888888888889,0.5178571428571429,0.116,0.18954248366013074,58,346,54,442
cepstral:cyclo,relation_zdist,Tx5,0.95,2.8488795839930425,0.48312,0.45666666666666667,0.5733333333333334,0.086,0.14956521739130435,43,368,32,457
cepstral:cyclo,relation_zdist,Tx6,0.95,2.8488795839930425,0.4875,0.43666666666666665,0.43859649122807015,0.05,0.08976660682226212,25,368,32,475
cepstral:cyclo,relation_zdist,Tx7,0.95,2.8488795839930425,0.48944,0.44666666666666666,0.5151515151515151,0.068,0.12014134275618374,34,368,32,466
cepstral:cyclo,relation_zdist,Tx8,0.95,2.8488795839930425,0.495145,0.4444444444444444,0.5,0.064,0.11347517730496454,32,368,32,468
cepstral:cyclo,relation_zdist,Tx5,0.97,4.01129010556476,0.48312,0.45666666666666667,0.6170212765957447,0.058,0.10603290676416818,29,382,18,471
cepstral:cyclo,relation_zdist,Tx6,0.97,4.01129010556476,0.4875,0.44,0.4375,0.028,0.05263157894736842,14,382,18,486
cepstral:cyclo,relation_zdist,Tx7,0.97,4.01129010556476,0.48944,0.4477777777777778,0.5384615384615384,0.042,0.07792207792207792,21,382,18,479
cepstral:cyclo,relation_zdist,Tx8,0.97,4.01129010556476,0.495145,0.4388888888888889,0.41935483870967744,0.026,0.04896421845574388,13,382,18,487
cepstral:cyclo,relation_pca_residual,Tx5,0.9,0.3716775618222994,0.47242,0.4588888888888889,0.5546218487394958,0.132,0.21324717285945075,66,347,53,434
cepstral:cyclo,relation_pca_residual,Tx6,0.9,0.3716775618222994,0.482505,0.4411111111111111,0.4854368932038835,0.1,0.1658374792703151,50,347,53,450
cepstral:cyclo,relation_pca_residual,Tx7,0.9,0.3716775618222994,0.469375,0.4388888888888889,0.4752475247524752,0.096,0.15973377703826955,48,347,53,452
cepstral:cyclo,relation_pca_residual,Tx8,0.9,0.3716775618222994,0.50186,0.4677777777777778,0.5826771653543307,0.148,0.23604465709728867,74,347,53,426
cepstral:cyclo,relation_pca_residual,Tx5,0.95,0.506703872028394,0.47242,0.45,0.5316455696202531,0.084,0.1450777202072539,42,363,37,458
cepstral:cyclo,relation_pca_residual,Tx6,0.95,0.506703872028394,0.482505,0.43,0.39344262295081966,0.048,0.08556149732620322,24,363,37,476
cepstral:cyclo,relation_pca_residual,Tx7,0.95,0.506703872028394,0.469375,0.43777777777777777,0.45588235294117646,0.062,0.1091549295774648,31,363,37,469
cepstral:cyclo,relation_pca_residual,Tx8,0.95,0.506703872028394,0.50186,0.45555555555555555,0.5595238095238095,0.094,0.16095890410958905,47,363,37,453
cepstral:cyclo,relation_pca_residual,Tx5,0.97,0.6835613261167567,0.47242,0.4477777777777778,0.5294117647058824,0.054,0.09800362976406532,27,376,24,473
cepstral:cyclo,relation_pca_residual,Tx6,0.97,0.6835613261167567,0.482505,0.42777777777777776,0.2727272727272727,0.018,0.033771106941838644,9,376,24,491
cepstral:cyclo,relation_pca_residual,Tx7,0.97,0.6835613261167567,0.469375,0.44333333333333336,0.48936170212765956,0.046,0.08409506398537478,23,376,24,477
cepstral:cyclo,relation_pca_residual,Tx8,0.97,0.6835613261167567,0.50186,0.45222222222222225,0.5636363636363636,0.062,0.11171171171171172,31,376,24,469
cepstral:cyclo,relation_shrinkage_mahalanobis,Tx5,0.9,56.12965577261204,0.47764,0.46111111111111114,0.5609756097560976,0.138,0.2215088282504013,69,346,54,431
cepstral:cyclo,relation_shrinkage_mahalanobis,Tx6,0.9,56.12965577261204,0.481655,0.43777777777777777,0.47058823529411764,0.096,0.159468438538206,48,346,54,452
cepstral:cyclo,relation_shrinkage_mahalanobis,Tx7,0.9,56.12965577261204,0.477,0.45,0.5221238938053098,0.118,0.19249592169657423,59,346,54,441
cepstral:cyclo,relation_shrinkage_mahalanobis,Tx8,0.9,56.12965577261204,0.49645,0.46111111111111114,0.5609756097560976,0.138,0.2215088282504013,69,346,54,431
cepstral:cyclo,relation_shrinkage_mahalanobis,Tx5,0.95,79.93668230501399,0.47764,0.45222222222222225,0.5454545454545454,0.084,0.14558058925476605,42,365,35,458
cepstral:cyclo,relation_shrinkage_mahalanobis,Tx6,0.95,79.93668230501399,0.481655,0.43333333333333335,0.4166666666666667,0.05,0.08928571428571429,25,365,35,475
cepstral:cyclo,relation_shrinkage_mahalanobis,Tx7,0.95,79.93668230501399,0.477,0.44666666666666666,0.5138888888888888,0.074,0.12937062937062938,37,365,35,463
cepstral:cyclo,relation_shrinkage_mahalanobis,Tx8,0.95,79.93668230501399,0.49645,0.4488888888888889,0.527027027027027,0.078,0.13588850174216027,39,365,35,461
cepstral:cyclo,relation_shrinkage_mahalanobis,Tx5,0.97,116.83902678091121,0.47764,0.45222222222222225,0.5777777777777777,0.052,0.09541284403669724,26,381,19,474
cepstral:cyclo,relation_shrinkage_mahalanobis,Tx6,0.97,116.83902678091121,0.481655,0.43666666666666665,0.3870967741935484,0.024,0.04519774011299434,12,381,19,488
cepstral:cyclo,relation_shrinkage_mahalanobis,Tx7,0.97,116.83902678091121,0.477,0.4488888888888889,0.5476190476190477,0.046,0.08487084870848709,23,381,19,477
cepstral:cyclo,relation_shrinkage_mahalanobis,Tx8,0.97,116.83902678091121,0.49645,0.44555555555555554,0.5128205128205128,0.04,0.07421150278293136,20,381,19,480
cepstral:hos,relation_zdist,Tx5,0.9,1.829745123999965,0.45323,0.43777777777777777,0.4673913043478261,0.086,0.14527027027027026,43,351,49,457
cepstral:hos,relation_zdist,Tx6,0.9,1.829745123999965,0.502295,0.45222222222222225,0.5333333333333333,0.112,0.18512396694214878,56,351,49,444
cepstral:hos,relation_zdist,Tx7,0.9,1.829745123999965,0.47933,0.45555555555555555,0.5462962962962963,0.118,0.19407894736842105,59,351,49,441
cepstral:hos,relation_zdist,Tx8,0.9,1.829745123999965,0.44677,0.44666666666666666,0.51,0.102,0.16999999999999998,51,351,49,449
cepstral:hos,relation_zdist,Tx5,0.95,2.9414227977641665,0.45323,0.43555555555555553,0.42,0.042,0.07636363636363637,21,371,29,479
cepstral:hos,relation_zdist,Tx6,0.95,2.9414227977641665,0.502295,0.45111111111111113,0.546875,0.07,0.12411347517730496,35,371,29,465
cepstral:hos,relation_zdist,Tx7,0.95,2.9414227977641665,0.47933,0.44555555555555554,0.5084745762711864,0.06,0.10733452593917708,30,371,29,470
cepstral:hos,relation_zdist,Tx8,0.95,2.9414227977641665,0.44677,0.44666666666666666,0.5166666666666667,0.062,0.11071428571428572,31,371,29,469
cepstral:hos,relation_zdist,Tx5,0.97,4.187676959309559,0.45323,0.4411111111111111,0.45714285714285713,0.032,0.059813084112149535,16,381,19,484
cepstral:hos,relation_zdist,Tx6,0.97,4.187676959309559,0.502295,0.4488888888888889,0.5476190476190477,0.046,0.08487084870848709,23,381,19,477
cepstral:hos,relation_zdist,Tx7,0.97,4.187676959309559,0.47933,0.44555555555555554,0.5128205128205128,0.04,0.07421150278293136,20,381,19,480
cepstral:hos,relation_zdist,Tx8,0.97,4.187676959309559,0.44677,0.4411111111111111,0.45714285714285713,0.032,0.059813084112149535,16,381,19,484
cepstral:hos,relation_pca_residual,Tx5,0.9,0.34932676496286086,0.47369,0.43666666666666665,0.4672897196261682,0.1,0.16474464579901155,50,343,57,450
cepstral:hos,relation_pca_residual,Tx6,0.9,0.34932676496286086,0.491455,0.4577777777777778,0.5476190476190477,0.138,0.22044728434504793,69,343,57,431
cepstral:hos,relation_pca_residual,Tx7,0.9,0.34932676496286086,0.48327,0.4444444444444444,0.5,0.114,0.18566775244299674,57,343,57,443
cepstral:hos,relation_pca_residual,Tx8,0.9,0.34932676496286086,0.47906,0.43666666666666665,0.4672897196261682,0.1,0.16474464579901155,50,343,57,450
cepstral:hos,relation_pca_residual,Tx5,0.95,0.5752099613195969,0.47369,0.44222222222222224,0.48148148148148145,0.052,0.09386281588447654,26,372,28,474
cepstral:hos,relation_pca_residual,Tx6,0.95,0.5752099613195969,0.491455,0.45,0.5409836065573771,0.066,0.11764705882352942,33,372,28,467
cepstral:hos,relation_pca_residual,Tx7,0.95,0.5752099613195969,0.48327,0.45,0.5409836065573771,0.066,0.11764705882352942,33,372,28,467
cepstral:hos,relation_pca_residual,Tx8,0.95,0.5752099613195969,0.47906,0.44,0.46153846153846156,0.048,0.08695652173913043,24,372,28,476
cepstral:hos,relation_pca_residual,Tx5,0.97,0.8567595057506269,0.47369,0.44,0.4411764705882353,0.03,0.056179775280898875,15,381,19,485
cepstral:hos,relation_pca_residual,Tx6,0.97,0.8567595057506269,0.491455,0.4444444444444444,0.5,0.038,0.07063197026022304,19,381,19,481
cepstral:hos,relation_pca_residual,Tx7,0.97,0.8567595057506269,0.48327,0.44666666666666666,0.525,0.042,0.07777777777777778,21,381,19,479
cepstral:hos,relation_pca_residual,Tx8,0.97,0.8567595057506269,0.47906,0.43777777777777777,0.40625,0.026,0.04887218045112781,13,381,19,487
cepstral:hos,relation_shrinkage_mahalanobis,Tx5,0.9,58.94193645874158,0.455705,0.4388888888888889,0.4742268041237113,0.092,0.1541038525963149,46,349,51,454
cepstral:hos,relation_shrinkage_mahalanobis,Tx6,0.9,58.94193645874158,0.499995,0.4533333333333333,0.5363636363636364,0.118,0.19344262295081968,59,349,51,441
cepstral:hos,relation_shrinkage_mahalanobis,Tx7,0.9,58.94193645874158,0.478425,0.4488888888888889,0.5188679245283019,0.11,0.18151815181518152,55,349,51,445
cepstral:hos,relation_shrinkage_mahalanobis,Tx8,0.9,58.94193645874158,0.45865,0.4488888888888889,0.5188679245283019,0.11,0.18151815181518152,55,349,51,445
cepstral:hos,relation_shrinkage_mahalanobis,Tx5,0.95,89.71407663654449,0.455705,0.43777777777777777,0.44642857142857145,0.05,0.08992805755395684,25,369,31,475
cepstral:hos,relation_shrinkage_mahalanobis,Tx6,0.95,89.71407663654449,0.499995,0.44555555555555554,0.5079365079365079,0.064,0.11367673179396091,32,369,31,468
cepstral:hos,relation_shrinkage_mahalanobis,Tx7,0.95,89.71407663654449,0.478425,0.44666666666666666,0.515625,0.066,0.11702127659574467,33,369,31,467
cepstral:hos,relation_shrinkage_mahalanobis,Tx8,0.95,89.71407663654449,0.45865,0.44666666666666666,0.515625,0.066,0.11702127659574467,33,369,31,467
cepstral:hos,relation_shrinkage_mahalanobis,Tx5,0.97,132.18140409809982,0.455705,0.44,0.4411764705882353,0.03,0.056179775280898875,15,381,19,485
cepstral:hos,relation_shrinkage_mahalanobis,Tx6,0.97,132.18140409809982,0.499995,0.44555555555555554,0.5128205128205128,0.04,0.07421150278293136,20,381,19,480
cepstral:hos,relation_shrinkage_mahalanobis,Tx7,0.97,132.18140409809982,0.478425,0.4477777777777778,0.5365853658536586,0.044,0.08133086876155267,22,381,19,478
cepstral:hos,relation_shrinkage_mahalanobis,Tx8,0.97,132.18140409809982,0.45865,0.44,0.4411764705882353,0.03,0.056179775280898875,15,381,19,485
cepstral:bispectrum,relation_zdist,Tx5,0.9,1.835513369772032,0.501665,0.4488888888888889,0.5185185185185185,0.112,0.18421052631578946,56,348,52,444
cepstral:bispectrum,relation_zdist,Tx6,0.9,1.835513369772032,0.5322,0.45222222222222225,0.5315315315315315,0.118,0.19312602291325692,59,348,52,441
cepstral:bispectrum,relation_zdist,Tx7,0.9,1.835513369772032,0.54617,0.4666666666666667,0.5806451612903226,0.144,0.23076923076923073,72,348,52,428
cepstral:bispectrum,relation_zdist,Tx8,0.9,1.835513369772032,0.495425,0.43333333333333335,0.44680851063829785,0.084,0.14141414141414144,42,348,52,458
cepstral:bispectrum,relation_zdist,Tx5,0.95,2.5388703496979015,0.501665,0.4477777777777778,0.5283018867924528,0.056,0.10126582278481013,28,375,25,472
cepstral:bispectrum,relation_zdist,Tx6,0.95,2.5388703496979015,0.5322,0.44666666666666666,0.5192307692307693,0.054,0.09782608695652173,27,375,25,473
cepstral:bispectrum,relation_zdist,Tx7,0.95,2.5388703496979015,0.54617,0.4588888888888889,0.6031746031746031,0.076,0.1349911190053286,38,375,25,462
cepstral:bispectrum,relation_zdist,Tx8,0.95,2.5388703496979015,0.495425,0.43444444444444447,0.3902439024390244,0.032,0.059149722735674676,16,375,25,484
cepstral:bispectrum,relation_zdist,Tx5,0.97,3.049620867168058,0.501665,0.45444444444444443,0.6363636363636364,0.042,0.07879924953095685,21,388,12,479
cepstral:bispectrum,relation_zdist,Tx6,0.97,3.049620867168058,0.5322,0.45111111111111113,0.6,0.036,0.06792452830188678,18,388,12,482
cepstral:bispectrum,relation_zdist,Tx7,0.97,3.049620867168058,0.54617,0.4588888888888889,0.6756756756756757,0.05,0.0931098696461825,25,388,12,475
cepstral:bispectrum,relation_zdist,Tx8,0.97,3.049620867168058,0.495425,0.44222222222222224,0.45454545454545453,0.02,0.038314176245210725,10,388,12,490
cepstral:bispectrum,relation_pca_residual,Tx5,0.9,0.47362115997333265,0.500485,0.44222222222222224,0.4883720930232558,0.084,0.14334470989761094,42,356,44,458
cepstral:bispectrum,relation_pca_residual,Tx6,0.9,0.47362115997333265,0.54287,0.46555555555555556,0.5887850467289719,0.126,0.20757825370675453,63,356,44,437
cepstral:bispectrum,relation_pca_residual,Tx7,0.9,0.47362115997333265,0.578305,0.49777777777777776,0.6764705882352942,0.184,0.289308176100629,92,356,44,408
cepstral:bispectrum,relation_pca_residual,Tx8,0.9,0.47362115997333265,0.491135,0.4688888888888889,0.6,0.132,0.21639344262295085,66,356,44,434
cepstral:bispectrum,relation_pca_residual,Tx5,0.95,0.6369346091712649,0.500485,0.45,0.5581395348837209,0.048,0.08839779005524862,24,381,19,476
cepstral:bispectrum,relation_pca_residual,Tx6,0.95,0.6369346091712649,0.54287,0.4633333333333333,0.6545454545454545,0.072,0.12972972972972974,36,381,19,464
cepstral:bispectrum,relation_pca_residual,Tx7,0.95,0.6369346091712649,0.578305,0.4688888888888889,0.6833333333333333,0.082,0.14642857142857144,41,381,19,459
cepstral:bispectrum,relation_pca_residual,Tx8,0.95,0.6369346091712649,0.491135,0.4666666666666667,0.6724137931034483,0.078,0.13978494623655915,39,381,19,461
cepstral:bispectrum,relation_pca_residual,Tx5,0.97,0.7866605322247634,0.500485,0.44666666666666666,0.55,0.022,0.0423076923076923,11,391,9,489
cepstral:bispectrum,relation_pca_residual,Tx6,0.97,0.7866605322247634,0.54287,0.46555555555555556,0.7567567567567568,0.056,0.10428305400372438,28,391,9,472
cepstral:bispectrum,relation_pca_residual,Tx7,0.97,0.7866605322247634,0.578305,0.4633333333333333,0.7428571428571429,0.052,0.09719626168224298,26,391,9,474
cepstral:bispectrum,relation_pca_residual,Tx8,0.97,0.7866605322247634,0.491135,0.4588888888888889,0.7096774193548387,0.044,0.08286252354048963,22,391,9,478
cepstral:bispectrum,relation_shrinkage_mahalanobis,Tx5,0.9,59.14532074119399,0.50224,0.45444444444444443,0.5463917525773195,0.106,0.17755443886097153,53,356,44,447
cepstral:bispectrum,relation_shrinkage_mahalanobis,Tx6,0.9,59.14532074119399,0.53498,0.4622222222222222,0.5769230769230769,0.12,0.1986754966887417,60,356,44,440
cepstral:bispectrum,relation_shrinkage_mahalanobis,Tx7,0.9,59.14532074119399,0.558035,0.47444444444444445,0.6173913043478261,0.142,0.2308943089430894,71,356,44,429
cepstral:bispectrum,relation_shrinkage_mahalanobis,Tx8,0.9,59.14532074119399,0.495045,0.45,0.5268817204301075,0.098,0.16526138279932548,49,356,44,451
cepstral:bispectrum,relation_shrinkage_mahalanobis,Tx5,0.95,73.3546784773545,0.50224,0.4477777777777778,0.5272727272727272,0.058,0.1045045045045045,29,374,26,471
cepstral:bispectrum,relation_shrinkage_mahalanobis,Tx6,0.95,73.3546784773545,0.53498,0.45222222222222225,0.559322033898305,0.066,0.11806797853309484,33,374,26,467
cepstral:bispectrum,relation_shrinkage_mahalanobis,Tx7,0.95,73.3546784773545,0.558035,0.47,0.6533333333333333,0.098,0.17043478260869566,49,374,26,451
cepstral:bispectrum,relation_shrinkage_mahalanobis,Tx8,0.95,73.3546784773545,0.495045,0.44555555555555554,0.5094339622641509,0.054,0.09764918625678118,27,374,26,473
cepstral:bispectrum,relation_shrinkage_mahalanobis,Tx5,0.97,88.41495886627162,0.50224,0.44333333333333336,0.4827586206896552,0.028,0.05293005671077505,14,385,15,486
cepstral:bispectrum,relation_shrinkage_mahalanobis,Tx6,0.97,88.41495886627162,0.53498,0.4488888888888889,0.5588235294117647,0.038,0.07116104868913857,19,385,15,481
cepstral:bispectrum,relation_shrinkage_mahalanobis,Tx7,0.97,88.41495886627162,0.558035,0.4588888888888889,0.6511627906976745,0.056,0.10313075506445672,28,385,15,472
cepstral:bispectrum,relation_shrinkage_mahalanobis,Tx8,0.97,88.41495886627162,0.495045,0.4444444444444444,0.5,0.03,0.056603773584905655,15,385,15,485
cyclo:hos,relation_zdist,Tx5,0.9,1.493024602614412,0.476185,0.44555555555555554,0.5048543689320388,0.104,0.1724709784411277,52,349,51,448
cyclo:hos,relation_zdist,Tx6,0.9,1.493024602614412,0.479695,0.4477777777777778,0.5142857142857142,0.108,0.17851239669421487,54,349,51,446
cyclo:hos,relation_zdist,Tx7,0.9,1.493024602614412,0.50014,0.4488888888888889,0.5188679245283019,0.11,0.18151815181518152,55,349,51,445
cyclo:hos,relation_zdist,Tx8,0.9,1.493024602614412,0.453995,0.4477777777777778,0.5142857142857142,0.108,0.17851239669421487,54,349,51,446
cyclo:hos,relation_zdist,Tx5,0.95,2.6035657709201057,0.476185,0.4477777777777778,0.5238095238095238,0.066,0.1172291296625222,33,370,30,467
cyclo:hos,relation_zdist,Tx6,0.95,2.6035657709201057,0.479695,0.4388888888888889,0.45454545454545453,0.05,0.0900900900900901,25,370,30,475
cyclo:hos,relation_zdist,Tx7,0.95,2.6035657709201057,0.50014,0.44222222222222224,0.4827586206896552,0.056,0.1003584229390681,28,370,30,472
cyclo:hos,relation_zdist,Tx8,0.95,2.6035657709201057,0.453995,0.43555555555555553,0.4230769230769231,0.044,0.07971014492753623,22,370,30,478
cyclo:hos,relation_zdist,Tx5,0.97,3.6881482355376023,0.476185,0.4388888888888889,0.4418604651162791,0.038,0.06998158379373849,19,376,24,481
cyclo:hos,relation_zdist,Tx6,0.97,3.6881482355376023,0.479695,0.43444444444444447,0.38461538461538464,0.03,0.05565862708719852,15,376,24,485
cyclo:hos,relation_zdist,Tx7,0.97,3.6881482355376023,0.50014,0.4388888888888889,0.4418604651162791,0.038,0.06998158379373849,19,376,24,481
cyclo:hos,relation_zdist,Tx8,0.97,3.6881482355376023,0.453995,0.43222222222222223,0.35135135135135137,0.026,0.04841713221601489,13,376,24,487
cyclo:hos,relation_pca_residual,Tx5,0.9,0.2844396986916884,0.50176,0.4533333333333333,0.5377358490566038,0.114,0.18811881188118812,57,351,49,443
cyclo:hos,relation_pca_residual,Tx6,0.9,0.2844396986916884,0.510045,0.45222222222222225,0.5333333333333333,0.112,0.18512396694214878,56,351,49,444
cyclo:hos,relation_pca_residual,Tx7,0.9,0.2844396986916884,0.52474,0.45444444444444443,0.5420560747663551,0.116,0.1911037891268534,58,351,49,442
cyclo:hos,relation_pca_residual,Tx8,0.9,0.2844396986916884,0.495025,0.45444444444444443,0.5420560747663551,0.116,0.1911037891268534,58,351,49,442
cyclo:hos,relation_pca_residual,Tx5,0.95,0.4640809446295599,0.50176,0.4444444444444444,0.5,0.058,0.1039426523297491,29,371,29,471
cyclo:hos,relation_pca_residual,Tx6,0.95,0.4640809446295599,0.510045,0.4411111111111111,0.4727272727272727,0.052,0.0936936936936937,26,371,29,474
cyclo:hos,relation_pca_residual,Tx7,0.95,0.4640809446295599,0.52474,0.44222222222222224,0.48214285714285715,0.054,0.09712230215827339,27,371,29,473
cyclo:hos,relation_pca_residual,Tx8,0.95,0.4640809446295599,0.495025,0.4411111111111111,0.4727272727272727,0.052,0.0936936936936937,26,371,29,474
cyclo:hos,relation_pca_residual,Tx5,0.97,0.6574854297878643,0.50176,0.4444444444444444,0.5,0.04,0.07407407407407407,20,380,20,480
cyclo:hos,relation_pca_residual,Tx6,0.97,0.6574854297878643,0.510045,0.43777777777777777,0.4117647058823529,0.028,0.05243445692883895,14,380,20,486
cyclo:hos,relation_pca_residual,Tx7,0.97,0.6574854297878643,0.52474,0.44,0.4444444444444444,0.032,0.059701492537313425,16,380,20,484
cyclo:hos,relation_pca_residual,Tx8,0.97,0.6574854297878643,0.495025,0.4444444444444444,0.5,0.04,0.07407407407407407,20,380,20,480
cyclo:hos,relation_shrinkage_mahalanobis,Tx5,0.9,52.151156734737704,0.485975,0.4488888888888889,0.5188679245283019,0.11,0.18151815181518152,55,349,51,445
cyclo:hos,relation_shrinkage_mahalanobis,Tx6,0.9,52.151156734737704,0.49296,0.4488888888888889,0.5188679245283019,0.11,0.18151815181518152,55,349,51,445
cyclo:hos,relation_shrinkage_mahalanobis,Tx7,0.9,52.151156734737704,0.51235,0.4477777777777778,0.5142857142857142,0.108,0.17851239669421487,54,349,51,446
cyclo:hos,relation_shrinkage_mahalanobis,Tx8,0.9,52.151156734737704,0.47454,0.4488888888888889,0.5188679245283019,0.11,0.18151815181518152,55,349,51,445
cyclo:hos,relation_shrinkage_mahalanobis,Tx5,0.95,82.8617858153869,0.485975,0.44555555555555554,0.5079365079365079,0.064,0.11367673179396091,32,369,31,468
cyclo:hos,relation_shrinkage_mahalanobis,Tx6,0.95,82.8617858153869,0.49296,0.44222222222222224,0.48333333333333334,0.058,0.10357142857142858,29,369,31,471
cyclo:hos,relation_shrinkage_mahalanobis,Tx7,0.95,82.8617858153869,0.51235,0.44,0.46551724137931033,0.054,0.09677419354838711,27,369,31,473
cyclo:hos,relation_shrinkage_mahalanobis,Tx8,0.95,82.8617858153869,0.47454,0.44,0.46551724137931033,0.054,0.09677419354838711,27,369,31,473
cyclo:hos,relation_shrinkage_mahalanobis,Tx5,0.97,131.5134614050348,0.485975,0.44222222222222224,0.47368421052631576,0.036,0.06691449814126395,18,380,20,482
cyclo:hos,relation_shrinkage_mahalanobis,Tx6,0.97,131.5134614050348,0.49296,0.43444444444444447,0.3548387096774194,0.022,0.041431261770244816,11,380,20,489
cyclo:hos,relation_shrinkage_mahalanobis,Tx7,0.97,131.5134614050348,0.51235,0.44222222222222224,0.47368421052631576,0.036,0.06691449814126395,18,380,20,482
cyclo:hos,relation_shrinkage_mahalanobis,Tx8,0.97,131.5134614050348,0.47454,0.43777777777777777,0.4117647058823529,0.028,0.05243445692883895,14,380,20,486
cyclo:bispectrum,relation_zdist,Tx5,0.9,1.9015061276445309,0.47839,0.45666666666666667,0.5504587155963303,0.12,0.19704433497536947,60,351,49,440
cyclo:bispectrum,relation_zdist,Tx6,0.9,1.9015061276445309,0.515555,0.4444444444444444,0.5,0.098,0.16387959866220736,49,351,49,451
cyclo:bispectrum,relation_zdist,Tx7,0.9,1.9015061276445309,0.543815,0.45222222222222225,0.5333333333333333,0.112,0.18512396694214878,56,351,49,444
cyclo:bispectrum,relation_zdist,Tx8,0.9,1.9015061276445309,0.49334,0.4588888888888889,0.5585585585585585,0.124,0.20294599018003273,62,351,49,438
cyclo:bispectrum,relation_zdist,Tx5,0.95,2.5791134136256177,0.47839,0.45444444444444443,0.5652173913043478,0.078,0.13708260105448156,39,370,30,461
cyclo:bispectrum,relation_zdist,Tx6,0.95,2.5791134136256177,0.515555,0.4411111111111111,0.47368421052631576,0.054,0.0969479353680431,27,370,30,473
cyclo:bispectrum,relation_zdist,Tx7,0.95,2.5791134136256177,0.543815,0.45,0.5384615384615384,0.07,0.12389380530973453,35,370,30,465
cyclo:bispectrum,relation_zdist,Tx8,0.95,2.5791134136256177,0.49334,0.4444444444444444,0.5,0.06,0.10714285714285712,30,370,30,470
cyclo:bispectrum,relation_zdist,Tx5,0.97,3.4491963821918787,0.47839,0.45,0.5581395348837209,0.048,0.08839779005524862,24,381,19,476
cyclo:bispectrum,relation_zdist,Tx6,0.97,3.4491963821918787,0.515555,0.43555555555555553,0.36666666666666664,0.022,0.04150943396226415,11,381,19,489
cyclo:bispectrum,relation_zdist,Tx7,0.97,3.4491963821918787,0.543815,0.44222222222222224,0.4722222222222222,0.034,0.06343283582089553,17,381,19,483
cyclo:bispectrum,relation_zdist,Tx8,0.97,3.4491963821918787,0.49334,0.4388888888888889,0.42424242424242425,0.028,0.052532833020637895,14,381,19,486
cyclo:bispectrum,relation_pca_residual,Tx5,0.9,0.4426406138552952,0.49998,0.4533333333333333,0.5298507462686567,0.142,0.22397476340694003,71,337,63,429
cyclo:bispectrum,relation_pca_residual,Tx6,0.9,0.4426406138552952,0.519295,0.4533333333333333,0.5298507462686567,0.142,0.22397476340694003,71,337,63,429
cyclo:bispectrum,relation_pca_residual,Tx7,0.9,0.4426406138552952,0.544095,0.4722222222222222,0.5827814569536424,0.176,0.2703533026113671,88,337,63,412
cyclo:bispectrum,relation_pca_residual,Tx8,0.9,0.4426406138552952,0.49407,0.45,0.5190839694656488,0.136,0.21553090332805072,68,337,63,432
cyclo:bispectrum,relation_pca_residual,Tx5,0.95,0.613404857778232,0.49998,0.45111111111111113,0.5454545454545454,0.072,0.127208480565371,36,370,30,464
cyclo:bispectrum,relation_pca_residual,Tx6,0.95,0.613404857778232,0.519295,0.4533333333333333,0.5588235294117647,0.076,0.13380281690140844,38,370,30,462
cyclo:bispectrum,relation_pca_residual,Tx7,0.95,0.613404857778232,0.544095,0.4588888888888889,0.589041095890411,0.086,0.15008726003490402,43,370,30,457
cyclo:bispectrum,relation_pca_residual,Tx8,0.95,0.613404857778232,0.49407,0.4533333333333333,0.5588235294117647,0.076,0.13380281690140844,38,370,30,462
cyclo:bispectrum,relation_pca_residual,Tx5,0.97,0.7596502380849091,0.49998,0.4533333333333333,0.5769230769230769,0.06,0.10869565217391303,30,378,22,470
cyclo:bispectrum,relation_pca_residual,Tx6,0.97,0.7596502380849091,0.519295,0.45222222222222225,0.5686274509803921,0.058,0.10526315789473682,29,378,22,471
cyclo:bispectrum,relation_pca_residual,Tx7,0.97,0.7596502380849091,0.544095,0.45,0.5510204081632653,0.054,0.09836065573770492,27,378,22,473
cyclo:bispectrum,relation_pca_residual,Tx8,0.97,0.7596502380849091,0.49407,0.43777777777777777,0.42105263157894735,0.032,0.05947955390334572,16,378,22,484
cyclo:bispectrum,relation_shrinkage_mahalanobis,Tx5,0.9,57.85353518599842,0.48433,0.4633333333333333,0.5739130434782609,0.132,0.21463414634146344,66,351,49,434
cyclo:bispectrum,relation_shrinkage_mahalanobis,Tx6,0.9,57.85353518599842,0.5189,0.46,0.5625,0.126,0.20588235294117646,63,351,49,437
cyclo:bispectrum,relation_shrinkage_mahalanobis,Tx7,0.9,57.85353518599842,0.545525,0.4666666666666667,0.5847457627118644,0.138,0.22330097087378642,69,351,49,431
cyclo:bispectrum,relation_shrinkage_mahalanobis,Tx8,0.9,57.85353518599842,0.497175,0.46,0.5625,0.126,0.20588235294117646,63,351,49,437
cyclo:bispectrum,relation_shrinkage_mahalanobis,Tx5,0.95,77.0420552383221,0.48433,0.4622222222222222,0.6081081081081081,0.09,0.156794425087108,45,371,29,455
cyclo:bispectrum,relation_shrinkage_mahalanobis,Tx6,0.95,77.0420552383221,0.5189,0.4444444444444444,0.5,0.058,0.1039426523297491,29,371,29,471
cyclo:bispectrum,relation_shrinkage_mahalanobis,Tx7,0.95,77.0420552383221,0.545525,0.45,0.5396825396825397,0.068,0.12078152753108351,34,371,29,466
cyclo:bispectrum,relation_shrinkage_mahalanobis,Tx8,0.95,77.0420552383221,0.497175,0.44555555555555554,0.5084745762711864,0.06,0.10733452593917708,30,371,29,470
cyclo:bispectrum,relation_shrinkage_mahalanobis,Tx5,0.97,96.26634005791772,0.48433,0.44555555555555554,0.5106382978723404,0.048,0.08775137111517367,24,377,23,476
cyclo:bispectrum,relation_shrinkage_mahalanobis,Tx6,0.97,96.26634005791772,0.5189,0.43444444444444447,0.3783783783783784,0.028,0.05214152700186219,14,377,23,486
cyclo:bispectrum,relation_shrinkage_mahalanobis,Tx7,0.97,96.26634005791772,0.545525,0.44222222222222224,0.4772727272727273,0.042,0.07720588235294118,21,377,23,479
cyclo:bispectrum,relation_shrinkage_mahalanobis,Tx8,0.97,96.26634005791772,0.497175,0.4388888888888889,0.43902439024390244,0.036,0.06654343807763402,18,377,23,482
hos:bispectrum,relation_zdist,Tx5,0.9,1.5314055545680527,0.48845,0.43444444444444447,0.4563106796116505,0.094,0.1558872305140962,47,344,56,453
hos:bispectrum,relation_zdist,Tx6,0.9,1.5314055545680527,0.545075,0.46111111111111114,0.5590551181102362,0.142,0.22647527910685802,71,344,56,429
hos:bispectrum,relation_zdist,Tx7,0.9,1.5314055545680527,0.544085,0.46444444444444444,0.5692307692307692,0.148,0.2349206349206349,74,344,56,426
hos:bispectrum,relation_zdist,Tx8,0.9,1.5314055545680527,0.460975,0.43555555555555553,0.46153846153846156,0.096,0.15894039735099338,48,344,56,452
hos:bispectrum,relation_zdist,Tx5,0.95,2.460808834982242,0.48845,0.43333333333333335,0.391304347826087,0.036,0.06593406593406594,18,372,28,482
hos:bispectrum,relation_zdist,Tx6,0.95,2.460808834982242,0.545075,0.45444444444444443,0.5692307692307692,0.074,0.13097345132743363,37,372,28,463
hos:bispectrum,relation_zdist,Tx7,0.95,2.460808834982242,0.544085,0.4388888888888889,0.45098039215686275,0.046,0.08348457350272233,23,372,28,477
hos:bispectrum,relation_zdist,Tx8,0.95,2.460808834982242,0.460975,0.43,0.3488372093023256,0.03,0.05524861878453039,15,372,28,485
hos:bispectrum,relation_zdist,Tx5,0.97,3.2114894969386616,0.48845,0.43777777777777777,0.38461538461538464,0.02,0.03802281368821293,10,384,16,490
hos:bispectrum,relation_zdist,Tx6,0.97,3.2114894969386616,0.545075,0.45,0.5675675675675675,0.042,0.0782122905027933,21,384,16,479
hos:bispectrum,relation_zdist,Tx7,0.97,3.2114894969386616,0.544085,0.44666666666666666,0.5294117647058824,0.036,0.06741573033707864,18,384,16,482
hos:bispectrum,relation_zdist,Tx8,0.97,3.2114894969386616,0.460975,0.43666666666666665,0.36,0.018,0.03428571428571428,9,384,16,491
hos:bispectrum,relation_pca_residual,Tx5,0.9,0.39658656186792784,0.49049,0.44333333333333336,0.49572649572649574,0.116,0.1880064829821718,58,341,59,442
hos:bispectrum,relation_pca_residual,Tx6,0.9,0.39658656186792784,0.5211,0.4777777777777778,0.6013513513513513,0.178,0.27469135802469136,89,341,59,411
hos:bispectrum,relation_pca_residual,Tx7,0.9,0.39658656186792784,0.541215,0.48444444444444446,0.6168831168831169,0.19,0.290519877675841,95,341,59,405
hos:bispectrum,relation_pca_residual,Tx8,0.9,0.39658656186792784,0.47907,0.43666666666666665,0.46846846846846846,0.104,0.1702127659574468,52,341,59,448
hos:bispectrum,relation_pca_residual,Tx5,0.95,0.5576687592741576,0.49049,0.43555555555555553,0.43333333333333335,0.052,0.09285714285714285,26,366,34,474
hos:bispectrum,relation_pca_residual,Tx6,0.95,0.5576687592741576,0.5211,0.46,0.5853658536585366,0.096,0.16494845360824742,48,366,34,452
hos:bispectrum,relation_pca_residual,Tx7,0.95,0.5576687592741576,0.541215,0.46444444444444444,0.6046511627906976,0.104,0.1774744027303754,52,366,34,448
hos:bispectrum,relation_pca_residual,Tx8,0.95,0.5576687592741576,0.47907,0.43666666666666665,0.4426229508196721,0.054,0.0962566844919786,27,366,34,473
hos:bispectrum,relation_pca_residual,Tx5,0.97,0.6996640127757568,0.49049,0.4311111111111111,0.35714285714285715,0.03,0.05535055350553506,15,373,27,485
hos:bispectrum,relation_pca_residual,Tx6,0.97,0.6996640127757568,0.5211,0.4488888888888889,0.5344827586206896,0.062,0.1111111111111111,31,373,27,469
hos:bispectrum,relation_pca_residual,Tx7,0.97,0.6996640127757568,0.541215,0.45,0.5423728813559322,0.064,0.11449016100178892,32,373,27,468
hos:bispectrum,relation_pca_residual,Tx8,0.97,0.6996640127757568,0.47907,0.43222222222222223,0.37209302325581395,0.032,0.05893186003683241,16,373,27,484
hos:bispectrum,relation_shrinkage_mahalanobis,Tx5,0.9,51.87319792712842,0.487915,0.44,0.47959183673469385,0.094,0.15719063545150502,47,349,51,453
hos:bispectrum,relation_shrinkage_mahalanobis,Tx6,0.9,51.87319792712842,0.537225,0.46555555555555556,0.5785123966942148,0.14,0.22544283413848631,70,349,51,430
hos:bispectrum,relation_shrinkage_mahalanobis,Tx7,0.9,51.87319792712842,0.54619,0.47444444444444445,0.6046511627906976,0.156,0.24801271860095386,78,349,51,422
hos:bispectrum,relation_shrinkage_mahalanobis,Tx8,0.9,51.87319792712842,0.466115,0.44,0.47959183673469385,0.094,0.15719063545150502,47,349,51,453
hos:bispectrum,relation_shrinkage_mahalanobis,Tx5,0.95,78.07019528297093,0.487915,0.43222222222222223,0.39215686274509803,0.04,0.07259528130671507,20,369,31,480
hos:bispectrum,relation_shrinkage_mahalanobis,Tx6,0.95,78.07019528297093,0.537225,0.45,0.5373134328358209,0.072,0.12698412698412698,36,369,31,464
hos:bispectrum,relation_shrinkage_mahalanobis,Tx7,0.95,78.07019528297093,0.54619,0.45,0.5373134328358209,0.072,0.12698412698412698,36,369,31,464
hos:bispectrum,relation_shrinkage_mahalanobis,Tx8,0.95,78.07019528297093,0.466115,0.43333333333333335,0.40384615384615385,0.042,0.07608695652173914,21,369,31,479
hos:bispectrum,relation_shrinkage_mahalanobis,Tx5,0.97,98.80286484603302,0.487915,0.43333333333333335,0.34375,0.022,0.041353383458646614,11,379,21,489
hos:bispectrum,relation_shrinkage_mahalanobis,Tx6,0.97,98.80286484603302,0.537225,0.45222222222222225,0.5714285714285714,0.056,0.10200364298724954,28,379,21,472
hos:bispectrum,relation_shrinkage_mahalanobis,Tx7,0.97,98.80286484603302,0.54619,0.44555555555555554,0.5116279069767442,0.044,0.08103130755064455,22,379,21,478
hos:bispectrum,relation_shrinkage_mahalanobis,Tx8,0.97,98.80286484603302,0.466115,0.43333333333333335,0.34375,0.022,0.041353383458646614,11,379,21,489
