pair,method,tx,threshold_quantile,threshold,auc,accuracy,precision,recall,f1,tp,tn,fp,fn
iq:ap,relation_zdist,Tx2,0.9,2.1936066669799654,0.4599,0.27166666666666667,0.8181818181818182,0.162,0.2704507512520868,81,82,18,419
iq:ap,relation_zdist,Tx3,0.9,2.1936066669799654,0.4671,0.2833333333333333,0.8301886792452831,0.176,0.29042904290429045,88,82,18,412
iq:ap,relation_zdist,Tx4,0.9,2.1936066669799654,0.48538,0.2833333333333333,0.8301886792452831,0.176,0.29042904290429045,88,82,18,412
iq:ap,relation_zdist,Tx5,0.9,2.1936066669799654,0.44498,0.25666666666666665,0.8,0.144,0.24406779661016947,72,82,18,428
iq:ap,relation_zdist,Tx6,0.9,2.1936066669799654,0.45552,0.27166666666666667,0.8181818181818182,0.162,0.2704507512520868,81,82,18,419
iq:ap,relation_zdist,Tx7,0.9,2.1936066669799654,0.46306,0.2833333333333333,0.8301886792452831,0.176,0.29042904290429045,88,82,18,412
iq:ap,relation_zdist,Tx8,0.9,2.1936066669799654,0.49546,0.24333333333333335,0.7804878048780488,0.128,0.21993127147766323,64,82,18,436
iq:ap,relation_zdist,Tx2,0.95,4.094393708157549,0.4599,0.25333333333333335,0.8513513513513513,0.126,0.21951219512195122,63,89,11,437
iq:ap,relation_zdist,Tx3,0.95,4.094393708157549,0.4671,0.24833333333333332,0.8450704225352113,0.12,0.21015761821366022,60,89,11,440
iq:ap,relation_zdist,Tx4,0.95,4.094393708157549,0.48538,0.24666666666666667,0.8428571428571429,0.118,0.20701754385964913,59,89,11,441
iq:ap,relation_zdist,Tx5,0.95,4.094393708157549,0.44498,0.24333333333333335,0.8382352941176471,0.114,0.2007042253521127,57,89,11,443
iq:ap,relation_zdist,Tx6,0.95,4.094393708157549,0.45552,0.25833333333333336,0.8571428571428571,0.132,0.22876949740034663,66,89,11,434
iq:ap,relation_zdist,Tx7,0.95,4.094393708157549,0.46306,0.25,0.8472222222222222,0.122,0.21328671328671328,61,89,11,439
iq:ap,relation_zdist,Tx8,0.95,4.094393708157549,0.49546,0.205,0.7555555555555555,0.068,0.12477064220183486,34,89,11,466
iq:ap,relation_zdist,Tx2,0.97,6.199780105517112,0.4599,0.22,0.8333333333333334,0.08,0.145985401459854,40,92,8,460
iq:ap,relation_zdist,Tx3,0.97,6.199780105517112,0.4671,0.23,0.8518518518518519,0.092,0.16606498194945848,46,92,8,454
iq:ap,relation_zdist,Tx4,0.97,6.199780105517112,0.48538,0.22166666666666668,0.8367346938775511,0.082,0.14936247723132973,41,92,8,459
iq:ap,relation_zdist,Tx5,0.97,6.199780105517112,0.44498,0.22833333333333333,0.8490566037735849,0.09,0.162748643761302,45,92,8,455
iq:ap,relation_zdist,Tx6,0.97,6.199780105517112,0.45552,0.23,0.8518518518518519,0.092,0.16606498194945848,46,92,8,454
iq:ap,relation_zdist,Tx7,0.97,6.199780105517112,0.46306,0.23666666666666666,0.8620689655172413,0.1,0.1792114695340502,50,92,8,450
iq:ap,relation_zdist,Tx8,0.97,6.199780105517112,0.49546,0.18666666666666668,0.7142857142857143,0.04,0.07575757575757576,20,92,8,480
iq:ap,relation_pca_residual,Tx2,0.9,0.3308703881681182,0.49714,0.2866666666666667,0.8214285714285714,0.184,0.3006535947712418,92,80,20,408
iq:ap,relation_pca_residual,Tx3,0.9,0.3308703881681182,0.49494,0.295,0.8290598290598291,0.194,0.3144246353322528,97,80,20,403
iq:ap,relation_pca_residual,Tx4,0.9,0.3308703881681182,0.4711,0.30666666666666664,0.8387096774193549,0.208,0.3333333333333333,104,80,20,396
iq:ap,relation_pca_residual,Tx5,0.9,0.3308703881681182,0.43316,0.2733333333333333,0.8076923076923077,0.168,0.2781456953642384,84,80,20,416
iq:ap,relation_pca_residual,Tx6,0.9,0.3308703881681182,0.54214,0.29333333333333333,0.8275862068965517,0.192,0.3116883116883117,96,80,20,404
iq:ap,relation_pca_residual,Tx7,0.9,0.3308703881681182,0.47172,0.30333333333333334,0.8360655737704918,0.204,0.3279742765273312,102,80,20,398
iq:ap,relation_pca_residual,Tx8,0.9,0.3308703881681182,0.5139,0.285,0.8198198198198198,0.182,0.2978723404255319,91,80,20,409
iq:ap,relation_pca_residual,Tx2,0.95,0.455325973792303,0.49714,0.2783333333333333,0.8526315789473684,0.162,0.27226890756302524,81,86,14,419
iq:ap,relation_pca_residual,Tx3,0.95,0.455325973792303,0.49494,0.2833333333333333,0.8571428571428571,0.168,0.2809364548494983,84,86,14,416
iq:ap,relation_pca_residual,Tx4,0.95,0.455325973792303,0.4711,0.2816666666666667,0.8556701030927835,0.166,0.27805695142378556,83,86,14,417
iq:ap,relation_pca_residual,Tx5,0.95,0.455325973792303,0.43316,0.265,0.8390804597701149,0.146,0.24872231686541738,73,86,14,427
iq:ap,relation_pca_residual,Tx6,0.95,0.455325973792303,0.54214,0.2866666666666667,0.86,0.172,0.2866666666666666,86,86,14,414
iq:ap,relation_pca_residual,Tx7,0.95,0.455325973792303,0.47172,0.285,0.8585858585858586,0.17,0.2838063439065109,85,86,14,415
iq:ap,relation_pca_residual,Tx8,0.95,0.455325973792303,0.5139,0.25666666666666665,0.8292682926829268,0.136,0.23367697594501718,68,86,14,432
iq:ap,relation_pca_residual,Tx2,0.97,0.6024711527504768,0.49714,0.27166666666666667,0.8795180722891566,0.146,0.2504288164665523,73,90,10,427
iq:ap,relation_pca_residual,Tx3,0.97,0.6024711527504768,0.49494,0.2683333333333333,0.8765432098765432,0.142,0.2444061962134251,71,90,10,429
iq:ap,relation_pca_residual,Tx4,0.97,0.6024711527504768,0.4711,0.26666666666666666,0.875,0.14,0.24137931034482757,70,90,10,430
iq:ap,relation_pca_residual,Tx5,0.97,0.6024711527504768,0.43316,0.255,0.863013698630137,0.126,0.2198952879581152,63,90,10,437
iq:ap,relation_pca_residual,Tx6,0.97,0.6024711527504768,0.54214,0.27166666666666667,0.8795180722891566,0.146,0.2504288164665523,73,90,10,427
iq:ap,relation_pca_residual,Tx7,0.97,0.6024711527504768,0.47172,0.2816666666666667,0.8876404494382022,0.158,0.268251273344652,79,90,10,421
iq:ap,relation_pca_residual,Tx8,0.97,0.6024711527504768,0.5139,0.24,0.84375,0.108,0.19148936170212766,54,90,10,446
iq:ap,relation_shrinkage_mahalanobis,Tx2,0.9,76.62523901877604,0.47672,0.2733333333333333,0.82,0.164,0.2733333333333333,82,82,18,418
iq:ap,relation_shrinkage_mahalanobis,Tx3,0.9,76.62523901877604,0.50006,0.29,0.8363636363636363,0.184,0.30163934426229505,92,82,18,408
iq:ap,relation_shrinkage_mahalanobis,Tx4,0.9,76.62523901877604,0.50978,0.285,0.8317757009345794,0.178,0.2932454695222405,89,82,18,411
iq:ap,relation_shrinkage_mahalanobis,Tx5,0.9,76.62523901877604,0.4734,0.265,0.8105263157894737,0.154,0.2588235294117647,77,82,18,423
iq:ap,relation_shrinkage_mahalanobis,Tx6,0.9,76.62523901877604,0.48468,0.2833333333333333,0.8301886792452831,0.176,0.29042904290429045,88,82,18,412
iq:ap,relation_shrinkage_mahalanobis,Tx7,0.9,76.62523901877604,0.50854,0.28833333333333333,0.8348623853211009,0.182,0.29885057471264365,91,82,18,409
iq:ap,relation_shrinkage_mahalanobis,Tx8,0.9,76.62523901877604,0.52534,0.26,0.8043478260869565,0.148,0.24999999999999997,74,82,18,426
iq:ap,relation_shrinkage_mahalanobis,Tx2,0.95,113.3672687716927,0.47672,0.2733333333333333,0.872093023255814,0.15,0.25597269624573377,75,89,11,425
iq:ap,relation_shrinkage_mahalanobis,Tx3,0.95,113.3672687716927,0.50006,0.2683333333333333,0.8674698795180723,0.144,0.24699828473413377,72,89,11,428
iq:ap,relation_shrinkage_mahalanobis,Tx4,0.95,113.3672687716927,0.50978,0.26666666666666666,0.8658536585365854,0.142,0.2439862542955326,71,89,11,429
iq:ap,relation_shrinkage_mahalanobis,Tx5,0.95,113.3672687716927,0.4734,0.25666666666666665,0.8552631578947368,0.13,0.22569444444444445,65,89,11,435
iq:ap,relation_shrinkage_mahalanobis,Tx6,0.95,113.3672687716927,0.48468,0.2733333333333333,0.872093023255814,0.15,0.25597269624573377,75,89,11,425
iq:ap,relation_shrinkage_mahalanobis,Tx7,0.95,113.3672687716927,0.50854,0.2783333333333333,0.8764044943820225,0.156,0.26485568760611206,78,89,11,422
iq:ap,relation_shrinkage_mahalanobis,Tx8,0.95,113.3672687716927,0.52534,0.22333333333333333,0.8035714285714286,0.09,0.16187050359712232,45,89,11,455
iq:ap,relation_shrinkage_mahalanobis,Tx2,0.97,159.59290683908955,0.47672,0.24166666666666667,0.835820895522388,0.112,0.19753086419753085,56,89,11,444
iq:ap,relation_shrinkage_mahalanobis,Tx3,0.97,159.59290683908955,0.50006,0.245,0.8405797101449275,0.116,0.2038664323374341,58,89,11,442
iq:ap,relation_shrinkage_mahalanobis,Tx4,0.97,159.59290683908955,0.50978,0.245,0.8405797101449275,0.116,0.2038664323374341,58,89,11,442
iq:ap,relation_shrinkage_mahalanobis,Tx5,0.97,159.59290683908955,0.4734,0.245,0.8405797101449275,0.116,0.2038664323374341,58,89,11,442
iq:ap,relation_shrinkage_mahalanobis,Tx6,0.97,159.59290683908955,0.48468,0.24333333333333335,0.8382352941176471,0.114,0.2007042253521127,57,89,11,443
iq:ap,relation_shrinkage_mahalanobis,Tx7,0.97,159.59290683908955,0.50854,0.25833333333333336,0.8571428571428571,0.132,0.22876949740034663,66,89,11,434
iq:ap,relation_shrinkage_mahalanobis,Tx8,0.97,159.59290683908955,0.52534,0.19833333333333333,0.7317073170731707,0.06,0.11090573012939,30,89,11,470
iq:fft,relation_zdist,Tx2,0.9,2.1202654970240014,0.49438,0.275,0.8350515463917526,0.162,0.27135678391959794,81,84,16,419
iq:fft,relation_zdist,Tx3,0.9,2.1202654970240014,0.51174,0.2966666666666667,0.8545454545454545,0.188,0.3081967213114754,94,84,16,406
iq:fft,relation_zdist,Tx4,0.9,2.1202654970240014,0.52978,0.29833333333333334,0.8558558558558559,0.19,0.3109656301145663,95,84,16,405
iq:fft,relation_zdist,Tx5,0.9,2.1202654970240014,0.48736,0.2783333333333333,0.8383838383838383,0.166,0.27712854757929883,83,84,16,417
iq:fft,relation_zdist,Tx6,0.9,2.1202654970240014,0.5088,0.28833333333333333,0.8476190476190476,0.178,0.29421487603305785,89,84,16,411
iq:fft,relation_zdist,Tx7,0.9,2.1202654970240014,0.51176,0.29833333333333334,0.8558558558558559,0.19,0.3109656301145663,95,84,16,405
iq:fft,relation_zdist,Tx8,0.9,2.1202654970240014,0.51078,0.25,0.8048780487804879,0.132,0.2268041237113402,66,84,16,434
iq:fft,relation_zdist,Tx2,0.95,4.116130996344741,0.49438,0.25833333333333336,0.8873239436619719,0.126,0.22066549912434327,63,92,8,437
iq:fft,relation_zdist,Tx3,0.95,4.116130996344741,0.51174,0.27666666666666667,0.9024390243902439,0.148,0.2542955326460481,74,92,8,426
iq:fft,relation_zdist,Tx4,0.95,4.116130996344741,0.52978,0.24666666666666667,0.875,0.112,0.19858156028368795,56,92,8,444
iq:fft,relation_zdist,Tx5,0.95,4.116130996344741,0.48736,0.25333333333333335,0.8823529411764706,0.12,0.21126760563380279,60,92,8,440
iq:fft,relation_zdist,Tx6,0.95,4.116130996344741,0.5088,0.26,0.8888888888888888,0.128,0.22377622377622375,64,92,8,436
iq:fft,relation_zdist,Tx7,0.95,4.116130996344741,0.51176,0.2683333333333333,0.8961038961038961,0.138,0.23916811091854423,69,92,8,431
iq:fft,relation_zdist,Tx8,0.95,4.116130996344741,0.51078,0.225,0.8431372549019608,0.086,0.1560798548094374,43,92,8,457
iq:fft,relation_zdist,Tx2,0.97,6.801508390694461,0.49438,0.23666666666666666,0.8888888888888888,0.096,0.1732851985559567,48,94,6,452
iq:fft,relation_zdist,Tx3,0.97,6.801508390694461,0.51174,0.23333333333333334,0.8846153846153846,0.092,0.16666666666666666,46,94,6,454
iq:fft,relation_zdist,Tx4,0.97,6.801508390694461,0.52978,0.21333333333333335,0.85,0.068,0.12592592592592594,34,94,6,466
iq:fft,relation_zdist,Tx5,0.97,6.801508390694461,0.48736,0.23,0.88,0.088,0.16,44,94,6,456
iq:fft,relation_zdist,Tx6,0.97,6.801508390694461,0.5088,0.23333333333333334,0.8846153846153846,0.092,0.16666666666666666,46,94,6,454
iq:fft,relation_zdist,Tx7,0.97,6.801508390694461,0.51176,0.23,0.88,0.088,0.16,44,94,6,456
iq:fft,relation_zdist,Tx8,0.97,6.801508390694461,0.51078,0.19833333333333333,0.8064516129032258,0.05,0.09416195856873823,25,94,6,475
iq:fft,relation_pca_residual,Tx2,0.9,0.37484862524459533,0.50388,0.2816666666666667,0.7948717948717948,0.186,0.3014586709886548,93,76,24,407
iq:fft,relation_pca_residual,Tx3,0.9,0.37484862524459533,0.5108,0.30666666666666664,0.8181818181818182,0.216,0.34177215189873417,108,76,24,392
iq:fft,relation_pca_residual,Tx4,0.9,0.37484862524459533,0.51848,0.30833333333333335,0.8195488721804511,0.218,0.344391785150079,109,76,24,391
iq:fft,relation_pca_residual,Tx5,0.9,0.37484862524459533,0.48298,0.2816666666666667,0.7948717948717948,0.186,0.3014586709886548,93,76,24,407
iq:fft,relation_pca_residual,Tx6,0.9,0.37484862524459533,0.51416,0.2916666666666667,0.8048780487804879,0.198,0.317817014446228,99,76,24,401
iq:fft,relation_pca_residual,Tx7,0.9,0.37484862524459533,0.5045,0.295,0.808,0.202,0.32320000000000004,101,76,24,399
iq:fft,relation_pca_residual,Tx8,0.9,0.37484862524459533,0.52812,0.27666666666666667,0.7894736842105263,0.18,0.2931596091205212,90,76,24,410
iq:fft,relation_pca_residual,Tx2,0.95,0.5633826118868043,0.50388,0.27666666666666667,0.84375,0.162,0.2718120805369128,81,85,15,419
iq:fft,relation_pca_residual,Tx3,0.95,0.5633826118868043,0.5108,0.29,0.8557692307692307,0.178,0.29470198675496684,89,85,15,411
iq:fft,relation_pca_residual,Tx4,0.95,0.5633826118868043,0.51848,0.29,0.8557692307692307,0.178,0.29470198675496684,89,85,15,411
iq:fft,relation_pca_residual,Tx5,0.95,0.5633826118868043,0.48298,0.27,0.8369565217391305,0.154,0.2601351351351351,77,85,15,423
iq:fft,relation_pca_residual,Tx6,0.95,0.5633826118868043,0.51416,0.275,0.8421052631578947,0.16,0.26890756302521013,80,85,15,420
iq:fft,relation_pca_residual,Tx7,0.95,0.5633826118868043,0.5045,0.29333333333333333,0.8584905660377359,0.182,0.3003300330033003,91,85,15,409
iq:fft,relation_pca_residual,Tx8,0.95,0.5633826118868043,0.52812,0.25833333333333336,0.8235294117647058,0.14,0.23931623931623933,70,85,15,430
iq:fft,relation_pca_residual,Tx2,0.97,0.7121067379446442,0.50388,0.265,0.8641975308641975,0.14,0.24096385542168675,70,89,11,430
iq:fft,relation_pca_residual,Tx3,0.97,0.7121067379446442,0.5108,0.2783333333333333,0.8764044943820225,0.156,0.26485568760611206,78,89,11,422
iq:fft,relation_pca_residual,Tx4,0.97,0.7121067379446442,0.51848,0.275,0.8735632183908046,0.152,0.2589437819420784,76,89,11,424
iq:fft,relation_pca_residual,Tx5,0.97,0.7121067379446442,0.48298,0.26666666666666666,0.8658536585365854,0.142,0.2439862542955326,71,89,11,429
iq:fft,relation_pca_residual,Tx6,0.97,0.7121067379446442,0.51416,0.265,0.8641975308641975,0.14,0.24096385542168675,70,89,11,430
iq:fft,relation_pca_residual,Tx7,0.97,0.7121067379446442,0.5045,0.2816666666666667,0.8791208791208791,0.16,0.2707275803722504,80,89,11,420
iq:fft,relation_pca_residual,Tx8,0.97,0.7121067379446442,0.52812,0.24333333333333335,0.8382352941176471,0.114,0.2007042253521127,57,89,11,443
iq:fft,relation_shrinkage_mahalanobis,Tx2,0.9,65.60273677564437,0.49982,0.285,0.8198198198198198,0.182,0.2978723404255319,91,80,20,409
iq:fft,relation_shrinkage_mahalanobis,Tx3,0.9,65.60273677564437,0.52018,0.30333333333333334,0.8360655737704918,0.204,0.3279742765273312,102,80,20,398
iq:fft,relation_shrinkage_mahalanobis,Tx4,0.9,65.60273677564437,0.53906,0.30833333333333335,0.84,0.21,0.3359999999999999,105,80,20,395
iq:fft,relation_shrinkage_mahalanobis,Tx5,0.9,65.60273677564437,0.49318,0.28,0.8148148148148148,0.176,0.2894736842105263,88,80,20,412
iq:fft,relation_shrinkage_mahalanobis,Tx6,0.9,65.60273677564437,0.5193,0.3,0.8333333333333334,0.2,0.3225806451612903,100,80,20,400
iq:fft,relation_shrinkage_mahalanobis,Tx7,0.9,65.60273677564437,0.52242,0.3016666666666667,0.8347107438016529,0.202,0.3252818035426731,101,80,20,399
iq:fft,relation_shrinkage_mahalanobis,Tx8,0.9,65.60273677564437,0.53096,0.26666666666666666,0.8,0.16,0.26666666666666666,80,80,20,420
iq:fft,relation_shrinkage_mahalanobis,Tx2,0.95,120.50920538783889,0.49982,0.27166666666666667,0.8987341772151899,0.142,0.24525043177892913,71,92,8,429
iq:fft,relation_shrinkage_mahalanobis,Tx3,0.95,120.50920538783889,0.52018,0.2866666666666667,0.9090909090909091,0.16,0.27210884353741494,80,92,8,420
iq:fft,relation_shrinkage_mahalanobis,Tx4,0.95,120.50920538783889,0.53906,0.2783333333333333,0.9036144578313253,0.15,0.25728987993138935,75,92,8,425
iq:fft,relation_shrinkage_mahalanobis,Tx5,0.95,120.50920538783889,0.49318,0.26666666666666666,0.8947368421052632,0.136,0.23611111111111113,68,92,8,432
iq:fft,relation_shrinkage_mahalanobis,Tx6,0.95,120.50920538783889,0.5193,0.26166666666666666,0.8904109589041096,0.13,0.22687609075043635,65,92,8,435
iq:fft,relation_shrinkage_mahalanobis,Tx7,0.95,120.50920538783889,0.52242,0.2816666666666667,0.9058823529411765,0.154,0.26324786324786326,77,92,8,423
iq:fft,relation_shrinkage_mahalanobis,Tx8,0.95,120.50920538783889,0.53096,0.23833333333333334,0.864406779661017,0.102,0.18246869409660105,51,92,8,449
iq:fft,relation_shrinkage_mahalanobis,Tx2,0.97,173.33074307822324,0.49982,0.25,0.890625,0.114,0.20212765957446807,57,93,7,443
iq:fft,relation_shrinkage_mahalanobis,Tx3,0.97,173.33074307822324,0.52018,0.265,0.9041095890410958,0.132,0.23036649214659685,66,93,7,434
iq:fft,relation_shrinkage_mahalanobis,Tx4,0.97,173.33074307822324,0.53906,0.23666666666666666,0.875,0.098,0.1762589928057554,49,93,7,451
iq:fft,relation_shrinkage_mahalanobis,Tx5,0.97,173.33074307822324,0.49318,0.24833333333333332,0.8888888888888888,0.112,0.19893428063943158,56,93,7,444
iq:fft,relation_shrinkage_mahalanobis,Tx6,0.97,173.33074307822324,0.5193,0.25,0.890625,0.114,0.20212765957446807,57,93,7,443
iq:fft,relation_shrinkage_mahalanobis,Tx7,0.97,173.33074307822324,0.52242,0.25666666666666665,0.8970588235294118,0.122,0.2147887323943662,61,93,7,439
iq:fft,relation_shrinkage_mahalanobis,Tx8,0.97,173.33074307822324,0.53096,0.21833333333333332,0.8444444444444444,0.076,0.13944954128440368,38,93,7,462
iq:stft,relation_zdist,Tx2,0.9,1.9619480421201443,0.45608,0.26,0.8111111111111111,0.146,0.24745762711864405,73,83,17,427
iq:stft,relation_zdist,Tx3,0.9,1.9619480421201443,0.47486,0.2733333333333333,0.826530612244898,0.162,0.2709030100334448,81,83,17,419
iq:stft,relation_zdist,Tx4,0.9,1.9619480421201443,0.4844,0.27666666666666667,0.83,0.166,0.27666666666666667,83,83,17,417
iq:stft,relation_zdist,Tx5,0.9,1.9619480421201443,0.45638,0.26,0.8111111111111111,0.146,0.24745762711864405,73,83,17,427
iq:stft,relation_zdist,Tx6,0.9,1.9619480421201443,0.46038,0.2683333333333333,0.8210526315789474,0.156,0.26218487394957984,78,83,17,422
iq:stft,relation_zdist,Tx7,0.9,1.9619480421201443,0.45136,0.26,0.8111111111111111,0.146,0.24745762711864405,73,83,17,427
iq:stft,relation_zdist,Tx8,0.9,1.9619480421201443,0.44368,0.21,0.7166666666666667,0.086,0.15357142857142858,43,83,17,457
iq:stft,relation_zdist,Tx2,0.95,3.0980557410437792,0.45608,0.23666666666666666,0.8181818181818182,0.108,0.19081272084805653,54,88,12,446
iq:stft,relation_zdist,Tx3,0.95,3.0980557410437792,0.47486,0.23666666666666666,0.8181818181818182,0.108,0.19081272084805653,54,88,12,446
iq:stft,relation_zdist,Tx4,0.95,3.0980557410437792,0.4844,0.21833333333333332,0.7818181818181819,0.086,0.15495495495495495,43,88,12,457
iq:stft,relation_zdist,Tx5,0.95,3.0980557410437792,0.45638,0.21166666666666667,0.7647058823529411,0.078,0.1415607985480944,39,88,12,461
iq:stft,relation_zdist,Tx6,0.95,3.0980557410437792,0.46038,0.20833333333333334,0.7551020408163265,0.074,0.13479052823315119,37,88,12,463
iq:stft,relation_zdist,Tx7,0.95,3.0980557410437792,0.45136,0.21166666666666667,0.7647058823529411,0.078,0.1415607985480944,39,88,12,461
iq:stft,relation_zdist,Tx8,0.95,3.0980557410437792,0.44368,0.18666666666666668,0.6666666666666666,0.048,0.08955223880597014,24,88,12,476
iq:stft,relation_zdist,Tx2,0.97,3.8265974562766836,0.45608,0.22333333333333333,0.84,0.084,0.15272727272727274,42,92,8,458
iq:stft,relation_zdist,Tx3,0.97,3.8265974562766836,0.47486,0.23,0.8518518518518519,0.092,0.16606498194945848,46,92,8,454
iq:stft,relation_zdist,Tx4,0.97,3.8265974562766836,0.4844,0.215,0.8222222222222222,0.074,0.13577981651376148,37,92,8,463
iq:stft,relation_zdist,Tx5,0.97,3.8265974562766836,0.45638,0.20833333333333334,0.8048780487804879,0.066,0.12199630314232902,33,92,8,467
iq:stft,relation_zdist,Tx6,0.97,3.8265974562766836,0.46038,0.20666666666666667,0.8,0.064,0.11851851851851851,32,92,8,468
iq:stft,relation_zdist,Tx7,0.97,3.8265974562766836,0.45136,0.2,0.7777777777777778,0.056,0.1044776119402985,28,92,8,472
iq:stft,relation_zdist,Tx8,0.97,3.8265974562766836,0.44368,0.18166666666666667,0.68,0.034,0.06476190476190476,17,92,8,483
iq:stft,relation_pca_residual,Tx2,0.9,0.4263801154015615,0.40598,0.26666666666666666,0.8061224489795918,0.158,0.26421404682274247,79,81,19,421
iq:stft,relation_pca_residual,Tx3,0.9,0.4263801154015615,0.44092,0.285,0.8256880733944955,0.18,0.29556650246305416,90,81,19,410
iq:stft,relation_pca_residual,Tx4,0.9,0.4263801154015615,0.48322,0.31166666666666665,0.848,0.212,0.33919999999999995,106,81,19,394
iq:stft,relation_pca_residual,Tx5,0.9,0.4263801154015615,0.44722,0.2833333333333333,0.8240740740740741,0.178,0.2927631578947368,89,81,19,411
iq:stft,relation_pca_residual,Tx6,0.9,0.4263801154015615,0.44666,0.2866666666666667,0.8272727272727273,0.182,0.2983606557377049,91,81,19,409
iq:stft,relation_pca_residual,Tx7,0.9,0.4263801154015615,0.44058,0.285,0.8256880733944955,0.18,0.29556650246305416,90,81,19,410
iq:stft,relation_pca_residual,Tx8,0.9,0.4263801154015615,0.42174,0.24,0.7682926829268293,0.126,0.21649484536082475,63,81,19,437
iq:stft,relation_pca_residual,Tx2,0.95,0.6198071190437213,0.40598,0.24333333333333335,0.8194444444444444,0.118,0.20629370629370627,59,87,13,441
iq:stft,relation_pca_residual,Tx3,0.95,0.6198071190437213,0.44092,0.24,0.8142857142857143,0.114,0.2,57,87,13,443
iq:stft,relation_pca_residual,Tx4,0.95,0.6198071190437213,0.48322,0.25833333333333336,0.8395061728395061,0.136,0.23407917383820998,68,87,13,432
iq:stft,relation_pca_residual,Tx5,0.95,0.6198071190437213,0.44722,0.23833333333333334,0.8115942028985508,0.112,0.19683655536028122,56,87,13,444
iq:stft,relation_pca_residual,Tx6,0.95,0.6198071190437213,0.44666,0.24666666666666667,0.8243243243243243,0.122,0.21254355400696864,61,87,13,439
iq:stft,relation_pca_residual,Tx7,0.95,0.6198071190437213,0.44058,0.235,0.8059701492537313,0.108,0.19047619047619047,54,87,13,446
iq:stft,relation_pca_residual,Tx8,0.95,0.6198071190437213,0.42174,0.20833333333333334,0.7450980392156863,0.076,0.13793103448275862,38,87,13,462
iq:stft,relation_pca_residual,Tx2,0.97,0.8587868667117514,0.40598,0.225,0.8181818181818182,0.09,0.16216216216216217,45,90,10,455
iq:stft,relation_pca_residual,Tx3,0.97,0.8587868667117514,0.44092,0.22333333333333333,0.8148148148148148,0.088,0.1588447653429603,44,90,10,456
iq:stft,relation_pca_residual,Tx4,0.97,0.8587868667117514,0.48322,0.225,0.8181818181818182,0.09,0.16216216216216217,45,90,10,455
iq:stft,relation_pca_residual,Tx5,0.97,0.8587868667117514,0.44722,0.215,0.7959183673469388,0.078,0.14207650273224043,39,90,10,461
iq:stft,relation_pca_residual,Tx6,0.97,0.8587868667117514,0.44666,0.22666666666666666,0.8214285714285714,0.092,0.16546762589928057,46,90,10,454
iq:stft,relation_pca_residual,Tx7,0.97,0.8587868667117514,0.44058,0.21833333333333332,0.803921568627451,0.082,0.14882032667876588,41,90,10,459
iq:stft,relation_pca_residual,Tx8,0.97,0.8587868667117514,0.42174,0.185,0.6774193548387096,0.042,0.07909604519774012,21,90,10,479
iq:stft,relation_shrinkage_mahalanobis,Tx2,0.9,64.59875194214567,0.4522,0.27,0.8297872340425532,0.156,0.26262626262626265,78,84,16,422
iq:stft,relation_shrinkage_mahalanobis,Tx3,0.9,64.59875194214567,0.48064,0.2733333333333333,0.8333333333333334,0.16,0.2684563758389262,80,84,16,420
iq:stft,relation_shrinkage_mahalanobis,Tx4,0.9,64.59875194214567,0.51008,0.27,0.8297872340425532,0.156,0.26262626262626265,78,84,16,422
iq:stft,relation_shrinkage_mahalanobis,Tx5,0.9,64.59875194214567,0.4752,0.2683333333333333,0.8279569892473119,0.154,0.25969645868465424,77,84,16,423
iq:stft,relation_shrinkage_mahalanobis,Tx6,0.9,64.59875194214567,0.47544,0.275,0.8350515463917526,0.162,0.27135678391959794,81,84,16,419
iq:stft,relation_shrinkage_mahalanobis,Tx7,0.9,64.59875194214567,0.46996,0.2633333333333333,0.8222222222222222,0.148,0.25084745762711863,74,84,16,426
iq:stft,relation_shrinkage_mahalanobis,Tx8,0.9,64.59875194214567,0.45876,0.22333333333333333,0.7575757575757576,0.1,0.17667844522968199,50,84,16,450
iq:stft,relation_shrinkage_mahalanobis,Tx2,0.95,93.5719772397208,0.4522,0.24,0.8235294117647058,0.112,0.19718309859154928,56,88,12,444
iq:stft,relation_shrinkage_mahalanobis,Tx3,0.95,93.5719772397208,0.48064,0.245,0.8309859154929577,0.118,0.2066549912434326,59,88,12,441
iq:stft,relation_shrinkage_mahalanobis,Tx4,0.95,93.5719772397208,0.51008,0.24166666666666667,0.8260869565217391,0.114,0.20035149384885764,57,88,12,443
iq:stft,relation_shrinkage_mahalanobis,Tx5,0.95,93.5719772397208,0.4752,0.22333333333333333,0.7931034482758621,0.092,0.16487455197132617,46,88,12,454
iq:stft,relation_shrinkage_mahalanobis,Tx6,0.95,93.5719772397208,0.47544,0.23,0.8064516129032258,0.1,0.17793594306049823,50,88,12,450
iq:stft,relation_shrinkage_mahalanobis,Tx7,0.95,93.5719772397208,0.46996,0.22833333333333333,0.8032786885245902,0.098,0.17468805704099824,49,88,12,451
iq:stft,relation_shrinkage_mahalanobis,Tx8,0.95,93.5719772397208,0.45876,0.19333333333333333,0.7,0.056,0.1037037037037037,28,88,12,472
iq:stft,relation_shrinkage_mahalanobis,Tx2,0.97,130.66764009807395,0.4522,0.22333333333333333,0.84,0.084,0.15272727272727274,42,92,8,458
iq:stft,relation_shrinkage_mahalanobis,Tx3,0.97,130.66764009807395,0.48064,0.21833333333333332,0.8297872340425532,0.078,0.14259597806215724,39,92,8,461
iq:stft,relation_shrinkage_mahalanobis,Tx4,0.97,130.66764009807395,0.51008,0.22166666666666668,0.8367346938775511,0.082,0.14936247723132973,41,92,8,459
iq:stft,relation_shrinkage_mahalanobis,Tx5,0.97,130.66764009807395,0.4752,0.21,0.8095238095238095,0.068,0.12546125461254612,34,92,8,466
iq:stft,relation_shrinkage_mahalanobis,Tx6,0.97,130.66764009807395,0.47544,0.20833333333333334,0.8048780487804879,0.066,0.12199630314232902,33,92,8,467
iq:stft,relation_shrinkage_mahalanobis,Tx7,0.97,130.66764009807395,0.46996,0.205,0.7948717948717948,0.062,0.1150278293135436,31,92,8,469
iq:stft,relation_shrinkage_mahalanobis,Tx8,0.97,130.66764009807395,0.45876,0.18333333333333332,0.6923076923076923,0.036,0.06844106463878326,18,92,8,482
iq:cepstral,relation_zdist,Tx2,0.9,2.3465321924913014,0.4735,0.2783333333333333,0.8526315789473684,0.162,0.27226890756302524,81,86,14,419
iq:cepstral,relation_zdist,Tx3,0.9,2.3465321924913014,0.4695,0.285,0.8585858585858586,0.17,0.2838063439065109,85,86,14,415
iq:cepstral,relation_zdist,Tx4,0.9,2.3465321924913014,0.49528,0.28,0.8541666666666666,0.164,0.2751677852348993,82,86,14,418
iq:cepstral,relation_zdist,Tx5,0.9,2.3465321924913014,0.46586,0.28,0.8541666666666666,0.164,0.2751677852348993,82,86,14,418
iq:cepstral,relation_zdist,Tx6,0.9,2.3465321924913014,0.47108,0.29,0.8627450980392157,0.176,0.29235880398671094,88,86,14,412
iq:cepstral,relation_zdist,Tx7,0.9,2.3465321924913014,0.46422,0.2916666666666667,0.8640776699029126,0.178,0.29519071310116085,89,86,14,411
iq:cepstral,relation_zdist,Tx8,0.9,2.3465321924913014,0.47838,0.23,0.7878787878787878,0.104,0.18374558303886926,52,86,14,448
iq:cepstral,relation_zdist,Tx2,0.95,3.4357309545010772,0.4735,0.255,0.8732394366197183,0.124,0.21716287215411556,62,91,9,438
iq:cepstral,relation_zdist,Tx3,0.95,3.4357309545010772,0.4695,0.2683333333333333,0.8860759493670886,0.14,0.24179620034542318,70,91,9,430
iq:cepstral,relation_zdist,Tx4,0.95,3.4357309545010772,0.49528,0.25,0.8676470588235294,0.118,0.2077464788732394,59,91,9,441
iq:cepstral,relation_zdist,Tx5,0.95,3.4357309545010772,0.46586,0.265,0.8831168831168831,0.136,0.23570190641247835,68,91,9,432
iq:cepstral,relation_zdist,Tx6,0.95,3.4357309545010772,0.47108,0.27,0.8875,0.142,0.24482758620689654,71,91,9,429
iq:cepstral,relation_zdist,Tx7,0.95,3.4357309545010772,0.46422,0.2683333333333333,0.8860759493670886,0.14,0.24179620034542318,70,91,9,430
iq:cepstral,relation_zdist,Tx8,0.95,3.4357309545010772,0.47838,0.20833333333333334,0.7906976744186046,0.068,0.1252302025782689,34,91,9,466
iq:cepstral,relation_zdist,Tx2,0.97,4.178238976391249,0.4735,0.24666666666666667,0.8636363636363636,0.114,0.20141342756183747,57,91,9,443
iq:cepstral,relation_zdist,Tx3,0.97,4.178238976391249,0.4695,0.25666666666666665,0.875,0.126,0.22027972027972031,63,91,9,437
iq:cepstral,relation_zdist,Tx4,0.97,4.178238976391249,0.49528,0.23666666666666666,0.85,0.102,0.18214285714285713,51,91,9,449
iq:cepstral,relation_zdist,Tx5,0.97,4.178238976391249,0.46586,0.24666666666666667,0.8636363636363636,0.114,0.20141342756183747,57,91,9,443
iq:cepstral,relation_zdist,Tx6,0.97,4.178238976391249,0.47108,0.24333333333333335,0.859375,0.11,0.1950354609929078,55,91,9,445
iq:cepstral,relation_zdist,Tx7,0.97,4.178238976391249,0.46422,0.25666666666666665,0.875,0.126,0.22027972027972031,63,91,9,437
iq:cepstral,relation_zdist,Tx8,0.97,4.178238976391249,0.47838,0.18833333333333332,0.7096774193548387,0.044,0.08286252354048963,22,91,9,478
iq:cepstral,relation_pca_residual,Tx2,0.9,0.45101168761224925,0.4651,0.31,0.864406779661017,0.204,0.33009708737864074,102,84,16,398
iq:cepstral,relation_pca_residual,Tx3,0.9,0.45101168761224925,0.4655,0.31,0.864406779661017,0.204,0.33009708737864074,102,84,16,398
iq:cepstral,relation_pca_residual,Tx4,0.9,0.45101168761224925,0.50618,0.31,0.864406779661017,0.204,0.33009708737864074,102,84,16,398
iq:cepstral,relation_pca_residual,Tx5,0.9,0.45101168761224925,0.44506,0.285,0.8446601941747572,0.174,0.2885572139303482,87,84,16,413
iq:cepstral,relation_pca_residual,Tx6,0.9,0.45101168761224925,0.4637,0.31833333333333336,0.8699186991869918,0.214,0.3434991974317817,107,84,16,393
iq:cepstral,relation_pca_residual,Tx7,0.9,0.45101168761224925,0.45472,0.31333333333333335,0.8666666666666667,0.208,0.3354838709677419,104,84,16,396
iq:cepstral,relation_pca_residual,Tx8,0.9,0.45101168761224925,0.47126,0.28,0.84,0.168,0.27999999999999997,84,84,16,416
iq:cepstral,relation_pca_residual,Tx2,0.95,0.6349812384077802,0.4651,0.2966666666666667,0.875,0.182,0.3013245033112583,91,87,13,409
iq:cepstral,relation_pca_residual,Tx3,0.95,0.6349812384077802,0.4655,0.2916666666666667,0.8712871287128713,0.176,0.29284525790349414,88,87,13,412
iq:cepstral,relation_pca_residual,Tx4,0.95,0.6349812384077802,0.50618,0.26666666666666666,0.8488372093023255,0.146,0.24914675767918087,73,87,13,427
iq:cepstral,relation_pca_residual,Tx5,0.95,0.6349812384077802,0.44506,0.27,0.8522727272727273,0.15,0.25510204081632654,75,87,13,425
iq:cepstral,relation_pca_residual,Tx6,0.95,0.6349812384077802,0.4637,0.28833333333333333,0.8686868686868687,0.172,0.2871452420701169,86,87,13,414
iq:cepstral,relation_pca_residual,Tx7,0.95,0.6349812384077802,0.45472,0.2966666666666667,0.875,0.182,0.3013245033112583,91,87,13,409
iq:cepstral,relation_pca_residual,Tx8,0.95,0.6349812384077802,0.47126,0.23333333333333334,0.803030303030303,0.106,0.1872791519434629,53,87,13,447
iq:cepstral,relation_pca_residual,Tx2,0.97,0.734465154757911,0.4651,0.2833333333333333,0.8804347826086957,0.162,0.27364864864864863,81,89,11,419
iq:cepstral,relation_pca_residual,Tx3,0.97,0.734465154757911,0.4655,0.2833333333333333,0.8804347826086957,0.162,0.27364864864864863,81,89,11,419
iq:cepstral,relation_pca_residual,Tx4,0.97,0.734465154757911,0.50618,0.26166666666666666,0.8607594936708861,0.136,0.23488773747841107,68,89,11,432
iq:cepstral,relation_pca_residual,Tx5,0.97,0.734465154757911,0.44506,0.265,0.8641975308641975,0.14,0.24096385542168675,70,89,11,430
iq:cepstral,relation_pca_residual,Tx6,0.97,0.734465154757911,0.4637,0.27166666666666667,0.8705882352941177,0.148,0.252991452991453,74,89,11,426
iq:cepstral,relation_pca_residual,Tx7,0.97,0.734465154757911,0.45472,0.2733333333333333,0.872093023255814,0.15,0.25597269624573377,75,89,11,425
iq:cepstral,relation_pca_residual,Tx8,0.97,0.734465154757911,0.47126,0.22333333333333333,0.8035714285714286,0.09,0.16187050359712232,45,89,11,455
iq:cepstral,relation_shrinkage_mahalanobis,Tx2,0.9,70.53634908919153,0.47952,0.3,0.8636363636363636,0.19,0.31147540983606553,95,85,15,405
iq:cepstral,relation_shrinkage_mahalanobis,Tx3,0.9,70.53634908919153,0.48916,0.2966666666666667,0.8611111111111112,0.186,0.305921052631579,93,85,15,407
iq:cepstral,relation_shrinkage_mahalanobis,Tx4,0.9,70.53634908919153,0.5178,0.3016666666666667,0.8648648648648649,0.192,0.31423895253682493,96,85,15,404
iq:cepstral,relation_shrinkage_mahalanobis,Tx5,0.9,70.53634908919153,0.4705,0.28833333333333333,0.8543689320388349,0.176,0.29187396351575456,88,85,15,412
iq:cepstral,relation_shrinkage_mahalanobis,Tx6,0.9,70.53634908919153,0.48452,0.30833333333333335,0.8695652173913043,0.2,0.3252032520325203,100,85,15,400
iq:cepstral,relation_shrinkage_mahalanobis,Tx7,0.9,70.53634908919153,0.47594,0.3016666666666667,0.8648648648648649,0.192,0.31423895253682493,96,85,15,404
iq:cepstral,relation_shrinkage_mahalanobis,Tx8,0.9,70.53634908919153,0.48886,0.24833333333333332,0.810126582278481,0.128,0.2210708117443869,64,85,15,436
iq:cepstral,relation_shrinkage_mahalanobis,Tx2,0.95,99.84591877028917,0.47952,0.2833333333333333,0.8723404255319149,0.164,0.2760942760942761,82,88,12,418
iq:cepstral,relation_shrinkage_mahalanobis,Tx3,0.95,99.84591877028917,0.48916,0.275,0.8651685393258427,0.154,0.2614601018675721,77,88,12,423
iq:cepstral,relation_shrinkage_mahalanobis,Tx4,0.95,99.84591877028917,0.5178,0.25333333333333335,0.8421052631578947,0.128,0.2222222222222222,64,88,12,436
iq:cepstral,relation_shrinkage_mahalanobis,Tx5,0.95,99.84591877028917,0.4705,0.27,0.8604651162790697,0.148,0.2525597269624574,74,88,12,426
iq:cepstral,relation_shrinkage_mahalanobis,Tx6,0.95,99.84591877028917,0.48452,0.27666666666666667,0.8666666666666667,0.156,0.264406779661017,78,88,12,422
iq:cepstral,relation_shrinkage_mahalanobis,Tx7,0.95,99.84591877028917,0.47594,0.2866666666666667,0.875,0.168,0.2818791946308725,84,88,12,416
iq:cepstral,relation_shrinkage_mahalanobis,Tx8,0.95,99.84591877028917,0.48886,0.21833333333333332,0.7818181818181819,0.086,0.15495495495495495,43,88,12,457
iq:cepstral,relation_shrinkage_mahalanobis,Tx2,0.97,119.00337598013628,0.47952,0.26666666666666666,0.8658536585365854,0.142,0.2439862542955326,71,89,11,429
iq:cepstral,relation_shrinkage_mahalanobis,Tx3,0.97,119.00337598013628,0.48916,0.2683333333333333,0.8674698795180723,0.144,0.24699828473413377,72,89,11,428
iq:cepstral,relation_shrinkage_mahalanobis,Tx4,0.97,119.00337598013628,0.5178,0.24333333333333335,0.8382352941176471,0.114,0.2007042253521127,57,89,11,443
iq:cepstral,relation_shrinkage_mahalanobis,Tx5,0.97,119.00337598013628,0.4705,0.2633333333333333,0.8625,0.138,0.23793103448275862,69,89,11,431
iq:cepstral,relation_shrinkage_mahalanobis,Tx6,0.97,119.00337598013628,0.48452,0.26166666666666666,0.8607594936708861,0.136,0.23488773747841107,68,89,11,432
iq:cepstral,relation_shrinkage_mahalanobis,Tx7,0.97,119.00337598013628,0.47594,0.26666666666666666,0.8658536585365854,0.142,0.2439862542955326,71,89,11,429
iq:cepstral,relation_shrinkage_mahalanobis,Tx8,0.97,119.00337598013628,0.48886,0.20333333333333334,0.75,0.066,0.1213235294117647,33,89,11,467
iq:cyclo,relation_zdist,Tx2,0.9,2.002809893805134,0.4482,0.29833333333333334,0.898989898989899,0.178,0.29716193656093487,89,90,10,411
iq:cyclo,relation_zdist,Tx3,0.9,2.002809893805134,0.45524,0.31333333333333335,0.9074074074074074,0.196,0.32236842105263164,98,90,10,402
iq:cyclo,relation_zdist,Tx4,0.9,2.002809893805134,0.45846,0.2816666666666667,0.8876404494382022,0.158,0.268251273344652,79,90,10,421
iq:cyclo,relation_zdist,Tx5,0.9,2.002809893805134,0.4523,0.3016666666666667,0.900990099009901,0.182,0.30282861896838603,91,90,10,409
iq:cyclo,relation_zdist,Tx6,0.9,2.002809893805134,0.45564,0.30666666666666664,0.9038461538461539,0.188,0.31125827814569534,94,90,10,406
iq:cyclo,relation_zdist,Tx7,0.9,2.002809893805134,0.4499,0.31333333333333335,0.9074074074074074,0.196,0.32236842105263164,98,90,10,402
iq:cyclo,relation_zdist,Tx8,0.9,2.002809893805134,0.46604,0.25666666666666665,0.8648648648648649,0.128,0.22299651567944254,64,90,10,436
iq:cyclo,relation_zdist,Tx2,0.95,3.0830464592763946,0.4482,0.29,0.9111111111111111,0.164,0.27796610169491526,82,92,8,418
iq:cyclo,relation_zdist,Tx3,0.95,3.0830464592763946,0.45524,0.29833333333333334,0.9157894736842105,0.174,0.292436974789916,87,92,8,413
iq:cyclo,relation_zdist,Tx4,0.95,3.0830464592763946,0.45846,0.235,0.8596491228070176,0.098,0.17594254937163376,49,92,8,451
iq:cyclo,relation_zdist,Tx5,0.95,3.0830464592763946,0.4523,0.28833333333333333,0.9101123595505618,0.162,0.27504244482173174,81,92,8,419
iq:cyclo,relation_zdist,Tx6,0.95,3.0830464592763946,0.45564,0.2866666666666667,0.9090909090909091,0.16,0.27210884353741494,80,92,8,420
iq:cyclo,relation_zdist,Tx7,0.95,3.0830464592763946,0.4499,0.295,0.9139784946236559,0.17,0.2866779089376054,85,92,8,415
iq:cyclo,relation_zdist,Tx8,0.95,3.0830464592763946,0.46604,0.21833333333333332,0.8297872340425532,0.078,0.14259597806215724,39,92,8,461
iq:cyclo,relation_zdist,Tx2,0.97,4.163060936430192,0.4482,0.27,0.9078947368421053,0.138,0.23958333333333337,69,93,7,431
iq:cyclo,relation_zdist,Tx3,0.97,4.163060936430192,0.45524,0.28833333333333333,0.9195402298850575,0.16,0.27257240204429306,80,93,7,420
iq:cyclo,relation_zdist,Tx4,0.97,4.163060936430192,0.45846,0.21833333333333332,0.8444444444444444,0.076,0.13944954128440368,38,93,7,462
iq:cyclo,relation_zdist,Tx5,0.97,4.163060936430192,0.4523,0.27666666666666667,0.9125,0.146,0.25172413793103443,73,93,7,427
iq:cyclo,relation_zdist,Tx6,0.97,4.163060936430192,0.45564,0.26166666666666666,0.9014084507042254,0.128,0.22416812609457093,64,93,7,436
iq:cyclo,relation_zdist,Tx7,0.97,4.163060936430192,0.4499,0.27666666666666667,0.9125,0.146,0.25172413793103443,73,93,7,427
iq:cyclo,relation_zdist,Tx8,0.97,4.163060936430192,0.46604,0.205,0.8108108108108109,0.06,0.111731843575419,30,93,7,470
iq:cyclo,relation_pca_residual,Tx2,0.9,0.30782038945061085,0.43646,0.32,0.8484848484848485,0.224,0.35443037974683544,112,80,20,388
iq:cyclo,relation_pca_residual,Tx3,0.9,0.30782038945061085,0.5073,0.32166666666666666,0.849624060150376,0.226,0.3570300157977883,113,80,20,387
iq:cyclo,relation_pca_residual,Tx4,0.9,0.30782038945061085,0.42868,0.2966666666666667,0.8305084745762712,0.196,0.31715210355987056,98,80,20,402
iq:cyclo,relation_pca_residual,Tx5,0.9,0.30782038945061085,0.47698,0.32166666666666666,0.849624060150376,0.226,0.3570300157977883,113,80,20,387
iq:cyclo,relation_pca_residual,Tx6,0.9,0.30782038945061085,0.45572,0.31333333333333335,0.84375,0.216,0.34394904458598724,108,80,20,392
iq:cyclo,relation_pca_residual,Tx7,0.9,0.30782038945061085,0.48144,0.3383333333333333,0.8601398601398601,0.246,0.3825816485225506,123,80,20,377
iq:cyclo,relation_pca_residual,Tx8,0.9,0.30782038945061085,0.40826,0.30833333333333335,0.84,0.21,0.3359999999999999,105,80,20,395
iq:cyclo,relation_pca_residual,Tx2,0.95,0.4636103160684118,0.43646,0.29833333333333334,0.8761904761904762,0.184,0.3041322314049587,92,87,13,408
iq:cyclo,relation_pca_residual,Tx3,0.95,0.4636103160684118,0.5073,0.305,0.8807339449541285,0.192,0.3152709359605912,96,87,13,404
iq:cyclo,relation_pca_residual,Tx4,0.95,0.4636103160684118,0.42868,0.25333333333333335,0.8333333333333334,0.13,0.22491349480968859,65,87,13,435
iq:cyclo,relation_pca_residual,Tx5,0.95,0.4636103160684118,0.47698,0.3,0.8773584905660378,0.186,0.3069306930693069,93,87,13,407
iq:cyclo,relation_pca_residual,Tx6,0.95,0.4636103160684118,0.45572,0.31,0.8839285714285714,0.198,0.3235294117647059,99,87,13,401
iq:cyclo,relation_pca_residual,Tx7,0.95,0.4636103160684118,0.48144,0.3,0.8773584905660378,0.186,0.3069306930693069,93,87,13,407
iq:cyclo,relation_pca_residual,Tx8,0.95,0.4636103160684118,0.40826,0.24166666666666667,0.8169014084507042,0.116,0.20315236427320493,58,87,13,442
iq:cyclo,relation_pca_residual,Tx2,0.97,0.6385674656966498,0.43646,0.28,0.8953488372093024,0.154,0.2627986348122867,77,91,9,423
iq:cyclo,relation_pca_residual,Tx3,0.97,0.6385674656966498,0.5073,0.2916666666666667,0.9032258064516129,0.168,0.2833052276559865,84,91,9,416
iq:cyclo,relation_pca_residual,Tx4,0.97,0.6385674656966498,0.42868,0.23666666666666666,0.85,0.102,0.18214285714285713,51,91,9,449
iq:cyclo,relation_pca_residual,Tx5,0.97,0.6385674656966498,0.47698,0.2866666666666667,0.9,0.162,0.2745762711864407,81,91,9,419
iq:cyclo,relation_pca_residual,Tx6,0.97,0.6385674656966498,0.45572,0.2966666666666667,0.90625,0.174,0.2919463087248322,87,91,9,413
iq:cyclo,relation_pca_residual,Tx7,0.97,0.6385674656966498,0.48144,0.29333333333333333,0.9042553191489362,0.17,0.2861952861952862,85,91,9,415
iq:cyclo,relation_pca_residual,Tx8,0.97,0.6385674656966498,0.40826,0.22,0.82,0.082,0.14909090909090908,41,91,9,459
iq:cyclo,relation_shrinkage_mahalanobis,Tx2,0.9,62.497039047324165,0.45892,0.305,0.8672566371681416,0.196,0.3197389885807504,98,85,15,402
iq:cyclo,relation_shrinkage_mahalanobis,Tx3,0.9,62.497039047324165,0.47274,0.31333333333333335,0.8728813559322034,0.206,0.33333333333333326,103,85,15,397
iq:cyclo,relation_shrinkage_mahalanobis,Tx4,0.9,62.497039047324165,0.48244,0.28833333333333333,0.8543689320388349,0.176,0.29187396351575456,88,85,15,412
iq:cyclo,relation_shrinkage_mahalanobis,Tx5,0.9,62.497039047324165,0.46852,0.30333333333333334,0.8660714285714286,0.194,0.3169934640522876,97,85,15,403
iq:cyclo,relation_shrinkage_mahalanobis,Tx6,0.9,62.497039047324165,0.47126,0.31,0.8706896551724138,0.202,0.3279220779220779,101,85,15,399
iq:cyclo,relation_shrinkage_mahalanobis,Tx7,0.9,62.497039047324165,0.47058,0.325,0.88,0.22,0.352,110,85,15,390
iq:cyclo,relation_shrinkage_mahalanobis,Tx8,0.9,62.497039047324165,0.48362,0.275,0.8421052631578947,0.16,0.26890756302521013,80,85,15,420
iq:cyclo,relation_shrinkage_mahalanobis,Tx2,0.95,97.15513692791318,0.45892,0.29,0.9021739130434783,0.166,0.28040540540540543,83,91,9,417
iq:cyclo,relation_shrinkage_mahalanobis,Tx3,0.95,97.15513692791318,0.47274,0.30333333333333334,0.91,0.182,0.3033333333333333,91,91,9,409
iq:cyclo,relation_shrinkage_mahalanobis,Tx4,0.95,97.15513692791318,0.48244,0.25166666666666665,0.8695652173913043,0.12,0.210896309314587,60,91,9,440
iq:cyclo,relation_shrinkage_mahalanobis,Tx5,0.95,97.15513692791318,0.46852,0.295,0.9052631578947369,0.172,0.2890756302521008,86,91,9,414
iq:cyclo,relation_shrinkage_mahalanobis,Tx6,0.95,97.15513692791318,0.47126,0.2966666666666667,0.90625,0.174,0.2919463087248322,87,91,9,413
iq:cyclo,relation_shrinkage_mahalanobis,Tx7,0.95,97.15513692791318,0.47058,0.29333333333333333,0.9042553191489362,0.17,0.2861952861952862,85,91,9,415
iq:cyclo,relation_shrinkage_mahalanobis,Tx8,0.95,97.15513692791318,0.48362,0.225,0.8301886792452831,0.088,0.15913200723327306,44,91,9,456
iq:cyclo,relation_shrinkage_mahalanobis,Tx2,0.97,125.0412912637758,0.45892,0.2866666666666667,0.9186046511627907,0.158,0.26962457337883955,79,93,7,421
iq:cyclo,relation_shrinkage_mahalanobis,Tx3,0.97,125.0412912637758,0.47274,0.2966666666666667,0.9239130434782609,0.17,0.28716216216216217,85,93,7,415
iq:cyclo,relation_shrinkage_mahalanobis,Tx4,0.97,125.0412912637758,0.48244,0.235,0.8727272727272727,0.096,0.17297297297297298,48,93,7,452
iq:cyclo,relation_shrinkage_mahalanobis,Tx5,0.97,125.0412912637758,0.46852,0.2916666666666667,0.9213483146067416,0.164,0.27843803056027167,82,93,7,418
iq:cyclo,relation_shrinkage_mahalanobis,Tx6,0.97,125.0412912637758,0.47126,0.29,0.9204545454545454,0.162,0.2755102040816327,81,93,7,419
iq:cyclo,relation_shrinkage_mahalanobis,Tx7,0.97,125.0412912637758,0.47058,0.29,0.9204545454545454,0.162,0.2755102040816327,81,93,7,419
iq:cyclo,relation_shrinkage_mahalanobis,Tx8,0.97,125.0412912637758,0.48362,0.21166666666666667,0.8292682926829268,0.068,0.1256931608133087,34,93,7,466
iq:hos,relation_zdist,Tx2,0.9,1.8756171628484728,0.4763,0.28,0.8469387755102041,0.166,0.27759197324414714,83,85,15,417
iq:hos,relation_zdist,Tx3,0.9,1.8756171628484728,0.50572,0.2833333333333333,0.85,0.17,0.2833333333333334,85,85,15,415
iq:hos,relation_zdist,Tx4,0.9,1.8756171628484728,0.48282,0.2683333333333333,0.8351648351648352,0.152,0.2571912013536379,76,85,15,424
iq:hos,relation_zdist,Tx5,0.9,1.8756171628484728,0.48148,0.26166666666666666,0.8275862068965517,0.144,0.24531516183986368,72,85,15,428
iq:hos,relation_zdist,Tx6,0.9,1.8756171628484728,0.50784,0.29,0.8557692307692307,0.178,0.29470198675496684,89,85,15,411
iq:hos,relation_zdist,Tx7,0.9,1.8756171628484728,0.5076,0.27666666666666667,0.84375,0.162,0.2718120805369128,81,85,15,419
iq:hos,relation_zdist,Tx8,0.9,1.8756171628484728,0.48276,0.225,0.7692307692307693,0.1,0.17699115044247787,50,85,15,450
iq:hos,relation_zdist,Tx2,0.95,3.378706017636429,0.4763,0.235,0.8596491228070176,0.098,0.17594254937163376,49,92,8,451
iq:hos,relation_zdist,Tx3,0.95,3.378706017636429,0.50572,0.25333333333333335,0.8823529411764706,0.12,0.21126760563380279,60,92,8,440
iq:hos,relation_zdist,Tx4,0.95,3.378706017636429,0.48282,0.245,0.873015873015873,0.11,0.19538188277087035,55,92,8,445
iq:hos,relation_zdist,Tx5,0.95,3.378706017636429,0.48148,0.24,0.8666666666666667,0.104,0.1857142857142857,52,92,8,448
iq:hos,relation_zdist,Tx6,0.95,3.378706017636429,0.50784,0.25166666666666665,0.8805970149253731,0.118,0.20811287477954143,59,92,8,441
iq:hos,relation_zdist,Tx7,0.95,3.378706017636429,0.5076,0.255,0.8840579710144928,0.122,0.21441124780316345,61,92,8,439
iq:hos,relation_zdist,Tx8,0.95,3.378706017636429,0.48276,0.19666666666666666,0.7647058823529411,0.052,0.09737827715355804,26,92,8,474
iq:hos,relation_zdist,Tx2,0.97,6.258668554927455,0.4763,0.205,0.8285714285714286,0.058,0.10841121495327102,29,94,6,471
iq:hos,relation_zdist,Tx3,0.97,6.258668554927455,0.50572,0.22,0.8636363636363636,0.076,0.13970588235294118,38,94,6,462
iq:hos,relation_zdist,Tx4,0.97,6.258668554927455,0.48282,0.20333333333333334,0.8235294117647058,0.056,0.1048689138576779,28,94,6,472
iq:hos,relation_zdist,Tx5,0.97,6.258668554927455,0.48148,0.21333333333333335,0.85,0.068,0.12592592592592594,34,94,6,466
iq:hos,relation_zdist,Tx6,0.97,6.258668554927455,0.50784,0.21166666666666667,0.8461538461538461,0.066,0.12244897959183676,33,94,6,467
iq:hos,relation_zdist,Tx7,0.97,6.258668554927455,0.5076,0.21166666666666667,0.8461538461538461,0.066,0.12244897959183676,33,94,6,467
iq:hos,relation_zdist,Tx8,0.97,6.258668554927455,0.48276,0.175,0.6470588235294118,0.022,0.0425531914893617,11,94,6,489
iq:hos,relation_pca_residual,Tx2,0.9,0.31219311340297146,0.68308,0.31166666666666665,0.8270676691729323,0.22,0.3475513428120063,110,77,23,390
iq:hos,relation_pca_residual,Tx3,0.9,0.31219311340297146,0.51478,0.3016666666666667,0.8188976377952756,0.208,0.33173843700159483,104,77,23,396
iq:hos,relation_pca_residual,Tx4,0.9,0.31219311340297146,0.55196,0.30666666666666664,0.823076923076923,0.214,0.3396825396825397,107,77,23,393
iq:hos,relation_pca_residual,Tx5,0.9,0.31219311340297146,0.38586,0.2733333333333333,0.7909090909090909,0.174,0.2852459016393442,87,77,23,413
iq:hos,relation_pca_residual,Tx6,0.9,0.31219311340297146,0.64284,0.31166666666666665,0.8270676691729323,0.22,0.3475513428120063,110,77,23,390
iq:hos,relation_pca_residual,Tx7,0.9,0.31219311340297146,0.5774,0.30333333333333334,0.8203125,0.21,0.33439490445859876,105,77,23,395
iq:hos,relation_pca_residual,Tx8,0.9,0.31219311340297146,0.69382,0.285,0.8034188034188035,0.188,0.3047001620745543,94,77,23,406
iq:hos,relation_pca_residual,Tx2,0.95,0.5694096534292699,0.68308,0.26,0.8255813953488372,0.142,0.24232081911262796,71,85,15,429
iq:hos,relation_pca_residual,Tx3,0.95,0.5694096534292699,0.51478,0.25666666666666665,0.8214285714285714,0.138,0.23630136986301373,69,85,15,431
iq:hos,relation_pca_residual,Tx4,0.95,0.5694096534292699,0.55196,0.26166666666666666,0.8275862068965517,0.144,0.24531516183986368,72,85,15,428
iq:hos,relation_pca_residual,Tx5,0.95,0.5694096534292699,0.38586,0.245,0.8051948051948052,0.124,0.21490467937608318,62,85,15,438
iq:hos,relation_pca_residual,Tx6,0.95,0.5694096534292699,0.64284,0.26666666666666666,0.8333333333333334,0.15,0.2542372881355932,75,85,15,425
iq:hos,relation_pca_residual,Tx7,0.95,0.5694096534292699,0.5774,0.26166666666666666,0.8275862068965517,0.144,0.24531516183986368,72,85,15,428
iq:hos,relation_pca_residual,Tx8,0.95,0.5694096534292699,0.69382,0.21166666666666667,0.7368421052631579,0.084,0.15080789946140039,42,85,15,458
iq:hos,relation_pca_residual,Tx2,0.97,0.6241290902816569,0.68308,0.25,0.8125,0.13,0.22413793103448276,65,85,15,435
iq:hos,relation_pca_residual,Tx3,0.97,0.6241290902816569,0.51478,0.24833333333333332,0.810126582278481,0.128,0.2210708117443869,64,85,15,436
iq:hos,relation_pca_residual,Tx4,0.97,0.6241290902816569,0.55196,0.24833333333333332,0.810126582278481,0.128,0.2210708117443869,64,85,15,436
iq:hos,relation_pca_residual,Tx5,0.97,0.6241290902816569,0.38586,0.24,0.7972972972972973,0.118,0.20557491289198604,59,85,15,441
iq:hos,relation_pca_residual,Tx6,0.97,0.6241290902816569,0.64284,0.25666666666666665,0.8214285714285714,0.138,0.23630136986301373,69,85,15,431
iq:hos,relation_pca_residual,Tx7,0.97,0.6241290902816569,0.5774,0.255,0.8192771084337349,0.136,0.23327615780445968,68,85,15,432
iq:hos,relation_pca_residual,Tx8,0.97,0.6241290902816569,0.69382,0.20166666666666666,0.7058823529411765,0.072,0.1306715063520871,36,85,15,464
iq:hos,relation_shrinkage_mahalanobis,Tx2,0.9,67.17072361618676,0.47914,0.285,0.8514851485148515,0.172,0.2861896838602329,86,85,15,414
iq:hos,relation_shrinkage_mahalanobis,Tx3,0.9,67.17072361618676,0.52466,0.28833333333333333,0.8543689320388349,0.176,0.29187396351575456,88,85,15,412
iq:hos,relation_shrinkage_mahalanobis,Tx4,0.9,67.17072361618676,0.49196,0.28,0.8469387755102041,0.166,0.27759197324414714,83,85,15,417
iq:hos,relation_shrinkage_mahalanobis,Tx5,0.9,67.17072361618676,0.4983,0.2683333333333333,0.8351648351648352,0.152,0.2571912013536379,76,85,15,424
iq:hos,relation_shrinkage_mahalanobis,Tx6,0.9,67.17072361618676,0.52368,0.2916666666666667,0.8571428571428571,0.18,0.2975206611570248,90,85,15,410
iq:hos,relation_shrinkage_mahalanobis,Tx7,0.9,67.17072361618676,0.52842,0.2833333333333333,0.85,0.17,0.2833333333333334,85,85,15,415
iq:hos,relation_shrinkage_mahalanobis,Tx8,0.9,67.17072361618676,0.49338,0.23666666666666666,0.7916666666666666,0.114,0.1993006993006993,57,85,15,443
iq:hos,relation_shrinkage_mahalanobis,Tx2,0.95,102.17699682381406,0.47914,0.25333333333333335,0.8333333333333334,0.13,0.22491349480968859,65,87,13,435
iq:hos,relation_shrinkage_mahalanobis,Tx3,0.95,102.17699682381406,0.52466,0.265,0.8470588235294118,0.144,0.24615384615384614,72,87,13,428
iq:hos,relation_shrinkage_mahalanobis,Tx4,0.95,102.17699682381406,0.49196,0.25333333333333335,0.8333333333333334,0.13,0.22491349480968859,65,87,13,435
iq:hos,relation_shrinkage_mahalanobis,Tx5,0.95,102.17699682381406,0.4983,0.25,0.8289473684210527,0.126,0.21875,63,87,13,437
iq:hos,relation_shrinkage_mahalanobis,Tx6,0.95,102.17699682381406,0.52368,0.26,0.8414634146341463,0.138,0.2371134020618557,69,87,13,431
iq:hos,relation_shrinkage_mahalanobis,Tx7,0.95,102.17699682381406,0.52842,0.2633333333333333,0.8452380952380952,0.142,0.24315068493150685,71,87,13,429
iq:hos,relation_shrinkage_mahalanobis,Tx8,0.95,102.17699682381406,0.49338,0.20166666666666666,0.723404255319149,0.068,0.12431444241316271,34,87,13,466
iq:hos,relation_shrinkage_mahalanobis,Tx2,0.97,176.7347686514548,0.47914,0.22,0.8333333333333334,0.08,0.145985401459854,40,92,8,460
iq:hos,relation_shrinkage_mahalanobis,Tx3,0.97,176.7347686514548,0.52466,0.22833333333333333,0.8490566037735849,0.09,0.162748643761302,45,92,8,455
iq:hos,relation_shrinkage_mahalanobis,Tx4,0.97,176.7347686514548,0.49196,0.22166666666666668,0.8367346938775511,0.082,0.14936247723132973,41,92,8,459
iq:hos,relation_shrinkage_mahalanobis,Tx5,0.97,176.7347686514548,0.4983,0.21833333333333332,0.8297872340425532,0.078,0.14259597806215724,39,92,8,461
iq:hos,relation_shrinkage_mahalanobis,Tx6,0.97,176.7347686514548,0.52368,0.23,0.8518518518518519,0.092,0.16606498194945848,46,92,8,454
iq:hos,relation_shrinkage_mahalanobis,Tx7,0.97,176.7347686514548,0.52842,0.23333333333333334,0.8571428571428571,0.096,0.17266187050359713,48,92,8,452
iq:hos,relation_shrinkage_mahalanobis,Tx8,0.97,176.7347686514548,0.49338,0.17833333333333334,0.6521739130434783,0.03,0.05736137667304014,15,92,8,485
iq:bispectrum,relation_zdist,Tx2,0.9,2.178578124494024,0.49654,0.2683333333333333,0.8426966292134831,0.15,0.2546689303904923,75,86,14,425
iq:bispectrum,relation_zdist,Tx3,0.9,2.178578124494024,0.52422,0.2866666666666667,0.86,0.172,0.2866666666666666,86,86,14,414
iq:bispectrum,relation_zdist,Tx4,0.9,2.178578124494024,0.48122,0.2683333333333333,0.8426966292134831,0.15,0.2546689303904923,75,86,14,425
iq:bispectrum,relation_zdist,Tx5,0.9,2.178578124494024,0.47202,0.2633333333333333,0.8372093023255814,0.144,0.2457337883959044,72,86,14,428
iq:bispectrum,relation_zdist,Tx6,0.9,2.178578124494024,0.52764,0.29833333333333334,0.8691588785046729,0.186,0.3064250411861615,93,86,14,407
iq:bispectrum,relation_zdist,Tx7,0.9,2.178578124494024,0.53314,0.3,0.8703703703703703,0.188,0.30921052631578944,94,86,14,406
iq:bispectrum,relation_zdist,Tx8,0.9,2.178578124494024,0.46606,0.23666666666666666,0.8,0.112,0.19649122807017547,56,86,14,444
iq:bispectrum,relation_zdist,Tx2,0.95,3.180723628567587,0.49654,0.24166666666666667,0.8813559322033898,0.104,0.18604651162790697,52,93,7,448
iq:bispectrum,relation_zdist,Tx3,0.95,3.180723628567587,0.52422,0.2633333333333333,0.9027777777777778,0.13,0.22727272727272727,65,93,7,435
iq:bispectrum,relation_zdist,Tx4,0.95,3.180723628567587,0.48122,0.24333333333333335,0.8833333333333333,0.106,0.18928571428571428,53,93,7,447
iq:bispectrum,relation_zdist,Tx5,0.95,3.180723628567587,0.47202,0.245,0.8852459016393442,0.108,0.1925133689839572,54,93,7,446
iq:bispectrum,relation_zdist,Tx6,0.95,3.180723628567587,0.52764,0.27166666666666667,0.9090909090909091,0.14,0.2426343154246101,70,93,7,430
iq:bispectrum,relation_zdist,Tx7,0.95,3.180723628567587,0.53314,0.25833333333333336,0.8985507246376812,0.124,0.21792618629173988,62,93,7,438
iq:bispectrum,relation_zdist,Tx8,0.95,3.180723628567587,0.46606,0.20333333333333334,0.8055555555555556,0.058,0.1082089552238806,29,93,7,471
iq:bispectrum,relation_zdist,Tx2,0.97,4.39234466640433,0.49654,0.22166666666666668,0.9024390243902439,0.074,0.1367837338262477,37,96,4,463
iq:bispectrum,relation_zdist,Tx3,0.97,4.39234466640433,0.52422,0.25,0.9310344827586207,0.108,0.19354838709677422,54,96,4,446
iq:bispectrum,relation_zdist,Tx4,0.97,4.39234466640433,0.48122,0.20833333333333334,0.8787878787878788,0.058,0.10881801125703565,29,96,4,471
iq:bispectrum,relation_zdist,Tx5,0.97,4.39234466640433,0.47202,0.22166666666666668,0.9024390243902439,0.074,0.1367837338262477,37,96,4,463
iq:bispectrum,relation_zdist,Tx6,0.97,4.39234466640433,0.52764,0.235,0.9183673469387755,0.09,0.16393442622950818,45,96,4,455
iq:bispectrum,relation_zdist,Tx7,0.97,4.39234466640433,0.53314,0.235,0.9183673469387755,0.09,0.16393442622950818,45,96,4,455
iq:bispectrum,relation_zdist,Tx8,0.97,4.39234466640433,0.46606,0.18666666666666668,0.8,0.032,0.061538461538461535,16,96,4,484
iq:bispectrum,relation_pca_residual,Tx2,0.9,0.4710847113462169,0.5005,0.285,0.8256880733944955,0.18,0.29556650246305416,90,81,19,410
iq:bispectrum,relation_pca_residual,Tx3,0.9,0.4710847113462169,0.5329,0.30833333333333335,0.8455284552845529,0.208,0.333868378812199,104,81,19,396
iq:bispectrum,relation_pca_residual,Tx4,0.9,0.4710847113462169,0.48282,0.3,0.8389830508474576,0.198,0.32038834951456313,99,81,19,401
iq:bispectrum,relation_pca_residual,Tx5,0.9,0.4710847113462169,0.47616,0.29833333333333334,0.8376068376068376,0.196,0.3176661264181524,98,81,19,402
iq:bispectrum,relation_pca_residual,Tx6,0.9,0.4710847113462169,0.53462,0.33,0.8602941176470589,0.234,0.3679245283018868,117,81,19,383
iq:bispectrum,relation_pca_residual,Tx7,0.9,0.4710847113462169,0.54722,0.32666666666666666,0.8582089552238806,0.23,0.3627760252365931,115,81,19,385
iq:bispectrum,relation_pca_residual,Tx8,0.9,0.4710847113462169,0.4529,0.26666666666666666,0.8061224489795918,0.158,0.26421404682274247,79,81,19,421
iq:bispectrum,relation_pca_residual,Tx2,0.95,0.6180485766756559,0.5005,0.25833333333333336,0.8235294117647058,0.14,0.23931623931623933,70,85,15,430
iq:bispectrum,relation_pca_residual,Tx3,0.95,0.6180485766756559,0.5329,0.27666666666666667,0.84375,0.162,0.2718120805369128,81,85,15,419
iq:bispectrum,relation_pca_residual,Tx4,0.95,0.6180485766756559,0.48282,0.25666666666666665,0.8214285714285714,0.138,0.23630136986301373,69,85,15,431
iq:bispectrum,relation_pca_residual,Tx5,0.95,0.6180485766756559,0.47616,0.26666666666666666,0.8333333333333334,0.15,0.2542372881355932,75,85,15,425
iq:bispectrum,relation_pca_residual,Tx6,0.95,0.6180485766756559,0.53462,0.2783333333333333,0.845360824742268,0.164,0.2747068676716918,82,85,15,418
iq:bispectrum,relation_pca_residual,Tx7,0.95,0.6180485766756559,0.54722,0.3,0.8636363636363636,0.19,0.31147540983606553,95,85,15,405
iq:bispectrum,relation_pca_residual,Tx8,0.95,0.6180485766756559,0.4529,0.23333333333333334,0.7857142857142857,0.11,0.19298245614035087,55,85,15,445
iq:bispectrum,relation_pca_residual,Tx2,0.97,0.7414062558156816,0.5005,0.245,0.8133333333333334,0.122,0.21217391304347827,61,86,14,439
iq:bispectrum,relation_pca_residual,Tx3,0.97,0.7414062558156816,0.5329,0.26,0.8333333333333334,0.14,0.2397260273972603,70,86,14,430
iq:bispectrum,relation_pca_residual,Tx4,0.97,0.7414062558156816,0.48282,0.24166666666666667,0.8082191780821918,0.118,0.20593368237347293,59,86,14,441
iq:bispectrum,relation_pca_residual,Tx5,0.97,0.7414062558156816,0.47616,0.245,0.8133333333333334,0.122,0.21217391304347827,61,86,14,439
iq:bispectrum,relation_pca_residual,Tx6,0.97,0.7414062558156816,0.53462,0.255,0.8271604938271605,0.134,0.23063683304647162,67,86,14,433
iq:bispectrum,relation_pca_residual,Tx7,0.97,0.7414062558156816,0.54722,0.275,0.8494623655913979,0.158,0.26644182124789206,79,86,14,421
iq:bispectrum,relation_pca_residual,Tx8,0.97,0.7414062558156816,0.4529,0.22166666666666668,0.7704918032786885,0.094,0.1675579322638146,47,86,14,453
iq:bispectrum,relation_shrinkage_mahalanobis,Tx2,0.9,62.95348948921342,0.49438,0.27166666666666667,0.8181818181818182,0.162,0.2704507512520868,81,82,18,419
iq:bispectrum,relation_shrinkage_mahalanobis,Tx3,0.9,62.95348948921342,0.53498,0.3016666666666667,0.8461538461538461,0.198,0.3209076175040519,99,82,18,401
iq:bispectrum,relation_shrinkage_mahalanobis,Tx4,0.9,62.95348948921342,0.48438,0.2816666666666667,0.8285714285714286,0.174,0.28760330578512394,87,82,18,413
iq:bispectrum,relation_shrinkage_mahalanobis,Tx5,0.9,62.95348948921342,0.47588,0.2783333333333333,0.8252427184466019,0.17,0.28192371475953565,85,82,18,415
iq:bispectrum,relation_shrinkage_mahalanobis,Tx6,0.9,62.95348948921342,0.53212,0.31166666666666665,0.8536585365853658,0.21,0.33707865168539325,105,82,18,395
iq:bispectrum,relation_shrinkage_mahalanobis,Tx7,0.9,62.95348948921342,0.54188,0.325,0.8625954198473282,0.226,0.3581616481774961,113,82,18,387
iq:bispectrum,relation_shrinkage_mahalanobis,Tx8,0.9,62.95348948921342,0.46538,0.25333333333333335,0.7954545454545454,0.14,0.2380952380952381,70,82,18,430
iq:bispectrum,relation_shrinkage_mahalanobis,Tx2,0.95,95.36985163947169,0.49438,0.25333333333333335,0.8421052631578947,0.128,0.2222222222222222,64,88,12,436
iq:bispectrum,relation_shrinkage_mahalanobis,Tx3,0.95,95.36985163947169,0.53498,0.26,0.85,0.136,0.23448275862068968,68,88,12,432
iq:bispectrum,relation_shrinkage_mahalanobis,Tx4,0.95,95.36985163947169,0.48438,0.245,0.8309859154929577,0.118,0.2066549912434326,59,88,12,441
iq:bispectrum,relation_shrinkage_mahalanobis,Tx5,0.95,95.36985163947169,0.47588,0.245,0.8309859154929577,0.118,0.2066549912434326,59,88,12,441
iq:bispectrum,relation_shrinkage_mahalanobis,Tx6,0.95,95.36985163947169,0.53212,0.275,0.8651685393258427,0.154,0.2614601018675721,77,88,12,423
iq:bispectrum,relation_shrinkage_mahalanobis,Tx7,0.95,95.36985163947169,0.54188,0.27166666666666667,0.8620689655172413,0.15,0.2555366269165247,75,88,12,425
iq:bispectrum,relation_shrinkage_mahalanobis,Tx8,0.95,95.36985163947169,0.46538,0.21166666666666667,0.7647058823529411,0.078,0.1415607985480944,39,88,12,461
iq:bispectrum,relation_shrinkage_mahalanobis,Tx2,0.97,116.06736581801137,0.49438,0.23333333333333334,0.8703703703703703,0.094,0.16967509025270758,47,93,7,453
iq:bispectrum,relation_shrinkage_mahalanobis,Tx3,0.97,116.06736581801137,0.53498,0.25666666666666665,0.8970588235294118,0.122,0.2147887323943662,61,93,7,439
iq:bispectrum,relation_shrinkage_mahalanobis,Tx4,0.97,116.06736581801137,0.48438,0.235,0.8727272727272727,0.096,0.17297297297297298,48,93,7,452
iq:bispectrum,relation_shrinkage_mahalanobis,Tx5,0.97,116.06736581801137,0.47588,0.235,0.8727272727272727,0.096,0.17297297297297298,48,93,7,452
iq:bispectrum,relation_shrinkage_mahalanobis,Tx6,0.97,116.06736581801137,0.53212,0.25166666666666665,0.8923076923076924,0.116,0.20530973451327433,58,93,7,442
iq:bispectrum,relation_shrinkage_mahalanobis,Tx7,0.97,116.06736581801137,0.54188,0.25,0.890625,0.114,0.20212765957446807,57,93,7,443
iq:bispectrum,relation_shrinkage_mahalanobis,Tx8,0.97,116.06736581801137,0.46538,0.20333333333333334,0.8055555555555556,0.058,0.1082089552238806,29,93,7,471
ap:fft,relation_zdist,Tx2,0.9,2.3965731894537416,0.52902,0.255,0.8117647058823529,0.138,0.23589743589743592,69,84,16,431
ap:fft,relation_zdist,Tx3,0.9,2.3965731894537416,0.54112,0.27166666666666667,0.8315789473684211,0.158,0.26554621848739496,79,84,16,421
ap:fft,relation_zdist,Tx4,0.9,2.3965731894537416,0.54628,0.28833333333333333,0.8476190476190476,0.178,0.29421487603305785,89,84,16,411
ap:fft,relation_zdist,Tx5,0.9,2.3965731894537416,0.51606,0.25666666666666665,0.813953488372093,0.14,0.23890784982935154,70,84,16,430
ap:fft,relation_zdist,Tx6,0.9,2.3965731894537416,0.54098,0.29,0.8490566037735849,0.18,0.297029702970297,90,84,16,410
ap:fft,relation_zdist,Tx7,0.9,2.3965731894537416,0.55378,0.2833333333333333,0.8431372549019608,0.172,0.2857142857142857,86,84,16,414
ap:fft,relation_zdist,Tx8,0.9,2.3965731894537416,0.56112,0.2733333333333333,0.8333333333333334,0.16,0.2684563758389262,80,84,16,420
ap:fft,relation_zdist,Tx2,0.95,4.0240216657458605,0.52902,0.23833333333333334,0.864406779661017,0.102,0.18246869409660105,51,92,8,449
ap:fft,relation_zdist,Tx3,0.95,4.0240216657458605,0.54112,0.24833333333333332,0.8769230769230769,0.114,0.20176991150442478,57,92,8,443
ap:fft,relation_zdist,Tx4,0.95,4.0240216657458605,0.54628,0.22833333333333333,0.8490566037735849,0.09,0.162748643761302,45,92,8,455
ap:fft,relation_zdist,Tx5,0.95,4.0240216657458605,0.51606,0.23833333333333334,0.864406779661017,0.102,0.18246869409660105,51,92,8,449
ap:fft,relation_zdist,Tx6,0.95,4.0240216657458605,0.54098,0.25166666666666665,0.8805970149253731,0.118,0.20811287477954143,59,92,8,441
ap:fft,relation_zdist,Tx7,0.95,4.0240216657458605,0.55378,0.24166666666666667,0.8688524590163934,0.106,0.18894830659536543,53,92,8,447
ap:fft,relation_zdist,Tx8,0.95,4.0240216657458605,0.56112,0.225,0.8431372549019608,0.086,0.1560798548094374,43,92,8,457
ap:fft,relation_zdist,Tx2,0.97,4.981447103127047,0.52902,0.225,0.8723404255319149,0.082,0.14990859232175505,41,94,6,459
ap:fft,relation_zdist,Tx3,0.97,4.981447103127047,0.54112,0.24,0.8928571428571429,0.1,0.1798561151079137,50,94,6,450
ap:fft,relation_zdist,Tx4,0.97,4.981447103127047,0.54628,0.21833333333333332,0.8604651162790697,0.074,0.13627992633517497,37,94,6,463
ap:fft,relation_zdist,Tx5,0.97,4.981447103127047,0.51606,0.22333333333333333,0.8695652173913043,0.08,0.14652014652014653,40,94,6,460
ap:fft,relation_zdist,Tx6,0.97,4.981447103127047,0.54098,0.23666666666666666,0.8888888888888888,0.096,0.1732851985559567,48,94,6,452
ap:fft,relation_zdist,Tx7,0.97,4.981447103127047,0.55378,0.235,0.8867924528301887,0.094,0.16998191681735986,47,94,6,453
ap:fft,relation_zdist,Tx8,0.97,4.981447103127047,0.56112,0.21833333333333332,0.8604651162790697,0.074,0.13627992633517497,37,94,6,463
ap:fft,relation_pca_residual,Tx2,0.9,0.3678824543186836,0.517,0.2816666666666667,0.8,0.184,0.2991869918699187,92,77,23,408
ap:fft,relation_pca_residual,Tx3,0.9,0.3678824543186836,0.53024,0.31,0.8257575757575758,0.218,0.34493670886075944,109,77,23,391
ap:fft,relation_pca_residual,Tx4,0.9,0.3678824543186836,0.54196,0.31333333333333335,0.8283582089552238,0.222,0.3501577287066246,111,77,23,389
ap:fft,relation_pca_residual,Tx5,0.9,0.3678824543186836,0.50068,0.275,0.7927927927927928,0.176,0.2880523731587561,88,77,23,412
ap:fft,relation_pca_residual,Tx6,0.9,0.3678824543186836,0.53068,0.305,0.8217054263565892,0.212,0.3370429252782194,106,77,23,394
ap:fft,relation_pca_residual,Tx7,0.9,0.3678824543186836,0.54278,0.31833333333333336,0.8321167883211679,0.228,0.3579277864992151,114,77,23,386
ap:fft,relation_pca_residual,Tx8,0.9,0.3678824543186836,0.57254,0.3233333333333333,0.8357142857142857,0.234,0.365625,117,77,23,383
ap:fft,relation_pca_residual,Tx2,0.95,0.5356015054100896,0.517,0.26166666666666666,0.8352941176470589,0.142,0.2427350427350427,71,86,14,429
ap:fft,relation_pca_residual,Tx3,0.95,0.5356015054100896,0.53024,0.28833333333333333,0.8613861386138614,0.174,0.2895174708818635,87,86,14,413
ap:fft,relation_pca_residual,Tx4,0.95,0.5356015054100896,0.54196,0.2866666666666667,0.86,0.172,0.2866666666666666,86,86,14,414
ap:fft,relation_pca_residual,Tx5,0.95,0.5356015054100896,0.50068,0.25666666666666665,0.8292682926829268,0.136,0.23367697594501718,68,86,14,432
ap:fft,relation_pca_residual,Tx6,0.95,0.5356015054100896,0.53068,0.29,0.8627450980392157,0.176,0.29235880398671094,88,86,14,412
ap:fft,relation_pca_residual,Tx7,0.95,0.5356015054100896,0.54278,0.2866666666666667,0.86,0.172,0.2866666666666666,86,86,14,414
ap:fft,relation_pca_residual,Tx8,0.95,0.5356015054100896,0.57254,0.275,0.8494623655913979,0.158,0.26644182124789206,79,86,14,421
ap:fft,relation_pca_residual,Tx2,0.97,0.6286592997121759,0.517,0.25166666666666665,0.84,0.126,0.2191304347826087,63,88,12,437
ap:fft,relation_pca_residual,Tx3,0.97,0.6286592997121759,0.53024,0.275,0.8651685393258427,0.154,0.2614601018675721,77,88,12,423
ap:fft,relation_pca_residual,Tx4,0.97,0.6286592997121759,0.54196,0.27,0.8604651162790697,0.148,0.2525597269624574,74,88,12,426
ap:fft,relation_pca_residual,Tx5,0.97,0.6286592997121759,0.50068,0.24666666666666667,0.8333333333333334,0.12,0.2097902097902098,60,88,12,440
ap:fft,relation_pca_residual,Tx6,0.97,0.6286592997121759,0.53068,0.2683333333333333,0.8588235294117647,0.146,0.24957264957264955,73,88,12,427
ap:fft,relation_pca_residual,Tx7,0.97,0.6286592997121759,0.54278,0.2683333333333333,0.8588235294117647,0.146,0.24957264957264955,73,88,12,427
ap:fft,relation_pca_residual,Tx8,0.97,0.6286592997121759,0.57254,0.2633333333333333,0.8536585365853658,0.14,0.24054982817869416,70,88,12,430
ap:fft,relation_shrinkage_mahalanobis,Tx2,0.9,67.76606329552882,0.523,0.27,0.81,0.162,0.26999999999999996,81,81,19,419
ap:fft,relation_shrinkage_mahalanobis,Tx3,0.9,67.76606329552882,0.53332,0.28833333333333333,0.8288288288288288,0.184,0.30114566284779054,92,81,19,408
ap:fft,relation_shrinkage_mahalanobis,Tx4,0.9,67.76606329552882,0.548,0.30333333333333334,0.8416666666666667,0.202,0.3258064516129032,101,81,19,399
ap:fft,relation_shrinkage_mahalanobis,Tx5,0.9,67.76606329552882,0.50994,0.27666666666666667,0.8173076923076923,0.17,0.2814569536423841,85,81,19,415
ap:fft,relation_shrinkage_mahalanobis,Tx6,0.9,67.76606329552882,0.5373,0.295,0.8347826086956521,0.192,0.31219512195121946,96,81,19,404
ap:fft,relation_shrinkage_mahalanobis,Tx7,0.9,67.76606329552882,0.54788,0.2966666666666667,0.8362068965517241,0.194,0.31493506493506496,97,81,19,403
ap:fft,relation_shrinkage_mahalanobis,Tx8,0.9,67.76606329552882,0.5672,0.3,0.8389830508474576,0.198,0.32038834951456313,99,81,19,401
ap:fft,relation_shrinkage_mahalanobis,Tx2,0.95,100.55782042785074,0.523,0.245,0.8133333333333334,0.122,0.21217391304347827,61,86,14,439
ap:fft,relation_shrinkage_mahalanobis,Tx3,0.95,100.55782042785074,0.53332,0.26166666666666666,0.8352941176470589,0.142,0.2427350427350427,71,86,14,429
ap:fft,relation_shrinkage_mahalanobis,Tx4,0.95,100.55782042785074,0.548,0.26,0.8333333333333334,0.14,0.2397260273972603,70,86,14,430
ap:fft,relation_shrinkage_mahalanobis,Tx5,0.95,100.55782042785074,0.50994,0.245,0.8133333333333334,0.122,0.21217391304347827,61,86,14,439
ap:fft,relation_shrinkage_mahalanobis,Tx6,0.95,100.55782042785074,0.5373,0.26666666666666666,0.8409090909090909,0.148,0.25170068027210885,74,86,14,426
ap:fft,relation_shrinkage_mahalanobis,Tx7,0.95,100.55782042785074,0.54788,0.26166666666666666,0.8352941176470589,0.142,0.2427350427350427,71,86,14,429
ap:fft,relation_shrinkage_mahalanobis,Tx8,0.95,100.55782042785074,0.5672,0.25666666666666665,0.8292682926829268,0.136,0.23367697594501718,68,86,14,432
ap:fft,relation_shrinkage_mahalanobis,Tx2,0.97,125.05764947995415,0.523,0.23833333333333334,0.864406779661017,0.102,0.18246869409660105,51,92,8,449
ap:fft,relation_shrinkage_mahalanobis,Tx3,0.97,125.05764947995415,0.53332,0.26,0.8888888888888888,0.128,0.22377622377622375,64,92,8,436
ap:fft,relation_shrinkage_mahalanobis,Tx4,0.97,125.05764947995415,0.548,0.24333333333333335,0.8709677419354839,0.108,0.19217081850533807,54,92,8,446
ap:fft,relation_shrinkage_mahalanobis,Tx5,0.97,125.05764947995415,0.50994,0.23833333333333334,0.864406779661017,0.102,0.18246869409660105,51,92,8,449
ap:fft,relation_shrinkage_mahalanobis,Tx6,0.97,125.05764947995415,0.5373,0.255,0.8840579710144928,0.122,0.21441124780316345,61,92,8,439
ap:fft,relation_shrinkage_mahalanobis,Tx7,0.97,125.05764947995415,0.54788,0.24833333333333332,0.8769230769230769,0.114,0.20176991150442478,57,92,8,443
ap:fft,relation_shrinkage_mahalanobis,Tx8,0.97,125.05764947995415,0.5672,0.23833333333333334,0.864406779661017,0.102,0.18246869409660105,51,92,8,449
ap:stft,relation_zdist,Tx2,0.9,2.104531824000417,0.47152,0.24666666666666667,0.7857142857142857,0.132,0.226027397260274,66,82,18,434
ap:stft,relation_zdist,Tx3,0.9,2.104531824000417,0.51108,0.27166666666666667,0.8181818181818182,0.162,0.2704507512520868,81,82,18,419
ap:stft,relation_zdist,Tx4,0.9,2.104531824000417,0.52204,0.29,0.8363636363636363,0.184,0.30163934426229505,92,82,18,408
ap:stft,relation_zdist,Tx5,0.9,2.104531824000417,0.49726,0.25833333333333336,0.8021978021978022,0.146,0.2470389170896785,73,82,18,427
ap:stft,relation_zdist,Tx6,0.9,2.104531824000417,0.49628,0.2783333333333333,0.8252427184466019,0.17,0.28192371475953565,85,82,18,415
ap:stft,relation_zdist,Tx7,0.9,2.104531824000417,0.51474,0.25,0.7906976744186046,0.136,0.23208191126279865,68,82,18,432
ap:stft,relation_zdist,Tx8,0.9,2.104531824000417,0.50116,0.23833333333333334,0.7721518987341772,0.122,0.21070811744386872,61,82,18,439
ap:stft,relation_zdist,Tx2,0.95,3.0060418911623805,0.47152,0.21833333333333332,0.8163265306122449,0.08,0.14571948998178508,40,91,9,460
ap:stft,relation_zdist,Tx3,0.95,3.0060418911623805,0.51108,0.23666666666666666,0.85,0.102,0.18214285714285713,51,91,9,449
ap:stft,relation_zdist,Tx4,0.95,3.0060418911623805,0.52204,0.24333333333333335,0.859375,0.11,0.1950354609929078,55,91,9,445
ap:stft,relation_zdist,Tx5,0.95,3.0060418911623805,0.49726,0.22166666666666668,0.8235294117647058,0.084,0.15245009074410165,42,91,9,458
ap:stft,relation_zdist,Tx6,0.95,3.0060418911623805,0.49628,0.23833333333333334,0.8524590163934426,0.104,0.18538324420677363,52,91,9,448
ap:stft,relation_zdist,Tx7,0.95,3.0060418911623805,0.51474,0.23166666666666666,0.8421052631578947,0.096,0.17235188509874327,48,91,9,452
ap:stft,relation_zdist,Tx8,0.95,3.0060418911623805,0.50116,0.19833333333333333,0.7567567567567568,0.056,0.10428305400372438,28,91,9,472
ap:stft,relation_zdist,Tx2,0.97,3.6639071213826053,0.47152,0.21,0.8095238095238095,0.068,0.12546125461254612,34,92,8,466
ap:stft,relation_zdist,Tx3,0.97,3.6639071213826053,0.51108,0.21833333333333332,0.8297872340425532,0.078,0.14259597806215724,39,92,8,461
ap:stft,relation_zdist,Tx4,0.97,3.6639071213826053,0.52204,0.21666666666666667,0.8260869565217391,0.076,0.1391941391941392,38,92,8,462
ap:stft,relation_zdist,Tx5,0.97,3.6639071213826053,0.49726,0.205,0.7948717948717948,0.062,0.1150278293135436,31,92,8,469
ap:stft,relation_zdist,Tx6,0.97,3.6639071213826053,0.49628,0.20666666666666667,0.8,0.064,0.11851851851851851,32,92,8,468
ap:stft,relation_zdist,Tx7,0.97,3.6639071213826053,0.51474,0.215,0.8222222222222222,0.074,0.13577981651376148,37,92,8,463
ap:stft,relation_zdist,Tx8,0.97,3.6639071213826053,0.50116,0.18666666666666668,0.7142857142857143,0.04,0.07575757575757576,20,92,8,480
ap:stft,relation_pca_residual,Tx2,0.9,0.463261968234968,0.45904,0.30333333333333334,0.8253968253968254,0.208,0.33226837060702874,104,78,22,396
ap:stft,relation_pca_residual,Tx3,0.9,0.463261968234968,0.49442,0.33166666666666667,0.8461538461538461,0.242,0.3763608087091757,121,78,22,379
ap:stft,relation_pca_residual,Tx4,0.9,0.463261968234968,0.53536,0.3383333333333333,0.8503401360544217,0.25,0.38639876352395675,125,78,22,375
ap:stft,relation_pca_residual,Tx5,0.9,0.463261968234968,0.49796,0.31333333333333335,0.8333333333333334,0.22,0.3481012658227848,110,78,22,390
ap:stft,relation_pca_residual,Tx6,0.9,0.463261968234968,0.48952,0.305,0.8267716535433071,0.21,0.33492822966507174,105,78,22,395
ap:stft,relation_pca_residual,Tx7,0.9,0.463261968234968,0.4894,0.305,0.8267716535433071,0.21,0.33492822966507174,105,78,22,395
ap:stft,relation_pca_residual,Tx8,0.9,0.463261968234968,0.50854,0.315,0.8345864661654135,0.222,0.35071090047393366,111,78,22,389
ap:stft,relation_pca_residual,Tx2,0.95,0.6087415884254794,0.45904,0.26,0.8255813953488372,0.142,0.24232081911262796,71,85,15,429
ap:stft,relation_pca_residual,Tx3,0.95,0.6087415884254794,0.49442,0.2816666666666667,0.8484848484848485,0.168,0.28046744574290483,84,85,15,416
ap:stft,relation_pca_residual,Tx4,0.95,0.6087415884254794,0.53536,0.29,0.8557692307692307,0.178,0.29470198675496684,89,85,15,411
ap:stft,relation_pca_residual,Tx5,0.95,0.6087415884254794,0.49796,0.25833333333333336,0.8235294117647058,0.14,0.23931623931623933,70,85,15,430
ap:stft,relation_pca_residual,Tx6,0.95,0.6087415884254794,0.48952,0.265,0.8314606741573034,0.148,0.25127334465195245,74,85,15,426
ap:stft,relation_pca_residual,Tx7,0.95,0.6087415884254794,0.4894,0.25,0.8125,0.13,0.22413793103448276,65,85,15,435
ap:stft,relation_pca_residual,Tx8,0.95,0.6087415884254794,0.50854,0.245,0.8051948051948052,0.124,0.21490467937608318,62,85,15,438
ap:stft,relation_pca_residual,Tx2,0.97,0.7686341881566623,0.45904,0.22333333333333333,0.7741935483870968,0.096,0.1708185053380783,48,86,14,452
ap:stft,relation_pca_residual,Tx3,0.97,0.7686341881566623,0.49442,0.23,0.7878787878787878,0.104,0.18374558303886926,52,86,14,448
ap:stft,relation_pca_residual,Tx4,0.97,0.7686341881566623,0.53536,0.26166666666666666,0.8352941176470589,0.142,0.2427350427350427,71,86,14,429
ap:stft,relation_pca_residual,Tx5,0.97,0.7686341881566623,0.49796,0.225,0.7777777777777778,0.098,0.17406749555950268,49,86,14,451
ap:stft,relation_pca_residual,Tx6,0.97,0.7686341881566623,0.48952,0.23666666666666666,0.8,0.112,0.19649122807017547,56,86,14,444
ap:stft,relation_pca_residual,Tx7,0.97,0.7686341881566623,0.4894,0.21666666666666667,0.7586206896551724,0.088,0.15770609318996417,44,86,14,456
ap:stft,relation_pca_residual,Tx8,0.97,0.7686341881566623,0.50854,0.21,0.7407407407407407,0.08,0.1444043321299639,40,86,14,460
ap:stft,relation_shrinkage_mahalanobis,Tx2,0.9,67.00498109608992,0.46262,0.25166666666666665,0.7865168539325843,0.14,0.2376910016977929,70,81,19,430
ap:stft,relation_shrinkage_mahalanobis,Tx3,0.9,67.00498109608992,0.5022,0.275,0.8155339805825242,0.168,0.27860696517412936,84,81,19,416
ap:stft,relation_shrinkage_mahalanobis,Tx4,0.9,67.00498109608992,0.52782,0.29333333333333333,0.8333333333333334,0.19,0.30944625407166126,95,81,19,405
ap:stft,relation_shrinkage_mahalanobis,Tx5,0.9,67.00498109608992,0.49594,0.2683333333333333,0.8080808080808081,0.16,0.2671118530884808,80,81,19,420
ap:stft,relation_shrinkage_mahalanobis,Tx6,0.9,67.00498109608992,0.4922,0.27666666666666667,0.8173076923076923,0.17,0.2814569536423841,85,81,19,415
ap:stft,relation_shrinkage_mahalanobis,Tx7,0.9,67.00498109608992,0.50508,0.25333333333333335,0.7888888888888889,0.142,0.24067796610169487,71,81,19,429
ap:stft,relation_shrinkage_mahalanobis,Tx8,0.9,67.00498109608992,0.50976,0.25666666666666665,0.7934782608695652,0.146,0.2466216216216216,73,81,19,427
ap:stft,relation_shrinkage_mahalanobis,Tx2,0.95,87.07377156640155,0.46262,0.23166666666666666,0.819672131147541,0.1,0.17825311942959005,50,89,11,450
ap:stft,relation_shrinkage_mahalanobis,Tx3,0.95,87.07377156640155,0.5022,0.25,0.8472222222222222,0.122,0.21328671328671328,61,89,11,439
ap:stft,relation_shrinkage_mahalanobis,Tx4,0.95,87.07377156640155,0.52782,0.27166666666666667,0.8705882352941177,0.148,0.252991452991453,74,89,11,426
ap:stft,relation_shrinkage_mahalanobis,Tx5,0.95,87.07377156640155,0.49594,0.23666666666666666,0.828125,0.106,0.1879432624113475,53,89,11,447
ap:stft,relation_shrinkage_mahalanobis,Tx6,0.95,87.07377156640155,0.4922,0.24666666666666667,0.8428571428571429,0.118,0.20701754385964913,59,89,11,441
ap:stft,relation_shrinkage_mahalanobis,Tx7,0.95,87.07377156640155,0.50508,0.23333333333333334,0.8225806451612904,0.102,0.18149466192170818,51,89,11,449
ap:stft,relation_shrinkage_mahalanobis,Tx8,0.95,87.07377156640155,0.50976,0.21333333333333335,0.78,0.078,0.14181818181818184,39,89,11,461
ap:stft,relation_shrinkage_mahalanobis,Tx2,0.97,99.75664514194973,0.46262,0.22,0.82,0.082,0.14909090909090908,41,91,9,459
ap:stft,relation_shrinkage_mahalanobis,Tx3,0.97,99.75664514194973,0.5022,0.235,0.847457627118644,0.1,0.17889087656529518,50,91,9,450
ap:stft,relation_shrinkage_mahalanobis,Tx4,0.97,99.75664514194973,0.52782,0.25166666666666665,0.8695652173913043,0.12,0.210896309314587,60,91,9,440
ap:stft,relation_shrinkage_mahalanobis,Tx5,0.97,99.75664514194973,0.49594,0.22,0.82,0.082,0.14909090909090908,41,91,9,459
ap:stft,relation_shrinkage_mahalanobis,Tx6,0.97,99.75664514194973,0.4922,0.23833333333333334,0.8524590163934426,0.104,0.18538324420677363,52,91,9,448
ap:stft,relation_shrinkage_mahalanobis,Tx7,0.97,99.75664514194973,0.50508,0.22833333333333333,0.8363636363636363,0.092,0.16576576576576577,46,91,9,454
ap:stft,relation_shrinkage_mahalanobis,Tx8,0.97,99.75664514194973,0.50976,0.19166666666666668,0.7272727272727273,0.048,0.0900562851782364,24,91,9,476
ap:cepstral,relation_zdist,Tx2,0.9,1.997251014921046,0.48928,0.275,0.8282828282828283,0.164,0.27378964941569284,82,83,17,418
ap:cepstral,relation_zdist,Tx3,0.9,1.997251014921046,0.52362,0.3016666666666667,0.8521739130434782,0.196,0.31869918699186994,98,83,17,402
ap:cepstral,relation_zdist,Tx4,0.9,1.997251014921046,0.54234,0.3016666666666667,0.8521739130434782,0.196,0.31869918699186994,98,83,17,402
ap:cepstral,relation_zdist,Tx5,0.9,1.997251014921046,0.50112,0.2866666666666667,0.839622641509434,0.178,0.29372937293729373,89,83,17,411
ap:cepstral,relation_zdist,Tx6,0.9,1.997251014921046,0.51164,0.30833333333333335,0.8571428571428571,0.204,0.3295638126009693,102,83,17,398
ap:cepstral,relation_zdist,Tx7,0.9,1.997251014921046,0.51496,0.30333333333333334,0.853448275862069,0.198,0.32142857142857145,99,83,17,401
ap:cepstral,relation_zdist,Tx8,0.9,1.997251014921046,0.53956,0.31,0.8583333333333333,0.206,0.332258064516129,103,83,17,397
ap:cepstral,relation_zdist,Tx2,0.95,3.173417569778027,0.48928,0.23,0.8064516129032258,0.1,0.17793594306049823,50,88,12,450
ap:cepstral,relation_zdist,Tx3,0.95,3.173417569778027,0.52362,0.25166666666666665,0.84,0.126,0.2191304347826087,63,88,12,437
ap:cepstral,relation_zdist,Tx4,0.95,3.173417569778027,0.54234,0.24,0.8235294117647058,0.112,0.19718309859154928,56,88,12,444
ap:cepstral,relation_zdist,Tx5,0.95,3.173417569778027,0.50112,0.23166666666666666,0.8095238095238095,0.102,0.18117229129662524,51,88,12,449
ap:cepstral,relation_zdist,Tx6,0.95,3.173417569778027,0.51164,0.245,0.8309859154929577,0.118,0.2066549912434326,59,88,12,441
ap:cepstral,relation_zdist,Tx7,0.95,3.173417569778027,0.51496,0.25,0.8378378378378378,0.124,0.21602787456445993,62,88,12,438
ap:cepstral,relation_zdist,Tx8,0.95,3.173417569778027,0.53956,0.24,0.8235294117647058,0.112,0.19718309859154928,56,88,12,444
ap:cepstral,relation_zdist,Tx2,0.97,3.559233539786549,0.48928,0.23,0.8275862068965517,0.096,0.17204301075268819,48,90,10,452
ap:cepstral,relation_zdist,Tx3,0.97,3.559233539786549,0.52362,0.24166666666666667,0.8461538461538461,0.11,0.19469026548672566,55,90,10,445
ap:cepstral,relation_zdist,Tx4,0.97,3.559233539786549,0.54234,0.23,0.8275862068965517,0.096,0.17204301075268819,48,90,10,452
ap:cepstral,relation_zdist,Tx5,0.97,3.559233539786549,0.50112,0.22333333333333333,0.8148148148148148,0.088,0.1588447653429603,44,90,10,456
ap:cepstral,relation_zdist,Tx6,0.97,3.559233539786549,0.51164,0.235,0.8360655737704918,0.102,0.18181818181818182,51,90,10,449
ap:cepstral,relation_zdist,Tx7,0.97,3.559233539786549,0.51496,0.23333333333333334,0.8333333333333334,0.1,0.17857142857142858,50,90,10,450
ap:cepstral,relation_zdist,Tx8,0.97,3.559233539786549,0.53956,0.22666666666666666,0.8214285714285714,0.092,0.16546762589928057,46,90,10,454
ap:cepstral,relation_pca_residual,Tx2,0.9,0.42761150905500406,0.48106,0.28,0.84,0.168,0.27999999999999997,84,84,16,416
ap:cepstral,relation_pca_residual,Tx3,0.9,0.42761150905500406,0.5285,0.2966666666666667,0.8545454545454545,0.188,0.3081967213114754,94,84,16,406
ap:cepstral,relation_pca_residual,Tx4,0.9,0.42761150905500406,0.5503,0.31666666666666665,0.8688524590163934,0.212,0.3408360128617363,106,84,16,394
ap:cepstral,relation_pca_residual,Tx5,0.9,0.42761150905500406,0.49368,0.2916666666666667,0.8504672897196262,0.182,0.29983525535420097,91,84,16,409
ap:cepstral,relation_pca_residual,Tx6,0.9,0.42761150905500406,0.51708,0.2866666666666667,0.8461538461538461,0.176,0.2913907284768211,88,84,16,412
ap:cepstral,relation_pca_residual,Tx7,0.9,0.42761150905500406,0.49466,0.30666666666666664,0.8620689655172413,0.2,0.32467532467532473,100,84,16,400
ap:cepstral,relation_pca_residual,Tx8,0.9,0.42761150905500406,0.5421,0.2966666666666667,0.8545454545454545,0.188,0.3081967213114754,94,84,16,406
ap:cepstral,relation_pca_residual,Tx2,0.95,0.6878663016686066,0.48106,0.24333333333333335,0.8026315789473685,0.122,0.21180555555555555,61,85,15,439
ap:cepstral,relation_pca_residual,Tx3,0.95,0.6878663016686066,0.5285,0.25333333333333335,0.8170731707317073,0.134,0.2302405498281787,67,85,15,433
ap:cepstral,relation_pca_residual,Tx4,0.95,0.6878663016686066,0.5503,0.24,0.7972972972972973,0.118,0.20557491289198604,59,85,15,441
ap:cepstral,relation_pca_residual,Tx5,0.95,0.6878663016686066,0.49368,0.24,0.7972972972972973,0.118,0.20557491289198604,59,85,15,441
ap:cepstral,relation_pca_residual,Tx6,0.95,0.6878663016686066,0.51708,0.24,0.7972972972972973,0.118,0.20557491289198604,59,85,15,441
ap:cepstral,relation_pca_residual,Tx7,0.95,0.6878663016686066,0.49466,0.25666666666666665,0.8214285714285714,0.138,0.23630136986301373,69,85,15,431
ap:cepstral,relation_pca_residual,Tx8,0.95,0.6878663016686066,0.5421,0.225,0.7692307692307693,0.1,0.17699115044247787,50,85,15,450
ap:cepstral,relation_pca_residual,Tx2,0.97,0.8075346637515278,0.48106,0.235,0.8059701492537313,0.108,0.19047619047619047,54,87,13,446
ap:cepstral,relation_pca_residual,Tx3,0.97,0.8075346637515278,0.5285,0.23833333333333334,0.8115942028985508,0.112,0.19683655536028122,56,87,13,444
ap:cepstral,relation_pca_residual,Tx4,0.97,0.8075346637515278,0.5503,0.22833333333333333,0.7936507936507936,0.1,0.17761989342806395,50,87,13,450
ap:cepstral,relation_pca_residual,Tx5,0.97,0.8075346637515278,0.49368,0.22166666666666668,0.7796610169491526,0.092,0.16457960644007155,46,87,13,454
ap:cepstral,relation_pca_residual,Tx6,0.97,0.8075346637515278,0.51708,0.21666666666666667,0.7678571428571429,0.086,0.15467625899280574,43,87,13,457
ap:cepstral,relation_pca_residual,Tx7,0.97,0.8075346637515278,0.49466,0.235,0.8059701492537313,0.108,0.19047619047619047,54,87,13,446
ap:cepstral,relation_pca_residual,Tx8,0.97,0.8075346637515278,0.5421,0.21666666666666667,0.7678571428571429,0.086,0.15467625899280574,43,87,13,457
ap:cepstral,relation_shrinkage_mahalanobis,Tx2,0.9,61.886436165916756,0.48736,0.285,0.8317757009345794,0.178,0.2932454695222405,89,82,18,411
ap:cepstral,relation_shrinkage_mahalanobis,Tx3,0.9,61.886436165916756,0.53102,0.30666666666666664,0.85,0.204,0.3290322580645161,102,82,18,398
ap:cepstral,relation_shrinkage_mahalanobis,Tx4,0.9,61.886436165916756,0.55036,0.3233333333333333,0.8615384615384616,0.224,0.35555555555555557,112,82,18,388
ap:cepstral,relation_shrinkage_mahalanobis,Tx5,0.9,61.886436165916756,0.50064,0.305,0.8487394957983193,0.202,0.3263327948303716,101,82,18,399
ap:cepstral,relation_shrinkage_mahalanobis,Tx6,0.9,61.886436165916756,0.5129,0.31166666666666665,0.8536585365853658,0.21,0.33707865168539325,105,82,18,395
ap:cepstral,relation_shrinkage_mahalanobis,Tx7,0.9,61.886436165916756,0.51752,0.30333333333333334,0.847457627118644,0.2,0.32362459546925565,100,82,18,400
ap:cepstral,relation_shrinkage_mahalanobis,Tx8,0.9,61.886436165916756,0.5456,0.32166666666666666,0.8604651162790697,0.222,0.35294117647058826,111,82,18,389
ap:cepstral,relation_shrinkage_mahalanobis,Tx2,0.95,91.99967768246577,0.48736,0.24166666666666667,0.8,0.12,0.20869565217391303,60,85,15,440
ap:cepstral,relation_shrinkage_mahalanobis,Tx3,0.95,91.99967768246577,0.53102,0.265,0.8314606741573034,0.148,0.25127334465195245,74,85,15,426
ap:cepstral,relation_shrinkage_mahalanobis,Tx4,0.95,91.99967768246577,0.55036,0.25166666666666665,0.8148148148148148,0.132,0.22719449225473323,66,85,15,434
ap:cepstral,relation_shrinkage_mahalanobis,Tx5,0.95,91.99967768246577,0.50064,0.245,0.8051948051948052,0.124,0.21490467937608318,62,85,15,438
ap:cepstral,relation_shrinkage_mahalanobis,Tx6,0.95,91.99967768246577,0.5129,0.255,0.8192771084337349,0.136,0.23327615780445968,68,85,15,432
ap:cepstral,relation_shrinkage_mahalanobis,Tx7,0.95,91.99967768246577,0.51752,0.27166666666666667,0.8387096774193549,0.156,0.2630691399662732,78,85,15,422
ap:cepstral,relation_shrinkage_mahalanobis,Tx8,0.95,91.99967768246577,0.5456,0.25166666666666665,0.8148148148148148,0.132,0.22719449225473323,66,85,15,434
ap:cepstral,relation_shrinkage_mahalanobis,Tx2,0.97,109.50440698888754,0.48736,0.22833333333333333,0.7846153846153846,0.102,0.18053097345132743,51,86,14,449
ap:cepstral,relation_shrinkage_mahalanobis,Tx3,0.97,109.50440698888754,0.53102,0.24666666666666667,0.8157894736842105,0.124,0.21527777777777776,62,86,14,438
ap:cepstral,relation_shrinkage_mahalanobis,Tx4,0.97,109.50440698888754,0.55036,0.23,0.7878787878787878,0.104,0.18374558303886926,52,86,14,448
ap:cepstral,relation_shrinkage_mahalanobis,Tx5,0.97,109.50440698888754,0.50064,0.23333333333333334,0.7941176470588235,0.108,0.19014084507042253,54,86,14,446
ap:cepstral,relation_shrinkage_mahalanobis,Tx6,0.97,109.50440698888754,0.5129,0.24166666666666667,0.8082191780821918,0.118,0.20593368237347293,59,86,14,441
ap:cepstral,relation_shrinkage_mahalanobis,Tx7,0.97,109.50440698888754,0.51752,0.24833333333333332,0.8181818181818182,0.126,0.21837088388214904,63,86,14,437
ap:cepstral,relation_shrinkage_mahalanobis,Tx8,0.97,109.50440698888754,0.5456,0.23666666666666666,0.8,0.112,0.19649122807017547,56,86,14,444
ap:cyclo,relation_zdist,Tx2,0.9,2.179653837200655,0.49722,0.28833333333333333,0.8613861386138614,0.174,0.2895174708818635,87,86,14,413
ap:cyclo,relation_zdist,Tx3,0.9,2.179653837200655,0.52328,0.2866666666666667,0.86,0.172,0.2866666666666666,86,86,14,414
ap:cyclo,relation_zdist,Tx4,0.9,2.179653837200655,0.52694,0.2633333333333333,0.8372093023255814,0.144,0.2457337883959044,72,86,14,428
ap:cyclo,relation_zdist,Tx5,0.9,2.179653837200655,0.52292,0.295,0.8666666666666667,0.182,0.30082644628099175,91,86,14,409
ap:cyclo,relation_zdist,Tx6,0.9,2.179653837200655,0.52862,0.30333333333333334,0.8727272727272727,0.192,0.3147540983606557,96,86,14,404
ap:cyclo,relation_zdist,Tx7,0.9,2.179653837200655,0.55366,0.30833333333333335,0.8761061946902655,0.198,0.32300163132137033,99,86,14,401
ap:cyclo,relation_zdist,Tx8,0.9,2.179653837200655,0.55448,0.28833333333333333,0.8613861386138614,0.174,0.2895174708818635,87,86,14,413
ap:cyclo,relation_zdist,Tx2,0.95,3.2184991025406253,0.49722,0.2733333333333333,0.8636363636363636,0.152,0.25850340136054417,76,88,12,424
ap:cyclo,relation_zdist,Tx3,0.95,3.2184991025406253,0.52328,0.28,0.8695652173913043,0.16,0.2702702702702703,80,88,12,420
ap:cyclo,relation_zdist,Tx4,0.95,3.2184991025406253,0.52694,0.22333333333333333,0.7931034482758621,0.092,0.16487455197132617,46,88,12,454
ap:cyclo,relation_zdist,Tx5,0.95,3.2184991025406253,0.52292,0.27166666666666667,0.8620689655172413,0.15,0.2555366269165247,75,88,12,425
ap:cyclo,relation_zdist,Tx6,0.95,3.2184991025406253,0.52862,0.2783333333333333,0.8681318681318682,0.158,0.2673434856175973,79,88,12,421
ap:cyclo,relation_zdist,Tx7,0.95,3.2184991025406253,0.55366,0.2783333333333333,0.8681318681318682,0.158,0.2673434856175973,79,88,12,421
ap:cyclo,relation_zdist,Tx8,0.95,3.2184991025406253,0.55448,0.24166666666666667,0.8260869565217391,0.114,0.20035149384885764,57,88,12,443
ap:cyclo,relation_zdist,Tx2,0.97,3.8984714810183454,0.49722,0.25666666666666665,0.8648648648648649,0.128,0.22299651567944254,64,90,10,436
ap:cyclo,relation_zdist,Tx3,0.97,3.8984714810183454,0.52328,0.275,0.8823529411764706,0.15,0.25641025641025644,75,90,10,425
ap:cyclo,relation_zdist,Tx4,0.97,3.8984714810183454,0.52694,0.205,0.7674418604651163,0.066,0.12154696132596685,33,90,10,467
ap:cyclo,relation_zdist,Tx5,0.97,3.8984714810183454,0.52292,0.26166666666666666,0.8701298701298701,0.134,0.23223570190641246,67,90,10,433
ap:cyclo,relation_zdist,Tx6,0.97,3.8984714810183454,0.52862,0.26666666666666666,0.875,0.14,0.24137931034482757,70,90,10,430
ap:cyclo,relation_zdist,Tx7,0.97,3.8984714810183454,0.55366,0.27166666666666667,0.8795180722891566,0.146,0.2504288164665523,73,90,10,427
ap:cyclo,relation_zdist,Tx8,0.97,3.8984714810183454,0.55448,0.21666666666666667,0.8,0.08,0.14545454545454545,40,90,10,460
ap:cyclo,relation_pca_residual,Tx2,0.9,0.37238457147817444,0.53536,0.32166666666666666,0.8394160583941606,0.23,0.3610675039246468,115,78,22,385
ap:cyclo,relation_pca_residual,Tx3,0.9,0.37238457147817444,0.5764,0.335,0.8482758620689655,0.246,0.38139534883720927,123,78,22,377
ap:cyclo,relation_pca_residual,Tx4,0.9,0.37238457147817444,0.5315,0.33166666666666667,0.8461538461538461,0.242,0.3763608087091757,121,78,22,379
ap:cyclo,relation_pca_residual,Tx5,0.9,0.37238457147817444,0.54068,0.3283333333333333,0.8439716312056738,0.238,0.37129485179407173,119,78,22,381
ap:cyclo,relation_pca_residual,Tx6,0.9,0.37238457147817444,0.50914,0.3433333333333333,0.8533333333333334,0.256,0.3938461538461539,128,78,22,372
ap:cyclo,relation_pca_residual,Tx7,0.9,0.37238457147817444,0.55476,0.3516666666666667,0.8580645161290322,0.266,0.40610687022900765,133,78,22,367
ap:cyclo,relation_pca_residual,Tx8,0.9,0.37238457147817444,0.54592,0.3383333333333333,0.8503401360544217,0.25,0.38639876352395675,125,78,22,375
ap:cyclo,relation_pca_residual,Tx2,0.95,0.5120566017940897,0.53536,0.2916666666666667,0.8378378378378378,0.186,0.30441898527004907,93,82,18,407
ap:cyclo,relation_pca_residual,Tx3,0.95,0.5120566017940897,0.5764,0.3,0.8448275862068966,0.196,0.31818181818181823,98,82,18,402
ap:cyclo,relation_pca_residual,Tx4,0.95,0.5120566017940897,0.5315,0.27166666666666667,0.8181818181818182,0.162,0.2704507512520868,81,82,18,419
ap:cyclo,relation_pca_residual,Tx5,0.95,0.5120566017940897,0.54068,0.2966666666666667,0.8421052631578947,0.192,0.3127035830618893,96,82,18,404
ap:cyclo,relation_pca_residual,Tx6,0.95,0.5120566017940897,0.50914,0.295,0.8407079646017699,0.19,0.3099510603588907,95,82,18,405
ap:cyclo,relation_pca_residual,Tx7,0.95,0.5120566017940897,0.55476,0.31,0.8524590163934426,0.208,0.33440514469453375,104,82,18,396
ap:cyclo,relation_pca_residual,Tx8,0.95,0.5120566017940897,0.54592,0.2866666666666667,0.8333333333333334,0.18,0.29605263157894735,90,82,18,410
ap:cyclo,relation_pca_residual,Tx2,0.97,0.5951177483821816,0.53536,0.2833333333333333,0.8645833333333334,0.166,0.2785234899328859,83,87,13,417
ap:cyclo,relation_pca_residual,Tx3,0.97,0.5951177483821816,0.5764,0.29833333333333334,0.8761904761904762,0.184,0.3041322314049587,92,87,13,408
ap:cyclo,relation_pca_residual,Tx4,0.97,0.5951177483821816,0.5315,0.25333333333333335,0.8333333333333334,0.13,0.22491349480968859,65,87,13,435
ap:cyclo,relation_pca_residual,Tx5,0.97,0.5951177483821816,0.54068,0.29,0.87,0.174,0.29,87,87,13,413
ap:cyclo,relation_pca_residual,Tx6,0.97,0.5951177483821816,0.50914,0.29,0.87,0.174,0.29,87,87,13,413
ap:cyclo,relation_pca_residual,Tx7,0.97,0.5951177483821816,0.55476,0.295,0.8737864077669902,0.18,0.29850746268656714,90,87,13,410
ap:cyclo,relation_pca_residual,Tx8,0.97,0.5951177483821816,0.54592,0.26666666666666666,0.8488372093023255,0.146,0.24914675767918087,73,87,13,427
ap:cyclo,relation_shrinkage_mahalanobis,Tx2,0.9,61.33203784856612,0.49316,0.30666666666666664,0.8559322033898306,0.202,0.3268608414239482,101,83,17,399
ap:cyclo,relation_shrinkage_mahalanobis,Tx3,0.9,61.33203784856612,0.51874,0.31166666666666665,0.859504132231405,0.208,0.33494363929146537,104,83,17,396
ap:cyclo,relation_shrinkage_mahalanobis,Tx4,0.9,61.33203784856612,0.5343,0.29833333333333334,0.8495575221238938,0.192,0.31321370309951063,96,83,17,404
ap:cyclo,relation_shrinkage_mahalanobis,Tx5,0.9,61.33203784856612,0.51694,0.32,0.8650793650793651,0.218,0.3482428115015974,109,83,17,391
ap:cyclo,relation_shrinkage_mahalanobis,Tx6,0.9,61.33203784856612,0.5231,0.31833333333333336,0.864,0.216,0.34559999999999996,108,83,17,392
ap:cyclo,relation_shrinkage_mahalanobis,Tx7,0.9,61.33203784856612,0.5514,0.33,0.8712121212121212,0.23,0.36392405063291133,115,83,17,385
ap:cyclo,relation_shrinkage_mahalanobis,Tx8,0.9,61.33203784856612,0.55556,0.31333333333333335,0.860655737704918,0.21,0.337620578778135,105,83,17,395
ap:cyclo,relation_shrinkage_mahalanobis,Tx2,0.95,87.09823099866034,0.49316,0.2783333333333333,0.8602150537634409,0.16,0.26981450252951095,80,87,13,420
ap:cyclo,relation_shrinkage_mahalanobis,Tx3,0.95,87.09823099866034,0.51874,0.28833333333333333,0.8686868686868687,0.172,0.2871452420701169,86,87,13,414
ap:cyclo,relation_shrinkage_mahalanobis,Tx4,0.95,87.09823099866034,0.5343,0.24333333333333335,0.8194444444444444,0.118,0.20629370629370627,59,87,13,441
ap:cyclo,relation_shrinkage_mahalanobis,Tx5,0.95,87.09823099866034,0.51694,0.2833333333333333,0.8645833333333334,0.166,0.2785234899328859,83,87,13,417
ap:cyclo,relation_shrinkage_mahalanobis,Tx6,0.95,87.09823099866034,0.5231,0.2833333333333333,0.8645833333333334,0.166,0.2785234899328859,83,87,13,417
ap:cyclo,relation_shrinkage_mahalanobis,Tx7,0.95,87.09823099866034,0.5514,0.29833333333333334,0.8761904761904762,0.184,0.3041322314049587,92,87,13,408
ap:cyclo,relation_shrinkage_mahalanobis,Tx8,0.95,87.09823099866034,0.55556,0.26666666666666666,0.8488372093023255,0.146,0.24914675767918087,73,87,13,427
ap:cyclo,relation_shrinkage_mahalanobis,Tx2,0.97,103.511309217527,0.49316,0.27,0.8522727272727273,0.15,0.25510204081632654,75,87,13,425
ap:cyclo,relation_shrinkage_mahalanobis,Tx3,0.97,103.511309217527,0.51874,0.2816666666666667,0.8631578947368421,0.164,0.27563025210084036,82,87,13,418
ap:cyclo,relation_shrinkage_mahalanobis,Tx4,0.97,103.511309217527,0.5343,0.22,0.7758620689655172,0.09,0.16129032258064516,45,87,13,455
ap:cyclo,relation_shrinkage_mahalanobis,Tx5,0.97,103.511309217527,0.51694,0.27,0.8522727272727273,0.15,0.25510204081632654,75,87,13,425
ap:cyclo,relation_shrinkage_mahalanobis,Tx6,0.97,103.511309217527,0.5231,0.27666666666666667,0.8586956521739131,0.158,0.2668918918918919,79,87,13,421
ap:cyclo,relation_shrinkage_mahalanobis,Tx7,0.97,103.511309217527,0.5514,0.2816666666666667,0.8631578947368421,0.164,0.27563025210084036,82,87,13,418
ap:cyclo,relation_shrinkage_mahalanobis,Tx8,0.97,103.511309217527,0.55556,0.23833333333333334,0.8115942028985508,0.112,0.19683655536028122,56,87,13,444
ap:hos,relation_zdist,Tx2,0.9,2.028043232506195,0.48868,0.2633333333333333,0.8222222222222222,0.148,0.25084745762711863,74,84,16,426
ap:hos,relation_zdist,Tx3,0.9,2.028043232506195,0.51012,0.2783333333333333,0.8383838383838383,0.166,0.27712854757929883,83,84,16,417
ap:hos,relation_zdist,Tx4,0.9,2.028043232506195,0.48794,0.25666666666666665,0.813953488372093,0.14,0.23890784982935154,70,84,16,430
ap:hos,relation_zdist,Tx5,0.9,2.028043232506195,0.48402,0.24166666666666667,0.7922077922077922,0.122,0.21143847487001732,61,84,16,439
ap:hos,relation_zdist,Tx6,0.9,2.028043232506195,0.52148,0.285,0.8446601941747572,0.174,0.2885572139303482,87,84,16,413
ap:hos,relation_zdist,Tx7,0.9,2.028043232506195,0.53812,0.275,0.8350515463917526,0.162,0.27135678391959794,81,84,16,419
ap:hos,relation_zdist,Tx8,0.9,2.028043232506195,0.49608,0.24833333333333332,0.8024691358024691,0.13,0.22375215146299485,65,84,16,435
ap:hos,relation_zdist,Tx2,0.95,4.231621425193224,0.48868,0.21166666666666667,0.7547169811320755,0.08,0.14466546112115733,40,87,13,460
ap:hos,relation_zdist,Tx3,0.95,4.231621425193224,0.51012,0.22666666666666666,0.7903225806451613,0.098,0.17437722419928825,49,87,13,451
ap:hos,relation_zdist,Tx4,0.95,4.231621425193224,0.48794,0.21666666666666667,0.7678571428571429,0.086,0.15467625899280574,43,87,13,457
ap:hos,relation_zdist,Tx5,0.95,4.231621425193224,0.48402,0.205,0.7346938775510204,0.072,0.13114754098360656,36,87,13,464
ap:hos,relation_zdist,Tx6,0.95,4.231621425193224,0.52148,0.22166666666666668,0.7796610169491526,0.092,0.16457960644007155,46,87,13,454
ap:hos,relation_zdist,Tx7,0.95,4.231621425193224,0.53812,0.22333333333333333,0.7833333333333333,0.094,0.16785714285714284,47,87,13,453
ap:hos,relation_zdist,Tx8,0.95,4.231621425193224,0.49608,0.19333333333333333,0.6904761904761905,0.058,0.1070110701107011,29,87,13,471
ap:hos,relation_zdist,Tx2,0.97,5.336322583465842,0.48868,0.205,0.7446808510638298,0.07,0.12797074954296164,35,88,12,465
ap:hos,relation_zdist,Tx3,0.97,5.336322583465842,0.51012,0.22166666666666668,0.7894736842105263,0.09,0.1615798922800718,45,88,12,455
ap:hos,relation_zdist,Tx4,0.97,5.336322583465842,0.48794,0.20333333333333334,0.7391304347826086,0.068,0.12454212454212454,34,88,12,466
ap:hos,relation_zdist,Tx5,0.97,5.336322583465842,0.48402,0.19666666666666666,0.7142857142857143,0.06,0.11070110701107012,30,88,12,470
ap:hos,relation_zdist,Tx6,0.97,5.336322583465842,0.52148,0.205,0.7446808510638298,0.07,0.12797074954296164,35,88,12,465
ap:hos,relation_zdist,Tx7,0.97,5.336322583465842,0.53812,0.20833333333333334,0.7551020408163265,0.074,0.13479052823315119,37,88,12,463
ap:hos,relation_zdist,Tx8,0.97,5.336322583465842,0.49608,0.18166666666666667,0.6363636363636364,0.042,0.07879924953095685,21,88,12,479
ap:hos,relation_pca_residual,Tx2,0.9,0.3474821692422571,0.66324,0.3233333333333333,0.8405797101449275,0.232,0.36363636363636365,116,78,22,384
ap:hos,relation_pca_residual,Tx3,0.9,0.3474821692422571,0.54164,0.28833333333333333,0.811965811965812,0.19,0.30794165316045385,95,78,22,405
ap:hos,relation_pca_residual,Tx4,0.9,0.3474821692422571,0.65844,0.28833333333333333,0.811965811965812,0.19,0.30794165316045385,95,78,22,405
ap:hos,relation_pca_residual,Tx5,0.9,0.3474821692422571,0.47336,0.265,0.7864077669902912,0.162,0.26865671641791045,81,78,22,419
ap:hos,relation_pca_residual,Tx6,0.9,0.3474821692422571,0.8023,0.605,0.9283387622149837,0.57,0.7063197026022305,285,78,22,215
ap:hos,relation_pca_residual,Tx7,0.9,0.3474821692422571,0.61442,0.31,0.8307692307692308,0.216,0.34285714285714286,108,78,22,392
ap:hos,relation_pca_residual,Tx8,0.9,0.3474821692422571,0.80894,0.67,0.9364161849710982,0.648,0.7659574468085106,324,78,22,176
ap:hos,relation_pca_residual,Tx2,0.95,0.5190665079332444,0.66324,0.2816666666666667,0.8415841584158416,0.17,0.28286189683860236,85,84,16,415
ap:hos,relation_pca_residual,Tx3,0.95,0.5190665079332444,0.54164,0.275,0.8350515463917526,0.162,0.27135678391959794,81,84,16,419
ap:hos,relation_pca_residual,Tx4,0.95,0.5190665079332444,0.65844,0.25333333333333335,0.8095238095238095,0.136,0.23287671232876714,68,84,16,432
ap:hos,relation_pca_residual,Tx5,0.95,0.5190665079332444,0.47336,0.24,0.7894736842105263,0.12,0.20833333333333334,60,84,16,440
ap:hos,relation_pca_residual,Tx6,0.95,0.5190665079332444,0.8023,0.385,0.901840490797546,0.294,0.4434389140271493,147,84,16,353
ap:hos,relation_pca_residual,Tx7,0.95,0.5190665079332444,0.61442,0.2733333333333333,0.8333333333333334,0.16,0.2684563758389262,80,84,16,420
ap:hos,relation_pca_residual,Tx8,0.95,0.5190665079332444,0.80894,0.36833333333333335,0.8954248366013072,0.274,0.4196018376722818,137,84,16,363
ap:hos,relation_pca_residual,Tx2,0.97,0.6493280901865676,0.66324,0.26,0.8255813953488372,0.142,0.24232081911262796,71,85,15,429
ap:hos,relation_pca_residual,Tx3,0.97,0.6493280901865676,0.54164,0.25666666666666665,0.8214285714285714,0.138,0.23630136986301373,69,85,15,431
ap:hos,relation_pca_residual,Tx4,0.97,0.6493280901865676,0.65844,0.24333333333333335,0.8026315789473685,0.122,0.21180555555555555,61,85,15,439
ap:hos,relation_pca_residual,Tx5,0.97,0.6493280901865676,0.47336,0.23,0.7794117647058824,0.106,0.18661971830985916,53,85,15,447
ap:hos,relation_pca_residual,Tx6,0.97,0.6493280901865676,0.8023,0.32,0.8770491803278688,0.214,0.3440514469453376,107,85,15,393
ap:hos,relation_pca_residual,Tx7,0.97,0.6493280901865676,0.61442,0.25833333333333336,0.8235294117647058,0.14,0.23931623931623933,70,85,15,430
ap:hos,relation_pca_residual,Tx8,0.97,0.6493280901865676,0.80894,0.2816666666666667,0.8484848484848485,0.168,0.28046744574290483,84,85,15,416
ap:hos,relation_shrinkage_mahalanobis,Tx2,0.9,62.22639977291894,0.50332,0.2816666666666667,0.8165137614678899,0.178,0.2922824302134647,89,80,20,411
ap:hos,relation_shrinkage_mahalanobis,Tx3,0.9,62.22639977291894,0.5442,0.28833333333333333,0.8230088495575221,0.186,0.30342577487765093,93,80,20,407
ap:hos,relation_shrinkage_mahalanobis,Tx4,0.9,62.22639977291894,0.51324,0.26666666666666666,0.8,0.16,0.26666666666666666,80,80,20,420
ap:hos,relation_shrinkage_mahalanobis,Tx5,0.9,62.22639977291894,0.50778,0.255,0.7849462365591398,0.146,0.24620573355817874,73,80,20,427
ap:hos,relation_shrinkage_mahalanobis,Tx6,0.9,62.22639977291894,0.53924,0.295,0.8290598290598291,0.194,0.3144246353322528,97,80,20,403
ap:hos,relation_shrinkage_mahalanobis,Tx7,0.9,62.22639977291894,0.56002,0.295,0.8290598290598291,0.194,0.3144246353322528,97,80,20,403
ap:hos,relation_shrinkage_mahalanobis,Tx8,0.9,62.22639977291894,0.51782,0.265,0.797979797979798,0.158,0.2637729549248748,79,80,20,421
ap:hos,relation_shrinkage_mahalanobis,Tx2,0.95,122.51319860182977,0.50332,0.23333333333333334,0.803030303030303,0.106,0.1872791519434629,53,87,13,447
ap:hos,relation_shrinkage_mahalanobis,Tx3,0.95,122.51319860182977,0.5442,0.25166666666666665,0.8311688311688312,0.128,0.2218370883882149,64,87,13,436
ap:hos,relation_shrinkage_mahalanobis,Tx4,0.95,122.51319860182977,0.51324,0.235,0.8059701492537313,0.108,0.19047619047619047,54,87,13,446
ap:hos,relation_shrinkage_mahalanobis,Tx5,0.95,122.51319860182977,0.50778,0.22666666666666666,0.7903225806451613,0.098,0.17437722419928825,49,87,13,451
ap:hos,relation_shrinkage_mahalanobis,Tx6,0.95,122.51319860182977,0.53924,0.24833333333333332,0.8266666666666667,0.124,0.21565217391304348,62,87,13,438
ap:hos,relation_shrinkage_mahalanobis,Tx7,0.95,122.51319860182977,0.56002,0.24666666666666667,0.8243243243243243,0.122,0.21254355400696864,61,87,13,439
ap:hos,relation_shrinkage_mahalanobis,Tx8,0.95,122.51319860182977,0.51782,0.22166666666666668,0.7796610169491526,0.092,0.16457960644007155,46,87,13,454
ap:hos,relation_shrinkage_mahalanobis,Tx2,0.97,142.65243176483966,0.50332,0.22,0.7758620689655172,0.09,0.16129032258064516,45,87,13,455
ap:hos,relation_shrinkage_mahalanobis,Tx3,0.97,142.65243176483966,0.5442,0.24,0.8142857142857143,0.114,0.2,57,87,13,443
ap:hos,relation_shrinkage_mahalanobis,Tx4,0.97,142.65243176483966,0.51324,0.225,0.7868852459016393,0.096,0.17112299465240643,48,87,13,452
ap:hos,relation_shrinkage_mahalanobis,Tx5,0.97,142.65243176483966,0.50778,0.21833333333333332,0.7719298245614035,0.088,0.15798922800718135,44,87,13,456
ap:hos,relation_shrinkage_mahalanobis,Tx6,0.97,142.65243176483966,0.53924,0.23333333333333334,0.803030303030303,0.106,0.1872791519434629,53,87,13,447
ap:hos,relation_shrinkage_mahalanobis,Tx7,0.97,142.65243176483966,0.56002,0.23666666666666666,0.8088235294117647,0.11,0.19366197183098594,55,87,13,445
ap:hos,relation_shrinkage_mahalanobis,Tx8,0.97,142.65243176483966,0.51782,0.205,0.7346938775510204,0.072,0.13114754098360656,36,87,13,464
ap:bispectrum,relation_zdist,Tx2,0.9,2.138080503266004,0.5031,0.24833333333333332,0.810126582278481,0.128,0.2210708117443869,64,85,15,436
ap:bispectrum,relation_zdist,Tx3,0.9,2.138080503266004,0.53902,0.2683333333333333,0.8351648351648352,0.152,0.2571912013536379,76,85,15,424
ap:bispectrum,relation_zdist,Tx4,0.9,2.138080503266004,0.50882,0.24166666666666667,0.8,0.12,0.20869565217391303,60,85,15,440
ap:bispectrum,relation_zdist,Tx5,0.9,2.138080503266004,0.49906,0.24166666666666667,0.8,0.12,0.20869565217391303,60,85,15,440
ap:bispectrum,relation_zdist,Tx6,0.9,2.138080503266004,0.5552,0.30666666666666664,0.868421052631579,0.198,0.3224755700325733,99,85,15,401
ap:bispectrum,relation_zdist,Tx7,0.9,2.138080503266004,0.5734,0.325,0.88,0.22,0.352,110,85,15,390
ap:bispectrum,relation_zdist,Tx8,0.9,2.138080503266004,0.51408,0.235,0.7887323943661971,0.112,0.19614711033274956,56,85,15,444
ap:bispectrum,relation_zdist,Tx2,0.95,3.2279953530869996,0.5031,0.21666666666666667,0.7884615384615384,0.082,0.14855072463768118,41,89,11,459
ap:bispectrum,relation_zdist,Tx3,0.95,3.2279953530869996,0.53902,0.21666666666666667,0.7884615384615384,0.082,0.14855072463768118,41,89,11,459
ap:bispectrum,relation_zdist,Tx4,0.95,3.2279953530869996,0.50882,0.20333333333333334,0.75,0.066,0.1213235294117647,33,89,11,467
ap:bispectrum,relation_zdist,Tx5,0.95,3.2279953530869996,0.49906,0.205,0.7555555555555555,0.068,0.12477064220183486,34,89,11,466
ap:bispectrum,relation_zdist,Tx6,0.95,3.2279953530869996,0.5552,0.24333333333333335,0.8382352941176471,0.114,0.2007042253521127,57,89,11,443
ap:bispectrum,relation_zdist,Tx7,0.95,3.2279953530869996,0.5734,0.25166666666666665,0.8493150684931506,0.124,0.21640488656195464,62,89,11,438
ap:bispectrum,relation_zdist,Tx8,0.95,3.2279953530869996,0.51408,0.18833333333333332,0.6857142857142857,0.048,0.08971962616822429,24,89,11,476
ap:bispectrum,relation_zdist,Tx2,0.97,3.640240208592044,0.5031,0.21166666666666667,0.7755102040816326,0.076,0.1384335154826958,38,89,11,462
ap:bispectrum,relation_zdist,Tx3,0.97,3.640240208592044,0.53902,0.21166666666666667,0.7755102040816326,0.076,0.1384335154826958,38,89,11,462
ap:bispectrum,relation_zdist,Tx4,0.97,3.640240208592044,0.50882,0.19833333333333333,0.7317073170731707,0.06,0.11090573012939,30,89,11,470
ap:bispectrum,relation_zdist,Tx5,0.97,3.640240208592044,0.49906,0.19666666666666666,0.725,0.058,0.10740740740740741,29,89,11,471
ap:bispectrum,relation_zdist,Tx6,0.97,3.640240208592044,0.5552,0.225,0.8070175438596491,0.092,0.16517055655296228,46,89,11,454
ap:bispectrum,relation_zdist,Tx7,0.97,3.640240208592044,0.5734,0.23,0.8166666666666667,0.098,0.17500000000000002,49,89,11,451
ap:bispectrum,relation_zdist,Tx8,0.97,3.640240208592044,0.51408,0.175,0.5925925925925926,0.032,0.06072106261859583,16,89,11,484
ap:bispectrum,relation_pca_residual,Tx2,0.9,0.47848808639676393,0.5227,0.29333333333333333,0.8166666666666667,0.196,0.31612903225806455,98,78,22,402
ap:bispectrum,relation_pca_residual,Tx3,0.9,0.47848808639676393,0.5719,0.3383333333333333,0.8503401360544217,0.25,0.38639876352395675,125,78,22,375
ap:bispectrum,relation_pca_residual,Tx4,0.9,0.47848808639676393,0.52358,0.285,0.808695652173913,0.186,0.30243902439024395,93,78,22,407
ap:bispectrum,relation_pca_residual,Tx5,0.9,0.47848808639676393,0.51794,0.31333333333333335,0.8333333333333334,0.22,0.3481012658227848,110,78,22,390
ap:bispectrum,relation_pca_residual,Tx6,0.9,0.47848808639676393,0.5714,0.3466666666666667,0.8552631578947368,0.26,0.3987730061349693,130,78,22,370
ap:bispectrum,relation_pca_residual,Tx7,0.9,0.47848808639676393,0.59062,0.36833333333333335,0.8666666666666667,0.286,0.4300751879699248,143,78,22,357
ap:bispectrum,relation_pca_residual,Tx8,0.9,0.47848808639676393,0.52892,0.2866666666666667,0.8103448275862069,0.188,0.3051948051948052,94,78,22,406
ap:bispectrum,relation_pca_residual,Tx2,0.95,0.6631064998438553,0.5227,0.25333333333333335,0.825,0.132,0.22758620689655173,66,86,14,434
ap:bispectrum,relation_pca_residual,Tx3,0.95,0.6631064998438553,0.5719,0.2783333333333333,0.8526315789473684,0.162,0.27226890756302524,81,86,14,419
ap:bispectrum,relation_pca_residual,Tx4,0.95,0.6631064998438553,0.52358,0.24666666666666667,0.8157894736842105,0.124,0.21527777777777776,62,86,14,438
ap:bispectrum,relation_pca_residual,Tx5,0.95,0.6631064998438553,0.51794,0.25166666666666665,0.8227848101265823,0.13,0.22452504317789293,65,86,14,435
ap:bispectrum,relation_pca_residual,Tx6,0.95,0.6631064998438553,0.5714,0.28,0.8541666666666666,0.164,0.2751677852348993,82,86,14,418
ap:bispectrum,relation_pca_residual,Tx7,0.95,0.6631064998438553,0.59062,0.31166666666666665,0.8782608695652174,0.202,0.32845528455284556,101,86,14,399
ap:bispectrum,relation_pca_residual,Tx8,0.95,0.6631064998438553,0.52892,0.23666666666666666,0.8,0.112,0.19649122807017547,56,86,14,444
ap:bispectrum,relation_pca_residual,Tx2,0.97,0.7543338869958574,0.5227,0.24166666666666667,0.835820895522388,0.112,0.19753086419753085,56,89,11,444
ap:bispectrum,relation_pca_residual,Tx3,0.97,0.7543338869958574,0.5719,0.255,0.8533333333333334,0.128,0.22260869565217392,64,89,11,436
ap:bispectrum,relation_pca_residual,Tx4,0.97,0.7543338869958574,0.52358,0.22833333333333333,0.8135593220338984,0.096,0.17173524150268338,48,89,11,452
ap:bispectrum,relation_pca_residual,Tx5,0.97,0.7543338869958574,0.51794,0.24666666666666667,0.8428571428571429,0.118,0.20701754385964913,59,89,11,441
ap:bispectrum,relation_pca_residual,Tx6,0.97,0.7543338869958574,0.5714,0.26166666666666666,0.8607594936708861,0.136,0.23488773747841107,68,89,11,432
ap:bispectrum,relation_pca_residual,Tx7,0.97,0.7543338869958574,0.59062,0.2833333333333333,0.8804347826086957,0.162,0.27364864864864863,81,89,11,419
ap:bispectrum,relation_pca_residual,Tx8,0.97,0.7543338869958574,0.52892,0.23333333333333334,0.8225806451612904,0.102,0.18149466192170818,51,89,11,449
ap:bispectrum,relation_shrinkage_mahalanobis,Tx2,0.9,63.05768007169934,0.51056,0.2683333333333333,0.8080808080808081,0.16,0.2671118530884808,80,81,19,420
ap:bispectrum,relation_shrinkage_mahalanobis,Tx3,0.9,63.05768007169934,0.55422,0.295,0.8347826086956521,0.192,0.31219512195121946,96,81,19,404
ap:bispectrum,relation_shrinkage_mahalanobis,Tx4,0.9,63.05768007169934,0.50996,0.26166666666666666,0.8,0.152,0.25546218487394956,76,81,19,424
ap:bispectrum,relation_shrinkage_mahalanobis,Tx5,0.9,63.05768007169934,0.50406,0.25833333333333336,0.7956989247311828,0.148,0.24957841483979762,74,81,19,426
ap:bispectrum,relation_shrinkage_mahalanobis,Tx6,0.9,63.05768007169934,0.55988,0.3333333333333333,0.8623188405797102,0.238,0.3730407523510972,119,81,19,381
ap:bispectrum,relation_shrinkage_mahalanobis,Tx7,0.9,63.05768007169934,0.58186,0.355,0.8741721854304636,0.264,0.4055299539170507,132,81,19,368
ap:bispectrum,relation_shrinkage_mahalanobis,Tx8,0.9,63.05768007169934,0.5137,0.265,0.8041237113402062,0.156,0.26130653266331655,78,81,19,422
ap:bispectrum,relation_shrinkage_mahalanobis,Tx2,0.95,83.72023291275374,0.51056,0.235,0.8059701492537313,0.108,0.19047619047619047,54,87,13,446
ap:bispectrum,relation_shrinkage_mahalanobis,Tx3,0.95,83.72023291275374,0.55422,0.24833333333333332,0.8266666666666667,0.124,0.21565217391304348,62,87,13,438
ap:bispectrum,relation_shrinkage_mahalanobis,Tx4,0.95,83.72023291275374,0.50996,0.23666666666666666,0.8088235294117647,0.11,0.19366197183098594,55,87,13,445
ap:bispectrum,relation_shrinkage_mahalanobis,Tx5,0.95,83.72023291275374,0.50406,0.23166666666666666,0.8,0.104,0.184070796460177,52,87,13,448
ap:bispectrum,relation_shrinkage_mahalanobis,Tx6,0.95,83.72023291275374,0.55988,0.27166666666666667,0.8539325842696629,0.152,0.25806451612903225,76,87,13,424
ap:bispectrum,relation_shrinkage_mahalanobis,Tx7,0.95,83.72023291275374,0.58186,0.305,0.8807339449541285,0.192,0.3152709359605912,96,87,13,404
ap:bispectrum,relation_shrinkage_mahalanobis,Tx8,0.95,83.72023291275374,0.5137,0.21333333333333335,0.7592592592592593,0.082,0.14801444043321302,41,87,13,459
ap:bispectrum,relation_shrinkage_mahalanobis,Tx2,0.97,107.34781887388878,0.51056,0.215,0.7959183673469388,0.078,0.14207650273224043,39,90,10,461
ap:bispectrum,relation_shrinkage_mahalanobis,Tx3,0.97,107.34781887388878,0.55422,0.23,0.8275862068965517,0.096,0.17204301075268819,48,90,10,452
ap:bispectrum,relation_shrinkage_mahalanobis,Tx4,0.97,107.34781887388878,0.50996,0.20833333333333334,0.7777777777777778,0.07,0.12844036697247707,35,90,10,465
ap:bispectrum,relation_shrinkage_mahalanobis,Tx5,0.97,107.34781887388878,0.50406,0.21166666666666667,0.7872340425531915,0.074,0.13528336380255943,37,90,10,463
ap:bispectrum,relation_shrinkage_mahalanobis,Tx6,0.97,107.34781887388878,0.55988,0.235,0.8360655737704918,0.102,0.18181818181818182,51,90,10,449
ap:bispectrum,relation_shrinkage_mahalanobis,Tx7,0.97,107.34781887388878,0.58186,0.25333333333333335,0.8611111111111112,0.124,0.21678321678321677,62,90,10,438
ap:bispectrum,relation_shrinkage_mahalanobis,Tx8,0.97,107.34781887388878,0.5137,0.18833333333333332,0.696969696969697,0.046,0.08630393996247654,23,90,10,477
fft:stft,relation_zdist,Tx2,0.9,2.1833008772529463,0.50388,0.24,0.8142857142857143,0.114,0.2,57,87,13,443
fft:stft,relation_zdist,Tx3,0.9,2.1833008772529463,0.53478,0.24,0.8142857142857143,0.114,0.2,57,87,13,443
fft:stft,relation_zdist,Tx4,0.9,2.1833008772529463,0.56504,0.2816666666666667,0.8631578947368421,0.164,0.27563025210084036,82,87,13,418
fft:stft,relation_zdist,Tx5,0.9,2.1833008772529463,0.53216,0.25666666666666665,0.8375,0.134,0.2310344827586207,67,87,13,433
fft:stft,relation_zdist,Tx6,0.9,2.1833008772529463,0.53714,0.2633333333333333,0.8452380952380952,0.142,0.24315068493150685,71,87,13,429
fft:stft,relation_zdist,Tx7,0.9,2.1833008772529463,0.52644,0.23,0.796875,0.102,0.18085106382978725,51,87,13,449
fft:stft,relation_zdist,Tx8,0.9,2.1833008772529463,0.52574,0.225,0.7868852459016393,0.096,0.17112299465240643,48,87,13,452
fft:stft,relation_zdist,Tx2,0.95,3.2016093105840935,0.50388,0.2,0.7777777777777778,0.056,0.1044776119402985,28,92,8,472
fft:stft,relation_zdist,Tx3,0.95,3.2016093105840935,0.53478,0.21666666666666667,0.8260869565217391,0.076,0.1391941391941392,38,92,8,462
fft:stft,relation_zdist,Tx4,0.95,3.2016093105840935,0.56504,0.21333333333333335,0.8181818181818182,0.072,0.1323529411764706,36,92,8,464
fft:stft,relation_zdist,Tx5,0.95,3.2016093105840935,0.53216,0.20666666666666667,0.8,0.064,0.11851851851851851,32,92,8,468
fft:stft,relation_zdist,Tx6,0.95,3.2016093105840935,0.53714,0.19333333333333333,0.75,0.048,0.09022556390977444,24,92,8,476
fft:stft,relation_zdist,Tx7,0.95,3.2016093105840935,0.52644,0.19166666666666668,0.7419354838709677,0.046,0.08662900188323917,23,92,8,477
fft:stft,relation_zdist,Tx8,0.95,3.2016093105840935,0.52574,0.19166666666666668,0.7419354838709677,0.046,0.08662900188323917,23,92,8,477
fft:stft,relation_zdist,Tx2,0.97,3.442977987126536,0.50388,0.195,0.7575757575757576,0.05,0.09380863039399624,25,92,8,475
fft:stft,relation_zdist,Tx3,0.97,3.442977987126536,0.53478,0.20833333333333334,0.8048780487804879,0.066,0.12199630314232902,33,92,8,467
fft:stft,relation_zdist,Tx4,0.97,3.442977987126536,0.56504,0.20666666666666667,0.8,0.064,0.11851851851851851,32,92,8,468
fft:stft,relation_zdist,Tx5,0.97,3.442977987126536,0.53216,0.195,0.7575757575757576,0.05,0.09380863039399624,25,92,8,475
fft:stft,relation_zdist,Tx6,0.97,3.442977987126536,0.53714,0.18833333333333332,0.7241379310344828,0.042,0.07939508506616258,21,92,8,479
fft:stft,relation_zdist,Tx7,0.97,3.442977987126536,0.52644,0.185,0.7037037037037037,0.038,0.07210626185958253,19,92,8,481
fft:stft,relation_zdist,Tx8,0.97,3.442977987126536,0.52574,0.185,0.7037037037037037,0.038,0.07210626185958253,19,92,8,481
fft:stft,relation_pca_residual,Tx2,0.9,0.4530309461659335,0.49418,0.2916666666666667,0.8440366972477065,0.184,0.3021346469622332,92,83,17,408
fft:stft,relation_pca_residual,Tx3,0.9,0.4530309461659335,0.52934,0.33,0.8712121212121212,0.23,0.36392405063291133,115,83,17,385
fft:stft,relation_pca_residual,Tx4,0.9,0.4530309461659335,0.56384,0.355,0.8843537414965986,0.26,0.401854714064915,130,83,17,370
fft:stft,relation_pca_residual,Tx5,0.9,0.4530309461659335,0.5323,0.32,0.8650793650793651,0.218,0.3482428115015974,109,83,17,391
fft:stft,relation_pca_residual,Tx6,0.9,0.4530309461659335,0.5308,0.31,0.8583333333333333,0.206,0.332258064516129,103,83,17,397
fft:stft,relation_pca_residual,Tx7,0.9,0.4530309461659335,0.5186,0.29833333333333334,0.8495575221238938,0.192,0.31321370309951063,96,83,17,404
fft:stft,relation_pca_residual,Tx8,0.9,0.4530309461659335,0.52078,0.2966666666666667,0.8482142857142857,0.19,0.3104575163398693,95,83,17,405
fft:stft,relation_pca_residual,Tx2,0.95,0.5702334633432907,0.49418,0.245,0.8405797101449275,0.116,0.2038664323374341,58,89,11,442
fft:stft,relation_pca_residual,Tx3,0.95,0.5702334633432907,0.52934,0.2733333333333333,0.872093023255814,0.15,0.25597269624573377,75,89,11,425
fft:stft,relation_pca_residual,Tx4,0.95,0.5702334633432907,0.56384,0.305,0.8952380952380953,0.188,0.3107438016528925,94,89,11,406
fft:stft,relation_pca_residual,Tx5,0.95,0.5702334633432907,0.5323,0.2733333333333333,0.872093023255814,0.15,0.25597269624573377,75,89,11,425
fft:stft,relation_pca_residual,Tx6,0.95,0.5702334633432907,0.5308,0.27,0.8690476190476191,0.146,0.25,73,89,11,427
fft:stft,relation_pca_residual,Tx7,0.95,0.5702334633432907,0.5186,0.25,0.8472222222222222,0.122,0.21328671328671328,61,89,11,439
fft:stft,relation_pca_residual,Tx8,0.95,0.5702334633432907,0.52078,0.25,0.8472222222222222,0.122,0.21328671328671328,61,89,11,439
fft:stft,relation_pca_residual,Tx2,0.97,0.6715901485438088,0.49418,0.22666666666666666,0.8333333333333334,0.09,0.1624548736462094,45,91,9,455
fft:stft,relation_pca_residual,Tx3,0.97,0.6715901485438088,0.52934,0.235,0.847457627118644,0.1,0.17889087656529518,50,91,9,450
fft:stft,relation_pca_residual,Tx4,0.97,0.6715901485438088,0.56384,0.25166666666666665,0.8695652173913043,0.12,0.210896309314587,60,91,9,440
fft:stft,relation_pca_residual,Tx5,0.97,0.6715901485438088,0.5323,0.235,0.847457627118644,0.1,0.17889087656529518,50,91,9,450
fft:stft,relation_pca_residual,Tx6,0.97,0.6715901485438088,0.5308,0.24166666666666667,0.8571428571428571,0.108,0.19182948490230906,54,91,9,446
fft:stft,relation_pca_residual,Tx7,0.97,0.6715901485438088,0.5186,0.225,0.8301886792452831,0.088,0.15913200723327306,44,91,9,456
fft:stft,relation_pca_residual,Tx8,0.97,0.6715901485438088,0.52078,0.23,0.8392857142857143,0.094,0.16906474820143885,47,91,9,453
fft:stft,relation_shrinkage_mahalanobis,Tx2,0.9,64.88128580741072,0.49908,0.26166666666666666,0.8433734939759037,0.14,0.24013722126929676,70,87,13,430
fft:stft,relation_shrinkage_mahalanobis,Tx3,0.9,64.88128580741072,0.53668,0.275,0.8571428571428571,0.156,0.2639593908629441,78,87,13,422
fft:stft,relation_shrinkage_mahalanobis,Tx4,0.9,64.88128580741072,0.5729,0.315,0.8869565217391304,0.204,0.33170731707317075,102,87,13,398
fft:stft,relation_shrinkage_mahalanobis,Tx5,0.9,64.88128580741072,0.53794,0.2683333333333333,0.8505747126436781,0.148,0.252129471890971,74,87,13,426
fft:stft,relation_shrinkage_mahalanobis,Tx6,0.9,64.88128580741072,0.53866,0.2783333333333333,0.8602150537634409,0.16,0.26981450252951095,80,87,13,420
fft:stft,relation_shrinkage_mahalanobis,Tx7,0.9,64.88128580741072,0.52818,0.24666666666666667,0.8243243243243243,0.122,0.21254355400696864,61,87,13,439
fft:stft,relation_shrinkage_mahalanobis,Tx8,0.9,64.88128580741072,0.53706,0.25666666666666665,0.8375,0.134,0.2310344827586207,67,87,13,433
fft:stft,relation_shrinkage_mahalanobis,Tx2,0.95,77.826139710708,0.49908,0.23833333333333334,0.8524590163934426,0.104,0.18538324420677363,52,91,9,448
fft:stft,relation_shrinkage_mahalanobis,Tx3,0.95,77.826139710708,0.53668,0.24666666666666667,0.8636363636363636,0.114,0.20141342756183747,57,91,9,443
fft:stft,relation_shrinkage_mahalanobis,Tx4,0.95,77.826139710708,0.5729,0.2683333333333333,0.8860759493670886,0.14,0.24179620034542318,70,91,9,430
fft:stft,relation_shrinkage_mahalanobis,Tx5,0.95,77.826139710708,0.53794,0.25333333333333335,0.8714285714285714,0.122,0.21403508771929824,61,91,9,439
fft:stft,relation_shrinkage_mahalanobis,Tx6,0.95,77.826139710708,0.53866,0.25166666666666665,0.8695652173913043,0.12,0.210896309314587,60,91,9,440
fft:stft,relation_shrinkage_mahalanobis,Tx7,0.95,77.826139710708,0.52818,0.225,0.8301886792452831,0.088,0.15913200723327306,44,91,9,456
fft:stft,relation_shrinkage_mahalanobis,Tx8,0.95,77.826139710708,0.53706,0.21833333333333332,0.8163265306122449,0.08,0.14571948998178508,40,91,9,460
fft:stft,relation_shrinkage_mahalanobis,Tx2,0.97,93.82078937685264,0.49908,0.21,0.7954545454545454,0.07,0.1286764705882353,35,91,9,465
fft:stft,relation_shrinkage_mahalanobis,Tx3,0.97,93.82078937685264,0.53668,0.22166666666666668,0.8235294117647058,0.084,0.15245009074410165,42,91,9,458
fft:stft,relation_shrinkage_mahalanobis,Tx4,0.97,93.82078937685264,0.5729,0.23166666666666666,0.8421052631578947,0.096,0.17235188509874327,48,91,9,452
fft:stft,relation_shrinkage_mahalanobis,Tx5,0.97,93.82078937685264,0.53794,0.22333333333333333,0.8269230769230769,0.086,0.15579710144927536,43,91,9,457
fft:stft,relation_shrinkage_mahalanobis,Tx6,0.97,93.82078937685264,0.53866,0.21166666666666667,0.8,0.072,0.13211009174311927,36,91,9,464
fft:stft,relation_shrinkage_mahalanobis,Tx7,0.97,93.82078937685264,0.52818,0.2,0.7631578947368421,0.058,0.10780669144981413,29,91,9,471
fft:stft,relation_shrinkage_mahalanobis,Tx8,0.97,93.82078937685264,0.53706,0.19666666666666666,0.75,0.054,0.10074626865671642,27,91,9,473
fft:cepstral,relation_zdist,Tx2,0.9,2.042993885948509,0.5135,0.27166666666666667,0.92,0.138,0.24000000000000002,69,94,6,431
fft:cepstral,relation_zdist,Tx3,0.9,2.042993885948509,0.5265,0.285,0.927710843373494,0.154,0.2641509433962264,77,94,6,423
fft:cepstral,relation_zdist,Tx4,0.9,2.042993885948509,0.5823,0.3016666666666667,0.9354838709677419,0.174,0.29342327150084313,87,94,6,413
fft:cepstral,relation_zdist,Tx5,0.9,2.042993885948509,0.51752,0.29,0.9302325581395349,0.16,0.27303754266211605,80,94,6,420
fft:cepstral,relation_zdist,Tx6,0.9,2.042993885948509,0.5281,0.29,0.9302325581395349,0.16,0.27303754266211605,80,94,6,420
fft:cepstral,relation_zdist,Tx7,0.9,2.042993885948509,0.53036,0.28833333333333333,0.9294117647058824,0.158,0.2700854700854701,79,94,6,421
fft:cepstral,relation_zdist,Tx8,0.9,2.042993885948509,0.56012,0.295,0.9325842696629213,0.166,0.28183361629881154,83,94,6,417
fft:cepstral,relation_zdist,Tx2,0.95,3.0699247832281187,0.5135,0.23,0.8958333333333334,0.086,0.15693430656934304,43,95,5,457
fft:cepstral,relation_zdist,Tx3,0.95,3.0699247832281187,0.5265,0.25,0.9166666666666666,0.11,0.19642857142857142,55,95,5,445
fft:cepstral,relation_zdist,Tx4,0.95,3.0699247832281187,0.5823,0.225,0.8888888888888888,0.08,0.14678899082568808,40,95,5,460
fft:cepstral,relation_zdist,Tx5,0.95,3.0699247832281187,0.51752,0.23833333333333334,0.9056603773584906,0.096,0.1735985533453888,48,95,5,452
fft:cepstral,relation_zdist,Tx6,0.95,3.0699247832281187,0.5281,0.23666666666666666,0.9038461538461539,0.094,0.17028985507246377,47,95,5,453
fft:cepstral,relation_zdist,Tx7,0.95,3.0699247832281187,0.53036,0.24333333333333335,0.9107142857142857,0.102,0.18345323741007194,51,95,5,449
fft:cepstral,relation_zdist,Tx8,0.95,3.0699247832281187,0.56012,0.22166666666666668,0.8837209302325582,0.076,0.13996316758747698,38,95,5,462
fft:cepstral,relation_zdist,Tx2,0.97,3.374519440071989,0.5135,0.21666666666666667,0.875,0.07,0.12962962962962962,35,95,5,465
fft:cepstral,relation_zdist,Tx3,0.97,3.374519440071989,0.5265,0.24666666666666667,0.9137931034482759,0.106,0.18996415770609318,53,95,5,447
fft:cepstral,relation_zdist,Tx4,0.97,3.374519440071989,0.5823,0.21166666666666667,0.8648648648648649,0.064,0.1191806331471136,32,95,5,468
fft:cepstral,relation_zdist,Tx5,0.97,3.374519440071989,0.51752,0.22833333333333333,0.8936170212765957,0.084,0.15356489945155394,42,95,5,458
fft:cepstral,relation_zdist,Tx6,0.97,3.374519440071989,0.5281,0.23166666666666666,0.8979591836734694,0.088,0.16029143897996356,44,95,5,456
fft:cepstral,relation_zdist,Tx7,0.97,3.374519440071989,0.53036,0.23166666666666666,0.8979591836734694,0.088,0.16029143897996356,44,95,5,456
fft:cepstral,relation_zdist,Tx8,0.97,3.374519440071989,0.56012,0.21666666666666667,0.875,0.07,0.12962962962962962,35,95,5,465
fft:cepstral,relation_pca_residual,Tx2,0.9,0.28198462653204,0.51554,0.3,0.8703703703703703,0.188,0.30921052631578944,94,86,14,406
fft:cepstral,relation_pca_residual,Tx3,0.9,0.28198462653204,0.53798,0.315,0.8803418803418803,0.206,0.3338735818476499,103,86,14,397
fft:cepstral,relation_pca_residual,Tx4,0.9,0.28198462653204,0.56678,0.3516666666666667,0.8992805755395683,0.25,0.39123630672926446,125,86,14,375
fft:cepstral,relation_pca_residual,Tx5,0.9,0.28198462653204,0.52106,0.32,0.8833333333333333,0.212,0.3419354838709678,106,86,14,394
fft:cepstral,relation_pca_residual,Tx6,0.9,0.28198462653204,0.54134,0.3416666666666667,0.8947368421052632,0.238,0.37598736176935227,119,86,14,381
fft:cepstral,relation_pca_residual,Tx7,0.9,0.28198462653204,0.52838,0.3333333333333333,0.890625,0.228,0.36305732484076436,114,86,14,386
fft:cepstral,relation_pca_residual,Tx8,0.9,0.28198462653204,0.5788,0.3566666666666667,0.9014084507042254,0.256,0.39875389408099693,128,86,14,372
fft:cepstral,relation_pca_residual,Tx2,0.95,0.4112141404548576,0.51554,0.255,0.863013698630137,0.126,0.2198952879581152,63,90,10,437
fft:cepstral,relation_pca_residual,Tx3,0.95,0.4112141404548576,0.53798,0.2633333333333333,0.8717948717948718,0.136,0.23529411764705882,68,90,10,432
fft:cepstral,relation_pca_residual,Tx4,0.95,0.4112141404548576,0.56678,0.285,0.8901098901098901,0.162,0.2741116751269036,81,90,10,419
fft:cepstral,relation_pca_residual,Tx5,0.95,0.4112141404548576,0.52106,0.26166666666666666,0.8701298701298701,0.134,0.23223570190641246,67,90,10,433
fft:cepstral,relation_pca_residual,Tx6,0.95,0.4112141404548576,0.54134,0.2733333333333333,0.8809523809523809,0.148,0.2534246575342466,74,90,10,426
fft:cepstral,relation_pca_residual,Tx7,0.95,0.4112141404548576,0.52838,0.2733333333333333,0.8809523809523809,0.148,0.2534246575342466,74,90,10,426
fft:cepstral,relation_pca_residual,Tx8,0.95,0.4112141404548576,0.5788,0.27666666666666667,0.8837209302325582,0.152,0.25938566552901027,76,90,10,424
fft:cepstral,relation_pca_residual,Tx2,0.97,0.5590362103486111,0.51554,0.24166666666666667,0.9591836734693877,0.094,0.17122040072859743,47,98,2,453
fft:cepstral,relation_pca_residual,Tx3,0.97,0.5590362103486111,0.53798,0.25666666666666665,0.9655172413793104,0.112,0.2007168458781362,56,98,2,444
fft:cepstral,relation_pca_residual,Tx4,0.97,0.5590362103486111,0.56678,0.23333333333333334,0.9545454545454546,0.084,0.15441176470588236,42,98,2,458
fft:cepstral,relation_pca_residual,Tx5,0.97,0.5590362103486111,0.52106,0.255,0.9649122807017544,0.11,0.19748653500897664,55,98,2,445
fft:cepstral,relation_pca_residual,Tx6,0.97,0.5590362103486111,0.54134,0.245,0.9607843137254902,0.098,0.17785843920145192,49,98,2,451
fft:cepstral,relation_pca_residual,Tx7,0.97,0.5590362103486111,0.52838,0.25333333333333335,0.9642857142857143,0.108,0.19424460431654678,54,98,2,446
fft:cepstral,relation_pca_residual,Tx8,0.97,0.5590362103486111,0.5788,0.24166666666666667,0.9591836734693877,0.094,0.17122040072859743,47,98,2,453
fft:cepstral,relation_shrinkage_mahalanobis,Tx2,0.9,57.28788408651024,0.51428,0.285,0.898876404494382,0.16,0.2716468590831919,80,91,9,420
fft:cepstral,relation_shrinkage_mahalanobis,Tx3,0.9,57.28788408651024,0.52866,0.30833333333333335,0.912621359223301,0.188,0.3117744610281924,94,91,9,406
fft:cepstral,relation_shrinkage_mahalanobis,Tx4,0.9,57.28788408651024,0.59116,0.345,0.928,0.232,0.3712,116,91,9,384
fft:cepstral,relation_shrinkage_mahalanobis,Tx5,0.9,57.28788408651024,0.51992,0.305,0.9108910891089109,0.184,0.30615640599001664,92,91,9,408
fft:cepstral,relation_shrinkage_mahalanobis,Tx6,0.9,57.28788408651024,0.53354,0.30666666666666664,0.9117647058823529,0.186,0.30897009966777406,93,91,9,407
fft:cepstral,relation_shrinkage_mahalanobis,Tx7,0.9,57.28788408651024,0.5298,0.31,0.9134615384615384,0.19,0.31456953642384106,95,91,9,405
fft:cepstral,relation_shrinkage_mahalanobis,Tx8,0.9,57.28788408651024,0.57226,0.3416666666666667,0.926829268292683,0.228,0.36597110754414125,114,91,9,386
fft:cepstral,relation_shrinkage_mahalanobis,Tx2,0.95,78.95982214714212,0.51428,0.25,0.9166666666666666,0.11,0.19642857142857142,55,95,5,445
fft:cepstral,relation_shrinkage_mahalanobis,Tx3,0.95,78.95982214714212,0.52866,0.27,0.9305555555555556,0.134,0.23426573426573424,67,95,5,433
fft:cepstral,relation_shrinkage_mahalanobis,Tx4,0.95,78.95982214714212,0.59116,0.2683333333333333,0.9295774647887324,0.132,0.2311733800350263,66,95,5,434
fft:cepstral,relation_shrinkage_mahalanobis,Tx5,0.95,78.95982214714212,0.51992,0.27,0.9305555555555556,0.134,0.23426573426573424,67,95,5,433
fft:cepstral,relation_shrinkage_mahalanobis,Tx6,0.95,78.95982214714212,0.53354,0.265,0.927536231884058,0.128,0.2249560632688928,64,95,5,436
fft:cepstral,relation_shrinkage_mahalanobis,Tx7,0.95,78.95982214714212,0.5298,0.2683333333333333,0.9295774647887324,0.132,0.2311733800350263,66,95,5,434
fft:cepstral,relation_shrinkage_mahalanobis,Tx8,0.95,78.95982214714212,0.57226,0.2633333333333333,0.9264705882352942,0.126,0.22183098591549294,63,95,5,437
fft:cepstral,relation_shrinkage_mahalanobis,Tx2,0.97,95.91478057898046,0.51428,0.24,0.9230769230769231,0.096,0.17391304347826086,48,96,4,452
fft:cepstral,relation_shrinkage_mahalanobis,Tx3,0.97,95.91478057898046,0.52866,0.25833333333333336,0.9365079365079365,0.118,0.20959147424511543,59,96,4,441
fft:cepstral,relation_shrinkage_mahalanobis,Tx4,0.97,95.91478057898046,0.59116,0.235,0.9183673469387755,0.09,0.16393442622950818,45,96,4,455
fft:cepstral,relation_shrinkage_mahalanobis,Tx5,0.97,95.91478057898046,0.51992,0.24166666666666667,0.9245283018867925,0.098,0.17721518987341772,49,96,4,451
fft:cepstral,relation_shrinkage_mahalanobis,Tx6,0.97,95.91478057898046,0.53354,0.24666666666666667,0.9285714285714286,0.104,0.1870503597122302,52,96,4,448
fft:cepstral,relation_shrinkage_mahalanobis,Tx7,0.97,95.91478057898046,0.5298,0.245,0.9272727272727272,0.102,0.18378378378378374,51,96,4,449
fft:cepstral,relation_shrinkage_mahalanobis,Tx8,0.97,95.91478057898046,0.57226,0.23833333333333334,0.9215686274509803,0.094,0.1705989110707804,47,96,4,453
fft:cyclo,relation_zdist,Tx2,0.9,1.9193078112094843,0.5188,0.295,0.8888888888888888,0.176,0.2938230383973289,88,89,11,412
fft:cyclo,relation_zdist,Tx3,0.9,1.9193078112094843,0.51922,0.315,0.9009009009009009,0.2,0.32733224222585927,100,89,11,400
fft:cyclo,relation_zdist,Tx4,0.9,1.9193078112094843,0.5496,0.29,0.8854166666666666,0.17,0.28523489932885904,85,89,11,415
fft:cyclo,relation_zdist,Tx5,0.9,1.9193078112094843,0.53586,0.325,0.905982905982906,0.212,0.3435980551053484,106,89,11,394
fft:cyclo,relation_zdist,Tx6,0.9,1.9193078112094843,0.53516,0.31666666666666665,0.9017857142857143,0.202,0.3300653594771242,101,89,11,399
fft:cyclo,relation_zdist,Tx7,0.9,1.9193078112094843,0.5373,0.31,0.8981481481481481,0.194,0.3190789473684211,97,89,11,403
fft:cyclo,relation_zdist,Tx8,0.9,1.9193078112094843,0.56388,0.3,0.8921568627450981,0.182,0.3023255813953488,91,89,11,409
fft:cyclo,relation_zdist,Tx2,0.95,3.282510351954744,0.5188,0.26166666666666666,0.8904109589041096,0.13,0.22687609075043635,65,92,8,435
fft:cyclo,relation_zdist,Tx3,0.95,3.282510351954744,0.51922,0.29,0.9111111111111111,0.164,0.27796610169491526,82,92,8,418
fft:cyclo,relation_zdist,Tx4,0.95,3.282510351954744,0.5496,0.22666666666666666,0.8461538461538461,0.088,0.15942028985507245,44,92,8,456
fft:cyclo,relation_zdist,Tx5,0.95,3.282510351954744,0.53586,0.2816666666666667,0.9058823529411765,0.154,0.26324786324786326,77,92,8,423
fft:cyclo,relation_zdist,Tx6,0.95,3.282510351954744,0.53516,0.27,0.8974358974358975,0.14,0.24221453287197237,70,92,8,430
fft:cyclo,relation_zdist,Tx7,0.95,3.282510351954744,0.5373,0.2833333333333333,0.9069767441860465,0.156,0.26621160409556316,78,92,8,422
fft:cyclo,relation_zdist,Tx8,0.95,3.282510351954744,0.56388,0.24166666666666667,0.8688524590163934,0.106,0.18894830659536543,53,92,8,447
fft:cyclo,relation_zdist,Tx2,0.97,4.391130629600956,0.5188,0.25166666666666665,0.9047619047619048,0.114,0.2024866785079929,57,94,6,443
fft:cyclo,relation_zdist,Tx3,0.97,4.391130629600956,0.51922,0.275,0.922077922077922,0.142,0.24610051993067594,71,94,6,429
fft:cyclo,relation_zdist,Tx4,0.97,4.391130629600956,0.5496,0.21333333333333335,0.85,0.068,0.12592592592592594,34,94,6,466
fft:cyclo,relation_zdist,Tx5,0.97,4.391130629600956,0.53586,0.26,0.9117647058823529,0.124,0.2183098591549296,62,94,6,438
fft:cyclo,relation_zdist,Tx6,0.97,4.391130629600956,0.53516,0.24833333333333332,0.9016393442622951,0.11,0.19607843137254902,55,94,6,445
fft:cyclo,relation_zdist,Tx7,0.97,4.391130629600956,0.5373,0.26166666666666666,0.9130434782608695,0.126,0.22144112478031633,63,94,6,437
fft:cyclo,relation_zdist,Tx8,0.97,4.391130629600956,0.56388,0.22333333333333333,0.8695652173913043,0.08,0.14652014652014653,40,94,6,460
fft:cyclo,relation_pca_residual,Tx2,0.9,0.368662887948857,0.56158,0.32166666666666666,0.849624060150376,0.226,0.3570300157977883,113,80,20,387
fft:cyclo,relation_pca_residual,Tx3,0.9,0.368662887948857,0.6874,0.37666666666666665,0.8795180722891566,0.292,0.43843843843843844,146,80,20,354
fft:cyclo,relation_pca_residual,Tx4,0.9,0.368662887948857,0.54538,0.31333333333333335,0.84375,0.216,0.34394904458598724,108,80,20,392
fft:cyclo,relation_pca_residual,Tx5,0.9,0.368662887948857,0.62432,0.3516666666666667,0.8675496688741722,0.262,0.402457757296467,131,80,20,369
fft:cyclo,relation_pca_residual,Tx6,0.9,0.368662887948857,0.5404,0.3433333333333333,0.863013698630137,0.252,0.3900928792569659,126,80,20,374
fft:cyclo,relation_pca_residual,Tx7,0.9,0.368662887948857,0.56592,0.35,0.8666666666666667,0.26,0.4,130,80,20,370
fft:cyclo,relation_pca_residual,Tx8,0.9,0.368662887948857,0.55816,0.31666666666666665,0.8461538461538461,0.22,0.3492063492063492,110,80,20,390
fft:cyclo,relation_pca_residual,Tx2,0.95,0.49728293162403253,0.56158,0.28833333333333333,0.9010989010989011,0.164,0.2774957698815567,82,91,9,418
fft:cyclo,relation_pca_residual,Tx3,0.95,0.49728293162403253,0.6874,0.33,0.9224137931034483,0.214,0.3474025974025974,107,91,9,393
fft:cyclo,relation_pca_residual,Tx4,0.95,0.49728293162403253,0.54538,0.28,0.8953488372093024,0.154,0.2627986348122867,77,91,9,423
fft:cyclo,relation_pca_residual,Tx5,0.95,0.49728293162403253,0.62432,0.3233333333333333,0.9196428571428571,0.206,0.33660130718954245,103,91,9,397
fft:cyclo,relation_pca_residual,Tx6,0.95,0.49728293162403253,0.5404,0.3016666666666667,0.9090909090909091,0.18,0.3005008347245409,90,91,9,410
fft:cyclo,relation_pca_residual,Tx7,0.95,0.49728293162403253,0.56592,0.31833333333333336,0.9174311926605505,0.2,0.32840722495894914,100,91,9,400
fft:cyclo,relation_pca_residual,Tx8,0.95,0.49728293162403253,0.55816,0.2816666666666667,0.896551724137931,0.156,0.26575809199318573,78,91,9,422
fft:cyclo,relation_pca_residual,Tx2,0.97,0.6339380067508343,0.56158,0.2733333333333333,0.9210526315789473,0.14,0.24305555555555555,70,94,6,430
fft:cyclo,relation_pca_residual,Tx3,0.97,0.6339380067508343,0.6874,0.305,0.9368421052631579,0.178,0.2991596638655462,89,94,6,411
fft:cyclo,relation_pca_residual,Tx4,0.97,0.6339380067508343,0.54538,0.25166666666666665,0.9047619047619048,0.114,0.2024866785079929,57,94,6,443
fft:cyclo,relation_pca_residual,Tx5,0.97,0.6339380067508343,0.62432,0.3016666666666667,0.9354838709677419,0.174,0.29342327150084313,87,94,6,413
fft:cyclo,relation_pca_residual,Tx6,0.97,0.6339380067508343,0.5404,0.28,0.925,0.148,0.25517241379310346,74,94,6,426
fft:cyclo,relation_pca_residual,Tx7,0.97,0.6339380067508343,0.56592,0.30666666666666664,0.9375,0.18,0.30201342281879195,90,94,6,410
fft:cyclo,relation_pca_residual,Tx8,0.97,0.6339380067508343,0.55816,0.255,0.9076923076923077,0.118,0.2088495575221239,59,94,6,441
fft:cyclo,relation_shrinkage_mahalanobis,Tx2,0.9,55.26124647456877,0.51508,0.3,0.8448275862068966,0.196,0.31818181818181823,98,82,18,402
fft:cyclo,relation_shrinkage_mahalanobis,Tx3,0.9,55.26124647456877,0.52334,0.33666666666666667,0.8695652173913043,0.24,0.37617554858934166,120,82,18,380
fft:cyclo,relation_shrinkage_mahalanobis,Tx4,0.9,55.26124647456877,0.54882,0.30666666666666664,0.85,0.204,0.3290322580645161,102,82,18,398
fft:cyclo,relation_shrinkage_mahalanobis,Tx5,0.9,55.26124647456877,0.53104,0.33666666666666667,0.8695652173913043,0.24,0.37617554858934166,120,82,18,380
fft:cyclo,relation_shrinkage_mahalanobis,Tx6,0.9,55.26124647456877,0.53434,0.3283333333333333,0.8646616541353384,0.23,0.36334913112164297,115,82,18,385
fft:cyclo,relation_shrinkage_mahalanobis,Tx7,0.9,55.26124647456877,0.5409,0.32666666666666666,0.8636363636363636,0.228,0.36075949367088606,114,82,18,386
fft:cyclo,relation_shrinkage_mahalanobis,Tx8,0.9,55.26124647456877,0.56502,0.32666666666666666,0.8636363636363636,0.228,0.36075949367088606,114,82,18,386
fft:cyclo,relation_shrinkage_mahalanobis,Tx2,0.95,76.17668407863455,0.51508,0.27666666666666667,0.8837209302325582,0.152,0.25938566552901027,76,90,10,424
fft:cyclo,relation_shrinkage_mahalanobis,Tx3,0.95,76.17668407863455,0.52334,0.30833333333333335,0.9047619047619048,0.19,0.3140495867768595,95,90,10,405
fft:cyclo,relation_shrinkage_mahalanobis,Tx4,0.95,76.17668407863455,0.54882,0.26666666666666666,0.875,0.14,0.24137931034482757,70,90,10,430
fft:cyclo,relation_shrinkage_mahalanobis,Tx5,0.95,76.17668407863455,0.53104,0.31333333333333335,0.9074074074074074,0.196,0.32236842105263164,98,90,10,402
fft:cyclo,relation_shrinkage_mahalanobis,Tx6,0.95,76.17668407863455,0.53434,0.29833333333333334,0.898989898989899,0.178,0.29716193656093487,89,90,10,411
fft:cyclo,relation_shrinkage_mahalanobis,Tx7,0.95,76.17668407863455,0.5409,0.30333333333333334,0.9019607843137255,0.184,0.30564784053156147,92,90,10,408
fft:cyclo,relation_shrinkage_mahalanobis,Tx8,0.95,76.17668407863455,0.56502,0.285,0.8901098901098901,0.162,0.2741116751269036,81,90,10,419
fft:cyclo,relation_shrinkage_mahalanobis,Tx2,0.97,120.85638337739711,0.51508,0.26,0.9,0.126,0.22105263157894736,63,93,7,437
fft:cyclo,relation_shrinkage_mahalanobis,Tx3,0.97,120.85638337739711,0.52334,0.2783333333333333,0.9135802469135802,0.148,0.2547332185886403,74,93,7,426
fft:cyclo,relation_shrinkage_mahalanobis,Tx4,0.97,120.85638337739711,0.54882,0.23,0.8653846153846154,0.09,0.16304347826086957,45,93,7,455
fft:cyclo,relation_shrinkage_mahalanobis,Tx5,0.97,120.85638337739711,0.53104,0.27,0.9078947368421053,0.138,0.23958333333333337,69,93,7,431
fft:cyclo,relation_shrinkage_mahalanobis,Tx6,0.97,120.85638337739711,0.53434,0.26,0.9,0.126,0.22105263157894736,63,93,7,437
fft:cyclo,relation_shrinkage_mahalanobis,Tx7,0.97,120.85638337739711,0.5409,0.27166666666666667,0.9090909090909091,0.14,0.2426343154246101,70,93,7,430
fft:cyclo,relation_shrinkage_mahalanobis,Tx8,0.97,120.85638337739711,0.56502,0.23833333333333334,0.8771929824561403,0.1,0.17953321364452424,50,93,7,450
fft:hos,relation_zdist,Tx2,0.9,1.836151763283706,0.49146,0.26,0.8043478260869565,0.148,0.24999999999999997,74,82,18,426
fft:hos,relation_zdist,Tx3,0.9,1.836151763283706,0.51798,0.2866666666666667,0.8333333333333334,0.18,0.29605263157894735,90,82,18,410
fft:hos,relation_zdist,Tx4,0.9,1.836151763283706,0.5126,0.27,0.8163265306122449,0.16,0.26755852842809363,80,82,18,420
fft:hos,relation_zdist,Tx5,0.9,1.836151763283706,0.50516,0.26,0.8043478260869565,0.148,0.24999999999999997,74,82,18,426
fft:hos,relation_zdist,Tx6,0.9,1.836151763283706,0.51534,0.29333333333333333,0.8392857142857143,0.188,0.3071895424836601,94,82,18,406
fft:hos,relation_zdist,Tx7,0.9,1.836151763283706,0.52702,0.285,0.8317757009345794,0.178,0.2932454695222405,89,82,18,411
fft:hos,relation_zdist,Tx8,0.9,1.836151763283706,0.51554,0.26,0.8043478260869565,0.148,0.24999999999999997,74,82,18,426
fft:hos,relation_zdist,Tx2,0.95,4.441791040094332,0.49146,0.22166666666666668,0.8367346938775511,0.082,0.14936247723132973,41,92,8,459
fft:hos,relation_zdist,Tx3,0.95,4.441791040094332,0.51798,0.24833333333333332,0.8769230769230769,0.114,0.20176991150442478,57,92,8,443
fft:hos,relation_zdist,Tx4,0.95,4.441791040094332,0.5126,0.22166666666666668,0.8367346938775511,0.082,0.14936247723132973,41,92,8,459
fft:hos,relation_zdist,Tx5,0.95,4.441791040094332,0.50516,0.215,0.8222222222222222,0.074,0.13577981651376148,37,92,8,463
fft:hos,relation_zdist,Tx6,0.95,4.441791040094332,0.51534,0.23666666666666666,0.8620689655172413,0.1,0.1792114695340502,50,92,8,450
fft:hos,relation_zdist,Tx7,0.95,4.441791040094332,0.52702,0.22833333333333333,0.8490566037735849,0.09,0.162748643761302,45,92,8,455
fft:hos,relation_zdist,Tx8,0.95,4.441791040094332,0.51554,0.20833333333333334,0.8048780487804879,0.066,0.12199630314232902,33,92,8,467
fft:hos,relation_zdist,Tx2,0.97,5.545217353352444,0.49146,0.21333333333333335,0.8333333333333334,0.07,0.12915129151291516,35,93,7,465
fft:hos,relation_zdist,Tx3,0.97,5.545217353352444,0.51798,0.24,0.8793103448275862,0.102,0.18279569892473116,51,93,7,449
fft:hos,relation_zdist,Tx4,0.97,5.545217353352444,0.5126,0.21333333333333335,0.8333333333333334,0.07,0.12915129151291516,35,93,7,465
fft:hos,relation_zdist,Tx5,0.97,5.545217353352444,0.50516,0.20333333333333334,0.8055555555555556,0.058,0.1082089552238806,29,93,7,471
fft:hos,relation_zdist,Tx6,0.97,5.545217353352444,0.51534,0.22,0.8478260869565217,0.078,0.14285714285714285,39,93,7,461
fft:hos,relation_zdist,Tx7,0.97,5.545217353352444,0.52702,0.215,0.8372093023255814,0.072,0.13259668508287292,36,93,7,464
fft:hos,relation_zdist,Tx8,0.97,5.545217353352444,0.51554,0.20166666666666666,0.8,0.056,0.10467289719626169,28,93,7,472
fft:hos,relation_pca_residual,Tx2,0.9,0.3737749952386973,0.46284,0.275,0.7981651376146789,0.174,0.2857142857142857,87,78,22,413
fft:hos,relation_pca_residual,Tx3,0.9,0.3737749952386973,0.49992,0.2833333333333333,0.8070175438596491,0.184,0.29967426710097717,92,78,22,408
fft:hos,relation_pca_residual,Tx4,0.9,0.3737749952386973,0.48858,0.2833333333333333,0.8070175438596491,0.184,0.29967426710097717,92,78,22,408
fft:hos,relation_pca_residual,Tx5,0.9,0.3737749952386973,0.44572,0.27166666666666667,0.794392523364486,0.17,0.28006589785831965,85,78,22,415
fft:hos,relation_pca_residual,Tx6,0.9,0.3737749952386973,0.5027,0.31333333333333335,0.8333333333333334,0.22,0.3481012658227848,110,78,22,390
fft:hos,relation_pca_residual,Tx7,0.9,0.3737749952386973,0.494,0.3016666666666667,0.824,0.206,0.32959999999999995,103,78,22,397
fft:hos,relation_pca_residual,Tx8,0.9,0.3737749952386973,0.4901,0.2733333333333333,0.7962962962962963,0.172,0.28289473684210525,86,78,22,414
fft:hos,relation_pca_residual,Tx2,0.95,0.5668441684724099,0.46284,0.25333333333333335,0.8095238095238095,0.136,0.23287671232876714,68,84,16,432
fft:hos,relation_pca_residual,Tx3,0.95,0.5668441684724099,0.49992,0.26666666666666666,0.8260869565217391,0.152,0.25675675675675674,76,84,16,424
fft:hos,relation_pca_residual,Tx4,0.95,0.5668441684724099,0.48858,0.25333333333333335,0.8095238095238095,0.136,0.23287671232876714,68,84,16,432
fft:hos,relation_pca_residual,Tx5,0.95,0.5668441684724099,0.44572,0.24,0.7894736842105263,0.12,0.20833333333333334,60,84,16,440
fft:hos,relation_pca_residual,Tx6,0.95,0.5668441684724099,0.5027,0.2633333333333333,0.8222222222222222,0.148,0.25084745762711863,74,84,16,426
fft:hos,relation_pca_residual,Tx7,0.95,0.5668441684724099,0.494,0.265,0.8241758241758241,0.15,0.25380710659898476,75,84,16,425
fft:hos,relation_pca_residual,Tx8,0.95,0.5668441684724099,0.4901,0.22833333333333333,0.7681159420289855,0.106,0.18629173989455186,53,84,16,447
fft:hos,relation_pca_residual,Tx2,0.97,0.7063659527299748,0.46284,0.24,0.8235294117647058,0.112,0.19718309859154928,56,88,12,444
fft:hos,relation_pca_residual,Tx3,0.97,0.7063659527299748,0.49992,0.25833333333333336,0.8481012658227848,0.134,0.23143350604490504,67,88,12,433
fft:hos,relation_pca_residual,Tx4,0.97,0.7063659527299748,0.48858,0.245,0.8309859154929577,0.118,0.2066549912434326,59,88,12,441
fft:hos,relation_pca_residual,Tx5,0.97,0.7063659527299748,0.44572,0.22666666666666666,0.8,0.096,0.17142857142857143,48,88,12,452
fft:hos,relation_pca_residual,Tx6,0.97,0.7063659527299748,0.5027,0.255,0.8441558441558441,0.13,0.22530329289428078,65,88,12,435
fft:hos,relation_pca_residual,Tx7,0.97,0.7063659527299748,0.494,0.24666666666666667,0.8333333333333334,0.12,0.2097902097902098,60,88,12,440
fft:hos,relation_pca_residual,Tx8,0.97,0.7063659527299748,0.4901,0.21833333333333332,0.7818181818181819,0.086,0.15495495495495495,43,88,12,457
fft:hos,relation_shrinkage_mahalanobis,Tx2,0.9,63.192320871935934,0.48868,0.26666666666666666,0.8,0.16,0.26666666666666666,80,80,20,420
fft:hos,relation_shrinkage_mahalanobis,Tx3,0.9,63.192320871935934,0.52094,0.2866666666666667,0.8214285714285714,0.184,0.3006535947712418,92,80,20,408
fft:hos,relation_shrinkage_mahalanobis,Tx4,0.9,63.192320871935934,0.51626,0.27,0.803921568627451,0.164,0.27242524916943517,82,80,20,418
fft:hos,relation_shrinkage_mahalanobis,Tx5,0.9,63.192320871935934,0.49896,0.2633333333333333,0.7959183673469388,0.156,0.2608695652173913,78,80,20,422
fft:hos,relation_shrinkage_mahalanobis,Tx6,0.9,63.192320871935934,0.52102,0.295,0.8290598290598291,0.194,0.3144246353322528,97,80,20,403
fft:hos,relation_shrinkage_mahalanobis,Tx7,0.9,63.192320871935934,0.53436,0.2866666666666667,0.8214285714285714,0.184,0.3006535947712418,92,80,20,408
fft:hos,relation_shrinkage_mahalanobis,Tx8,0.9,63.192320871935934,0.5145,0.255,0.7849462365591398,0.146,0.24620573355817874,73,80,20,427
fft:hos,relation_shrinkage_mahalanobis,Tx2,0.95,113.43047406782114,0.48868,0.23666666666666666,0.85,0.102,0.18214285714285713,51,91,9,449
fft:hos,relation_shrinkage_mahalanobis,Tx3,0.95,113.43047406782114,0.52094,0.26166666666666666,0.88,0.132,0.22956521739130434,66,91,9,434
fft:hos,relation_shrinkage_mahalanobis,Tx4,0.95,113.43047406782114,0.51626,0.24333333333333335,0.859375,0.11,0.1950354609929078,55,91,9,445
fft:hos,relation_shrinkage_mahalanobis,Tx5,0.95,113.43047406782114,0.49896,0.23166666666666666,0.8421052631578947,0.096,0.17235188509874327,48,91,9,452
fft:hos,relation_shrinkage_mahalanobis,Tx6,0.95,113.43047406782114,0.52102,0.255,0.8732394366197183,0.124,0.21716287215411556,62,91,9,438
fft:hos,relation_shrinkage_mahalanobis,Tx7,0.95,113.43047406782114,0.53436,0.24666666666666667,0.8636363636363636,0.114,0.20141342756183747,57,91,9,443
fft:hos,relation_shrinkage_mahalanobis,Tx8,0.95,113.43047406782114,0.5145,0.22,0.82,0.082,0.14909090909090908,41,91,9,459
fft:hos,relation_shrinkage_mahalanobis,Tx2,0.97,140.7777790779237,0.48868,0.225,0.8301886792452831,0.088,0.15913200723327306,44,91,9,456
fft:hos,relation_shrinkage_mahalanobis,Tx3,0.97,140.7777790779237,0.52094,0.25,0.8676470588235294,0.118,0.2077464788732394,59,91,9,441
fft:hos,relation_shrinkage_mahalanobis,Tx4,0.97,140.7777790779237,0.51626,0.22666666666666666,0.8333333333333334,0.09,0.1624548736462094,45,91,9,455
fft:hos,relation_shrinkage_mahalanobis,Tx5,0.97,140.7777790779237,0.49896,0.21833333333333332,0.8163265306122449,0.08,0.14571948998178508,40,91,9,460
fft:hos,relation_shrinkage_mahalanobis,Tx6,0.97,140.7777790779237,0.52102,0.24333333333333335,0.859375,0.11,0.1950354609929078,55,91,9,445
fft:hos,relation_shrinkage_mahalanobis,Tx7,0.97,140.7777790779237,0.53436,0.23833333333333334,0.8524590163934426,0.104,0.18538324420677363,52,91,9,448
fft:hos,relation_shrinkage_mahalanobis,Tx8,0.97,140.7777790779237,0.5145,0.215,0.8085106382978723,0.076,0.13893967093235832,38,91,9,462
fft:bispectrum,relation_zdist,Tx2,0.9,2.221422358481048,0.5138,0.235,0.8253968253968254,0.104,0.1847246891651865,52,89,11,448
fft:bispectrum,relation_zdist,Tx3,0.9,2.221422358481048,0.56056,0.27,0.8690476190476191,0.146,0.25,73,89,11,427
fft:bispectrum,relation_zdist,Tx4,0.9,2.221422358481048,0.54214,0.2633333333333333,0.8625,0.138,0.23793103448275862,69,89,11,431
fft:bispectrum,relation_zdist,Tx5,0.9,2.221422358481048,0.52054,0.25833333333333336,0.8571428571428571,0.132,0.22876949740034663,66,89,11,434
fft:bispectrum,relation_zdist,Tx6,0.9,2.221422358481048,0.56934,0.31,0.8981481481481481,0.194,0.3190789473684211,97,89,11,403
fft:bispectrum,relation_zdist,Tx7,0.9,2.221422358481048,0.59812,0.32166666666666666,0.9043478260869565,0.208,0.3382113821138211,104,89,11,396
fft:bispectrum,relation_zdist,Tx8,0.9,2.221422358481048,0.52464,0.23333333333333334,0.8225806451612904,0.102,0.18149466192170818,51,89,11,449
fft:bispectrum,relation_zdist,Tx2,0.95,2.9234226294208425,0.5138,0.21666666666666667,0.8571428571428571,0.072,0.13284132841328414,36,94,6,464
fft:bispectrum,relation_zdist,Tx3,0.95,2.9234226294208425,0.56056,0.24166666666666667,0.8947368421052632,0.102,0.18312387791741472,51,94,6,449
fft:bispectrum,relation_zdist,Tx4,0.95,2.9234226294208425,0.54214,0.22833333333333333,0.8775510204081632,0.086,0.15664845173041894,43,94,6,457
fft:bispectrum,relation_zdist,Tx5,0.95,2.9234226294208425,0.52054,0.23333333333333334,0.8846153846153846,0.092,0.16666666666666666,46,94,6,454
fft:bispectrum,relation_zdist,Tx6,0.95,2.9234226294208425,0.56934,0.25,0.9032258064516129,0.112,0.199288256227758,56,94,6,444
fft:bispectrum,relation_zdist,Tx7,0.95,2.9234226294208425,0.59812,0.26,0.9117647058823529,0.124,0.2183098591549296,62,94,6,438
fft:bispectrum,relation_zdist,Tx8,0.95,2.9234226294208425,0.52464,0.21166666666666667,0.8461538461538461,0.066,0.12244897959183676,33,94,6,467
fft:bispectrum,relation_zdist,Tx2,0.97,3.3218805778684115,0.5138,0.20333333333333334,0.84375,0.054,0.10150375939849623,27,95,5,473
fft:bispectrum,relation_zdist,Tx3,0.97,3.3218805778684115,0.56056,0.22166666666666668,0.8837209302325582,0.076,0.13996316758747698,38,95,5,462
fft:bispectrum,relation_zdist,Tx4,0.97,3.3218805778684115,0.54214,0.21833333333333332,0.8780487804878049,0.072,0.13308687615526804,36,95,5,464
fft:bispectrum,relation_zdist,Tx5,0.97,3.3218805778684115,0.52054,0.22,0.8809523809523809,0.074,0.13653136531365315,37,95,5,463
fft:bispectrum,relation_zdist,Tx6,0.97,3.3218805778684115,0.56934,0.23666666666666666,0.9038461538461539,0.094,0.17028985507246377,47,95,5,453
fft:bispectrum,relation_zdist,Tx7,0.97,3.3218805778684115,0.59812,0.24333333333333335,0.9107142857142857,0.102,0.18345323741007194,51,95,5,449
fft:bispectrum,relation_zdist,Tx8,0.97,3.3218805778684115,0.52464,0.205,0.8484848484848485,0.056,0.10506566604127579,28,95,5,472
fft:bispectrum,relation_pca_residual,Tx2,0.9,0.47348429471699904,0.54076,0.29,0.8775510204081632,0.172,0.28762541806020064,86,88,12,414
fft:bispectrum,relation_pca_residual,Tx3,0.9,0.47348429471699904,0.5687,0.32666666666666666,0.9,0.216,0.3483870967741935,108,88,12,392
fft:bispectrum,relation_pca_residual,Tx4,0.9,0.47348429471699904,0.56902,0.3433333333333333,0.9076923076923077,0.236,0.37460317460317455,118,88,12,382
fft:bispectrum,relation_pca_residual,Tx5,0.9,0.47348429471699904,0.52392,0.31,0.8909090909090909,0.196,0.32131147540983607,98,88,12,402
fft:bispectrum,relation_pca_residual,Tx6,0.9,0.47348429471699904,0.59156,0.36,0.9142857142857143,0.256,0.39999999999999997,128,88,12,372
fft:bispectrum,relation_pca_residual,Tx7,0.9,0.47348429471699904,0.59998,0.36333333333333334,0.9154929577464789,0.26,0.4049844236760125,130,88,12,370
fft:bispectrum,relation_pca_residual,Tx8,0.9,0.47348429471699904,0.5419,0.30833333333333335,0.8899082568807339,0.194,0.3185550082101807,97,88,12,403
fft:bispectrum,relation_pca_residual,Tx2,0.95,0.5808326614305768,0.54076,0.25833333333333336,0.8873239436619719,0.126,0.22066549912434327,63,92,8,437
fft:bispectrum,relation_pca_residual,Tx3,0.95,0.5808326614305768,0.5687,0.28,0.9047619047619048,0.152,0.2602739726027397,76,92,8,424
fft:bispectrum,relation_pca_residual,Tx4,0.95,0.5808326614305768,0.56902,0.29833333333333334,0.9157894736842105,0.174,0.292436974789916,87,92,8,413
fft:bispectrum,relation_pca_residual,Tx5,0.95,0.5808326614305768,0.52392,0.27666666666666667,0.9024390243902439,0.148,0.2542955326460481,74,92,8,426
fft:bispectrum,relation_pca_residual,Tx6,0.95,0.5808326614305768,0.59156,0.31166666666666665,0.9223300970873787,0.19,0.3150912106135987,95,92,8,405
fft:bispectrum,relation_pca_residual,Tx7,0.95,0.5808326614305768,0.59998,0.33166666666666667,0.9304347826086956,0.214,0.34796747967479674,107,92,8,393
fft:bispectrum,relation_pca_residual,Tx8,0.95,0.5808326614305768,0.5419,0.2633333333333333,0.8918918918918919,0.132,0.22996515679442514,66,92,8,434
fft:bispectrum,relation_pca_residual,Tx2,0.97,0.7126835106939233,0.54076,0.22833333333333333,0.8627450980392157,0.088,0.1597096188747731,44,93,7,456
fft:bispectrum,relation_pca_residual,Tx3,0.97,0.7126835106939233,0.5687,0.24666666666666667,0.8870967741935484,0.11,0.19572953736654805,55,93,7,445
fft:bispectrum,relation_pca_residual,Tx4,0.97,0.7126835106939233,0.56902,0.255,0.8955223880597015,0.12,0.21164021164021163,60,93,7,440
fft:bispectrum,relation_pca_residual,Tx5,0.97,0.7126835106939233,0.52392,0.24333333333333335,0.8833333333333333,0.106,0.18928571428571428,53,93,7,447
fft:bispectrum,relation_pca_residual,Tx6,0.97,0.7126835106939233,0.59156,0.2783333333333333,0.9135802469135802,0.148,0.2547332185886403,74,93,7,426
fft:bispectrum,relation_pca_residual,Tx7,0.97,0.7126835106939233,0.59998,0.285,0.9176470588235294,0.156,0.26666666666666666,78,93,7,422
fft:bispectrum,relation_pca_residual,Tx8,0.97,0.7126835106939233,0.5419,0.225,0.8571428571428571,0.084,0.15300546448087432,42,93,7,458
fft:bispectrum,relation_shrinkage_mahalanobis,Tx2,0.9,65.78878429000893,0.52602,0.24833333333333332,0.8266666666666667,0.124,0.21565217391304348,62,87,13,438
fft:bispectrum,relation_shrinkage_mahalanobis,Tx3,0.9,65.78878429000893,0.56842,0.295,0.8737864077669902,0.18,0.29850746268656714,90,87,13,410
fft:bispectrum,relation_shrinkage_mahalanobis,Tx4,0.9,65.78878429000893,0.5468,0.285,0.865979381443299,0.168,0.28140703517587945,84,87,13,416
fft:bispectrum,relation_shrinkage_mahalanobis,Tx5,0.9,65.78878429000893,0.52524,0.27666666666666667,0.8586956521739131,0.158,0.2668918918918919,79,87,13,421
fft:bispectrum,relation_shrinkage_mahalanobis,Tx6,0.9,65.78878429000893,0.57878,0.32666666666666666,0.8934426229508197,0.218,0.3504823151125402,109,87,13,391
fft:bispectrum,relation_shrinkage_mahalanobis,Tx7,0.9,65.78878429000893,0.60552,0.3516666666666667,0.9051094890510949,0.248,0.3893249607535322,124,87,13,376
fft:bispectrum,relation_shrinkage_mahalanobis,Tx8,0.9,65.78878429000893,0.52904,0.24833333333333332,0.8266666666666667,0.124,0.21565217391304348,62,87,13,438
fft:bispectrum,relation_shrinkage_mahalanobis,Tx2,0.95,80.36262711374735,0.52602,0.23166666666666666,0.8679245283018868,0.092,0.16636528028933092,46,93,7,454
fft:bispectrum,relation_shrinkage_mahalanobis,Tx3,0.95,80.36262711374735,0.56842,0.265,0.9041095890410958,0.132,0.23036649214659685,66,93,7,434
fft:bispectrum,relation_shrinkage_mahalanobis,Tx4,0.95,80.36262711374735,0.5468,0.24333333333333335,0.8833333333333333,0.106,0.18928571428571428,53,93,7,447
fft:bispectrum,relation_shrinkage_mahalanobis,Tx5,0.95,80.36262711374735,0.52524,0.255,0.8955223880597015,0.12,0.21164021164021163,60,93,7,440
fft:bispectrum,relation_shrinkage_mahalanobis,Tx6,0.95,80.36262711374735,0.57878,0.3016666666666667,0.9263157894736842,0.176,0.2957983193277311,88,93,7,412
fft:bispectrum,relation_shrinkage_mahalanobis,Tx7,0.95,80.36262711374735,0.60552,0.30833333333333335,0.9292929292929293,0.184,0.30717863105175297,92,93,7,408
fft:bispectrum,relation_shrinkage_mahalanobis,Tx8,0.95,80.36262711374735,0.52904,0.22833333333333333,0.8627450980392157,0.088,0.1597096188747731,44,93,7,456
fft:bispectrum,relation_shrinkage_mahalanobis,Tx2,0.97,86.5372560679842,0.52602,0.22166666666666668,0.8666666666666667,0.078,0.14311926605504588,39,94,6,461
fft:bispectrum,relation_shrinkage_mahalanobis,Tx3,0.97,86.5372560679842,0.56842,0.255,0.9076923076923077,0.118,0.2088495575221239,59,94,6,441
fft:bispectrum,relation_shrinkage_mahalanobis,Tx4,0.97,86.5372560679842,0.5468,0.24,0.8928571428571429,0.1,0.1798561151079137,50,94,6,450
fft:bispectrum,relation_shrinkage_mahalanobis,Tx5,0.97,86.5372560679842,0.52524,0.24833333333333332,0.9016393442622951,0.11,0.19607843137254902,55,94,6,445
fft:bispectrum,relation_shrinkage_mahalanobis,Tx6,0.97,86.5372560679842,0.57878,0.28833333333333333,0.9294117647058824,0.158,0.2700854700854701,79,94,6,421
fft:bispectrum,relation_shrinkage_mahalanobis,Tx7,0.97,86.5372560679842,0.60552,0.2916666666666667,0.9310344827586207,0.162,0.27597955706984667,81,94,6,419
fft:bispectrum,relation_shrinkage_mahalanobis,Tx8,0.97,86.5372560679842,0.52904,0.22333333333333333,0.8695652173913043,0.08,0.14652014652014653,40,94,6,460
stft:cepstral,relation_zdist,Tx2,0.9,1.9248469847916096,0.4886,0.25166666666666665,0.8493150684931506,0.124,0.21640488656195464,62,89,11,438
stft:cepstral,relation_zdist,Tx3,0.9,1.9248469847916096,0.53136,0.2733333333333333,0.872093023255814,0.15,0.25597269624573377,75,89,11,425
stft:cepstral,relation_zdist,Tx4,0.9,1.9248469847916096,0.59582,0.32666666666666666,0.9067796610169492,0.214,0.34627831715210355,107,89,11,393
stft:cepstral,relation_zdist,Tx5,0.9,1.9248469847916096,0.53978,0.2816666666666667,0.8791208791208791,0.16,0.2707275803722504,80,89,11,420
stft:cepstral,relation_zdist,Tx6,0.9,1.9248469847916096,0.5259,0.25,0.8472222222222222,0.122,0.21328671328671328,61,89,11,439
stft:cepstral,relation_zdist,Tx7,0.9,1.9248469847916096,0.50184,0.24166666666666667,0.835820895522388,0.112,0.19753086419753085,56,89,11,444
stft:cepstral,relation_zdist,Tx8,0.9,1.9248469847916096,0.5396,0.24666666666666667,0.8428571428571429,0.118,0.20701754385964913,59,89,11,441
stft:cepstral,relation_zdist,Tx2,0.95,2.752085774468812,0.4886,0.21333333333333335,0.8181818181818182,0.072,0.1323529411764706,36,92,8,464
stft:cepstral,relation_zdist,Tx3,0.95,2.752085774468812,0.53136,0.22333333333333333,0.84,0.084,0.15272727272727274,42,92,8,458
stft:cepstral,relation_zdist,Tx4,0.95,2.752085774468812,0.59582,0.24166666666666667,0.8688524590163934,0.106,0.18894830659536543,53,92,8,447
stft:cepstral,relation_zdist,Tx5,0.95,2.752085774468812,0.53978,0.23333333333333334,0.8571428571428571,0.096,0.17266187050359713,48,92,8,452
stft:cepstral,relation_zdist,Tx6,0.95,2.752085774468812,0.5259,0.21666666666666667,0.8260869565217391,0.076,0.1391941391941392,38,92,8,462
stft:cepstral,relation_zdist,Tx7,0.95,2.752085774468812,0.50184,0.21333333333333335,0.8181818181818182,0.072,0.1323529411764706,36,92,8,464
stft:cepstral,relation_zdist,Tx8,0.95,2.752085774468812,0.5396,0.19166666666666668,0.7419354838709677,0.046,0.08662900188323917,23,92,8,477
stft:cepstral,relation_zdist,Tx2,0.97,3.1040679673093314,0.4886,0.21,0.8611111111111112,0.062,0.11567164179104476,31,95,5,469
stft:cepstral,relation_zdist,Tx3,0.97,3.1040679673093314,0.53136,0.21833333333333332,0.8780487804878049,0.072,0.13308687615526804,36,95,5,464
stft:cepstral,relation_zdist,Tx4,0.97,3.1040679673093314,0.59582,0.225,0.8888888888888888,0.08,0.14678899082568808,40,95,5,460
stft:cepstral,relation_zdist,Tx5,0.97,3.1040679673093314,0.53978,0.22,0.8809523809523809,0.074,0.13653136531365315,37,95,5,463
stft:cepstral,relation_zdist,Tx6,0.97,3.1040679673093314,0.5259,0.20333333333333334,0.84375,0.054,0.10150375939849623,27,95,5,473
stft:cepstral,relation_zdist,Tx7,0.97,3.1040679673093314,0.50184,0.205,0.8484848484848485,0.056,0.10506566604127579,28,95,5,472
stft:cepstral,relation_zdist,Tx8,0.97,3.1040679673093314,0.5396,0.18,0.7222222222222222,0.026,0.05019305019305018,13,95,5,487
stft:cepstral,relation_pca_residual,Tx2,0.9,0.41795935976776194,0.49124,0.2966666666666667,0.8679245283018868,0.184,0.30363036303630364,92,86,14,408
stft:cepstral,relation_pca_residual,Tx3,0.9,0.41795935976776194,0.5301,0.345,0.8962962962962963,0.242,0.3811023622047244,121,86,14,379
stft:cepstral,relation_pca_residual,Tx4,0.9,0.41795935976776194,0.58182,0.35833333333333334,0.9020979020979021,0.258,0.401244167962675,129,86,14,371
stft:cepstral,relation_pca_residual,Tx5,0.9,0.41795935976776194,0.50884,0.315,0.8803418803418803,0.206,0.3338735818476499,103,86,14,397
stft:cepstral,relation_pca_residual,Tx6,0.9,0.41795935976776194,0.51596,0.3,0.8703703703703703,0.188,0.30921052631578944,94,86,14,406
stft:cepstral,relation_pca_residual,Tx7,0.9,0.41795935976776194,0.4979,0.27666666666666667,0.851063829787234,0.16,0.26936026936026936,80,86,14,420
stft:cepstral,relation_pca_residual,Tx8,0.9,0.41795935976776194,0.50312,0.2783333333333333,0.8526315789473684,0.162,0.27226890756302524,81,86,14,419
stft:cepstral,relation_pca_residual,Tx2,0.95,0.5407138911631737,0.49124,0.25833333333333336,0.8873239436619719,0.126,0.22066549912434327,63,92,8,437
stft:cepstral,relation_pca_residual,Tx3,0.95,0.5407138911631737,0.5301,0.2816666666666667,0.9058823529411765,0.154,0.26324786324786326,77,92,8,423
stft:cepstral,relation_pca_residual,Tx4,0.95,0.5407138911631737,0.58182,0.3,0.9166666666666666,0.176,0.29530201342281875,88,92,8,412
stft:cepstral,relation_pca_residual,Tx5,0.95,0.5407138911631737,0.50884,0.26666666666666666,0.8947368421052632,0.136,0.23611111111111113,68,92,8,432
stft:cepstral,relation_pca_residual,Tx6,0.95,0.5407138911631737,0.51596,0.24333333333333335,0.8709677419354839,0.108,0.19217081850533807,54,92,8,446
stft:cepstral,relation_pca_residual,Tx7,0.95,0.5407138911631737,0.4979,0.23,0.8518518518518519,0.092,0.16606498194945848,46,92,8,454
stft:cepstral,relation_pca_residual,Tx8,0.95,0.5407138911631737,0.50312,0.22333333333333333,0.84,0.084,0.15272727272727274,42,92,8,458
stft:cepstral,relation_pca_residual,Tx2,0.97,0.6235191023507749,0.49124,0.24666666666666667,0.8870967741935484,0.11,0.19572953736654805,55,93,7,445
stft:cepstral,relation_pca_residual,Tx3,0.97,0.6235191023507749,0.5301,0.25833333333333336,0.8985507246376812,0.124,0.21792618629173988,62,93,7,438
stft:cepstral,relation_pca_residual,Tx4,0.97,0.6235191023507749,0.58182,0.275,0.9113924050632911,0.144,0.24870466321243523,72,93,7,428
stft:cepstral,relation_pca_residual,Tx5,0.97,0.6235191023507749,0.50884,0.25,0.890625,0.114,0.20212765957446807,57,93,7,443
stft:cepstral,relation_pca_residual,Tx6,0.97,0.6235191023507749,0.51596,0.225,0.8571428571428571,0.084,0.15300546448087432,42,93,7,458
stft:cepstral,relation_pca_residual,Tx7,0.97,0.6235191023507749,0.4979,0.21666666666666667,0.8409090909090909,0.074,0.1360294117647059,37,93,7,463
stft:cepstral,relation_pca_residual,Tx8,0.97,0.6235191023507749,0.50312,0.20333333333333334,0.8055555555555556,0.058,0.1082089552238806,29,93,7,471
stft:cepstral,relation_shrinkage_mahalanobis,Tx2,0.9,55.395286736831025,0.48198,0.2783333333333333,0.8602150537634409,0.16,0.26981450252951095,80,87,13,420
stft:cepstral,relation_shrinkage_mahalanobis,Tx3,0.9,55.395286736831025,0.5272,0.31666666666666665,0.8879310344827587,0.206,0.3344155844155844,103,87,13,397
stft:cepstral,relation_shrinkage_mahalanobis,Tx4,0.9,55.395286736831025,0.5896,0.36,0.9084507042253521,0.258,0.4018691588785047,129,87,13,371
stft:cepstral,relation_shrinkage_mahalanobis,Tx5,0.9,55.395286736831025,0.53164,0.30833333333333335,0.8828828828828829,0.196,0.3207855973813421,98,87,13,402
stft:cepstral,relation_shrinkage_mahalanobis,Tx6,0.9,55.395286736831025,0.51992,0.28,0.8617021276595744,0.162,0.27272727272727276,81,87,13,419
stft:cepstral,relation_shrinkage_mahalanobis,Tx7,0.9,55.395286736831025,0.49464,0.27,0.8522727272727273,0.15,0.25510204081632654,75,87,13,425
stft:cepstral,relation_shrinkage_mahalanobis,Tx8,0.9,55.395286736831025,0.5258,0.275,0.8571428571428571,0.156,0.2639593908629441,78,87,13,422
stft:cepstral,relation_shrinkage_mahalanobis,Tx2,0.95,77.44824423643969,0.48198,0.23833333333333334,0.8412698412698413,0.106,0.18827708703374776,53,90,10,447
stft:cepstral,relation_shrinkage_mahalanobis,Tx3,0.95,77.44824423643969,0.5272,0.24666666666666667,0.8529411764705882,0.116,0.2042253521126761,58,90,10,442
stft:cepstral,relation_shrinkage_mahalanobis,Tx4,0.95,77.44824423643969,0.5896,0.2733333333333333,0.8809523809523809,0.148,0.2534246575342466,74,90,10,426
stft:cepstral,relation_shrinkage_mahalanobis,Tx5,0.95,77.44824423643969,0.53164,0.24666666666666667,0.8529411764705882,0.116,0.2042253521126761,58,90,10,442
stft:cepstral,relation_shrinkage_mahalanobis,Tx6,0.95,77.44824423643969,0.51992,0.22833333333333333,0.8245614035087719,0.094,0.1687612208258528,47,90,10,453
stft:cepstral,relation_shrinkage_mahalanobis,Tx7,0.95,77.44824423643969,0.49464,0.21333333333333335,0.7916666666666666,0.076,0.1386861313868613,38,90,10,462
stft:cepstral,relation_shrinkage_mahalanobis,Tx8,0.95,77.44824423643969,0.5258,0.205,0.7674418604651163,0.066,0.12154696132596685,33,90,10,467
stft:cepstral,relation_shrinkage_mahalanobis,Tx2,0.97,95.23527719874954,0.48198,0.22,0.8478260869565217,0.078,0.14285714285714285,39,93,7,461
stft:cepstral,relation_shrinkage_mahalanobis,Tx3,0.97,95.23527719874954,0.5272,0.22166666666666668,0.851063829787234,0.08,0.14625228519195613,40,93,7,460
stft:cepstral,relation_shrinkage_mahalanobis,Tx4,0.97,95.23527719874954,0.5896,0.23833333333333334,0.8771929824561403,0.1,0.17953321364452424,50,93,7,450
stft:cepstral,relation_shrinkage_mahalanobis,Tx5,0.97,95.23527719874954,0.53164,0.22333333333333333,0.8541666666666666,0.082,0.14963503649635038,41,93,7,459
stft:cepstral,relation_shrinkage_mahalanobis,Tx6,0.97,95.23527719874954,0.51992,0.2,0.7941176470588235,0.054,0.10112359550561797,27,93,7,473
stft:cepstral,relation_shrinkage_mahalanobis,Tx7,0.97,95.23527719874954,0.49464,0.20333333333333334,0.8055555555555556,0.058,0.1082089552238806,29,93,7,471
stft:cepstral,relation_shrinkage_mahalanobis,Tx8,0.97,95.23527719874954,0.5258,0.18333333333333332,0.7083333333333334,0.034,0.0648854961832061,17,93,7,483
stft:cyclo,relation_zdist,Tx2,0.9,1.9750862437039118,0.49068,0.2783333333333333,0.845360824742268,0.164,0.2747068676716918,82,85,15,418
stft:cyclo,relation_zdist,Tx3,0.9,1.9750862437039118,0.51432,0.285,0.8514851485148515,0.172,0.2861896838602329,86,85,15,414
stft:cyclo,relation_zdist,Tx4,0.9,1.9750862437039118,0.53942,0.27,0.8369565217391305,0.154,0.2601351351351351,77,85,15,423
stft:cyclo,relation_zdist,Tx5,0.9,1.9750862437039118,0.53474,0.29,0.8557692307692307,0.178,0.29470198675496684,89,85,15,411
stft:cyclo,relation_zdist,Tx6,0.9,1.9750862437039118,0.52034,0.2866666666666667,0.8529411764705882,0.174,0.2890365448504983,87,85,15,413
stft:cyclo,relation_zdist,Tx7,0.9,1.9750862437039118,0.50172,0.255,0.8192771084337349,0.136,0.23327615780445968,68,85,15,432
stft:cyclo,relation_zdist,Tx8,0.9,1.9750862437039118,0.49942,0.23166666666666666,0.782608695652174,0.108,0.1898066783831283,54,85,15,446
stft:cyclo,relation_zdist,Tx2,0.95,2.6715197830917403,0.49068,0.25833333333333336,0.8767123287671232,0.128,0.22338568935427572,64,91,9,436
stft:cyclo,relation_zdist,Tx3,0.95,2.6715197830917403,0.51432,0.26,0.8783783783783784,0.13,0.22648083623693382,65,91,9,435
stft:cyclo,relation_zdist,Tx4,0.95,2.6715197830917403,0.53942,0.22833333333333333,0.8363636363636363,0.092,0.16576576576576577,46,91,9,454
stft:cyclo,relation_zdist,Tx5,0.95,2.6715197830917403,0.53474,0.26666666666666666,0.8846153846153846,0.138,0.23875432525951562,69,91,9,431
stft:cyclo,relation_zdist,Tx6,0.95,2.6715197830917403,0.52034,0.24166666666666667,0.8571428571428571,0.108,0.19182948490230906,54,91,9,446
stft:cyclo,relation_zdist,Tx7,0.95,2.6715197830917403,0.50172,0.25,0.8676470588235294,0.118,0.2077464788732394,59,91,9,441
stft:cyclo,relation_zdist,Tx8,0.95,2.6715197830917403,0.49942,0.205,0.7804878048780488,0.064,0.11829944547134935,32,91,9,468
stft:cyclo,relation_zdist,Tx2,0.97,3.158100682702964,0.49068,0.24333333333333335,0.8709677419354839,0.108,0.19217081850533807,54,92,8,446
stft:cyclo,relation_zdist,Tx3,0.97,3.158100682702964,0.51432,0.25666666666666665,0.8857142857142857,0.124,0.2175438596491228,62,92,8,438
stft:cyclo,relation_zdist,Tx4,0.97,3.158100682702964,0.53942,0.20833333333333334,0.8048780487804879,0.066,0.12199630314232902,33,92,8,467
stft:cyclo,relation_zdist,Tx5,0.97,3.158100682702964,0.53474,0.255,0.8840579710144928,0.122,0.21441124780316345,61,92,8,439
stft:cyclo,relation_zdist,Tx6,0.97,3.158100682702964,0.52034,0.23,0.8518518518518519,0.092,0.16606498194945848,46,92,8,454
stft:cyclo,relation_zdist,Tx7,0.97,3.158100682702964,0.50172,0.24333333333333335,0.8709677419354839,0.108,0.19217081850533807,54,92,8,446
stft:cyclo,relation_zdist,Tx8,0.97,3.158100682702964,0.49942,0.18166666666666667,0.68,0.034,0.06476190476190476,17,92,8,483
stft:cyclo,relation_pca_residual,Tx2,0.9,0.38451192880513907,0.47896,0.31833333333333336,0.8421052631578947,0.224,0.353870458135861,112,79,21,388
stft:cyclo,relation_pca_residual,Tx3,0.9,0.38451192880513907,0.5171,0.31333333333333335,0.8384615384615385,0.218,0.34603174603174597,109,79,21,391
stft:cyclo,relation_pca_residual,Tx4,0.9,0.38451192880513907,0.52594,0.30333333333333334,0.8306451612903226,0.206,0.33012820512820507,103,79,21,397
stft:cyclo,relation_pca_residual,Tx5,0.9,0.38451192880513907,0.53788,0.32166666666666666,0.8444444444444444,0.228,0.3590551181102362,114,79,21,386
stft:cyclo,relation_pca_residual,Tx6,0.9,0.38451192880513907,0.504,0.30666666666666664,0.8333333333333334,0.21,0.3354632587859424,105,79,21,395
stft:cyclo,relation_pca_residual,Tx7,0.9,0.38451192880513907,0.50014,0.29333333333333333,0.8220338983050848,0.194,0.313915857605178,97,79,21,403
stft:cyclo,relation_pca_residual,Tx8,0.9,0.38451192880513907,0.4971,0.265,0.7920792079207921,0.16,0.26622296173044924,80,79,21,420
stft:cyclo,relation_pca_residual,Tx2,0.95,0.5545559275381532,0.47896,0.265,0.8470588235294118,0.144,0.24615384615384614,72,87,13,428
stft:cyclo,relation_pca_residual,Tx3,0.95,0.5545559275381532,0.5171,0.27166666666666667,0.8539325842696629,0.152,0.25806451612903225,76,87,13,424
stft:cyclo,relation_pca_residual,Tx4,0.95,0.5545559275381532,0.52594,0.25666666666666665,0.8375,0.134,0.2310344827586207,67,87,13,433
stft:cyclo,relation_pca_residual,Tx5,0.95,0.5545559275381532,0.53788,0.27666666666666667,0.8586956521739131,0.158,0.2668918918918919,79,87,13,421
stft:cyclo,relation_pca_residual,Tx6,0.95,0.5545559275381532,0.504,0.245,0.821917808219178,0.12,0.2094240837696335,60,87,13,440
stft:cyclo,relation_pca_residual,Tx7,0.95,0.5545559275381532,0.50014,0.25666666666666665,0.8375,0.134,0.2310344827586207,67,87,13,433
stft:cyclo,relation_pca_residual,Tx8,0.95,0.5545559275381532,0.4971,0.22,0.7758620689655172,0.09,0.16129032258064516,45,87,13,455
stft:cyclo,relation_pca_residual,Tx2,0.97,0.7577827972091135,0.47896,0.24,0.8666666666666667,0.104,0.1857142857142857,52,92,8,448
stft:cyclo,relation_pca_residual,Tx3,0.97,0.7577827972091135,0.5171,0.25833333333333336,0.8873239436619719,0.126,0.22066549912434327,63,92,8,437
stft:cyclo,relation_pca_residual,Tx4,0.97,0.7577827972091135,0.52594,0.20833333333333334,0.8048780487804879,0.066,0.12199630314232902,33,92,8,467
stft:cyclo,relation_pca_residual,Tx5,0.97,0.7577827972091135,0.53788,0.24833333333333332,0.8769230769230769,0.114,0.20176991150442478,57,92,8,443
stft:cyclo,relation_pca_residual,Tx6,0.97,0.7577827972091135,0.504,0.21,0.8095238095238095,0.068,0.12546125461254612,34,92,8,466
stft:cyclo,relation_pca_residual,Tx7,0.97,0.7577827972091135,0.50014,0.22166666666666668,0.8367346938775511,0.082,0.14936247723132973,41,92,8,459
stft:cyclo,relation_pca_residual,Tx8,0.97,0.7577827972091135,0.4971,0.19666666666666666,0.7647058823529411,0.052,0.09737827715355804,26,92,8,474
stft:cyclo,relation_shrinkage_mahalanobis,Tx2,0.9,59.89662618431605,0.4851,0.2966666666666667,0.8482142857142857,0.19,0.3104575163398693,95,83,17,405
stft:cyclo,relation_shrinkage_mahalanobis,Tx3,0.9,59.89662618431605,0.51444,0.2966666666666667,0.8482142857142857,0.19,0.3104575163398693,95,83,17,405
stft:cyclo,relation_shrinkage_mahalanobis,Tx4,0.9,59.89662618431605,0.53938,0.28833333333333333,0.8411214953271028,0.18,0.29654036243822074,90,83,17,410
stft:cyclo,relation_shrinkage_mahalanobis,Tx5,0.9,59.89662618431605,0.53298,0.3,0.8508771929824561,0.194,0.3159609120521173,97,83,17,403
stft:cyclo,relation_shrinkage_mahalanobis,Tx6,0.9,59.89662618431605,0.51392,0.2966666666666667,0.8482142857142857,0.19,0.3104575163398693,95,83,17,405
stft:cyclo,relation_shrinkage_mahalanobis,Tx7,0.9,59.89662618431605,0.50142,0.2683333333333333,0.8210526315789474,0.156,0.26218487394957984,78,83,17,422
stft:cyclo,relation_shrinkage_mahalanobis,Tx8,0.9,59.89662618431605,0.49718,0.265,0.8172043010752689,0.152,0.2563237774030354,76,83,17,424
stft:cyclo,relation_shrinkage_mahalanobis,Tx2,0.95,80.74473460190741,0.4851,0.26666666666666666,0.875,0.14,0.24137931034482757,70,90,10,430
stft:cyclo,relation_shrinkage_mahalanobis,Tx3,0.95,80.74473460190741,0.51444,0.2683333333333333,0.8765432098765432,0.142,0.2444061962134251,71,90,10,429
stft:cyclo,relation_shrinkage_mahalanobis,Tx4,0.95,80.74473460190741,0.53938,0.24,0.84375,0.108,0.19148936170212766,54,90,10,446
stft:cyclo,relation_shrinkage_mahalanobis,Tx5,0.95,80.74473460190741,0.53298,0.275,0.8823529411764706,0.15,0.25641025641025644,75,90,10,425
stft:cyclo,relation_shrinkage_mahalanobis,Tx6,0.95,80.74473460190741,0.51392,0.25166666666666665,0.8591549295774648,0.122,0.2136602451838879,61,90,10,439
stft:cyclo,relation_shrinkage_mahalanobis,Tx7,0.95,80.74473460190741,0.50142,0.25333333333333335,0.8611111111111112,0.124,0.21678321678321677,62,90,10,438
stft:cyclo,relation_shrinkage_mahalanobis,Tx8,0.95,80.74473460190741,0.49718,0.21666666666666667,0.8,0.08,0.14545454545454545,40,90,10,460
stft:cyclo,relation_shrinkage_mahalanobis,Tx2,0.97,84.88045891011205,0.4851,0.26166666666666666,0.8701298701298701,0.134,0.23223570190641246,67,90,10,433
stft:cyclo,relation_shrinkage_mahalanobis,Tx3,0.97,84.88045891011205,0.51444,0.2633333333333333,0.8717948717948718,0.136,0.23529411764705882,68,90,10,432
stft:cyclo,relation_shrinkage_mahalanobis,Tx4,0.97,84.88045891011205,0.53938,0.22666666666666666,0.8214285714285714,0.092,0.16546762589928057,46,90,10,454
stft:cyclo,relation_shrinkage_mahalanobis,Tx5,0.97,84.88045891011205,0.53298,0.27166666666666667,0.8795180722891566,0.146,0.2504288164665523,73,90,10,427
stft:cyclo,relation_shrinkage_mahalanobis,Tx6,0.97,84.88045891011205,0.51392,0.24333333333333335,0.8484848484848485,0.112,0.19787985865724383,56,90,10,444
stft:cyclo,relation_shrinkage_mahalanobis,Tx7,0.97,84.88045891011205,0.50142,0.25,0.8571428571428571,0.12,0.21052631578947367,60,90,10,440
stft:cyclo,relation_shrinkage_mahalanobis,Tx8,0.97,84.88045891011205,0.49718,0.20833333333333334,0.7777777777777778,0.07,0.12844036697247707,35,90,10,465
stft:hos,relation_zdist,Tx2,0.9,1.9967733818501203,0.44434,0.25666666666666665,0.8068181818181818,0.142,0.24149659863945577,71,83,17,429
stft:hos,relation_zdist,Tx3,0.9,1.9967733818501203,0.5025,0.26166666666666666,0.8131868131868132,0.148,0.25042301184433163,74,83,17,426
stft:hos,relation_zdist,Tx4,0.9,1.9967733818501203,0.50088,0.265,0.8172043010752689,0.152,0.2563237774030354,76,83,17,424
stft:hos,relation_zdist,Tx5,0.9,1.9967733818501203,0.48892,0.24,0.782051282051282,0.122,0.2110726643598616,61,83,17,439
stft:hos,relation_zdist,Tx6,0.9,1.9967733818501203,0.4881,0.265,0.8172043010752689,0.152,0.2563237774030354,76,83,17,424
stft:hos,relation_zdist,Tx7,0.9,1.9967733818501203,0.47508,0.24666666666666667,0.7926829268292683,0.13,0.22336769759450173,65,83,17,435
stft:hos,relation_zdist,Tx8,0.9,1.9967733818501203,0.44052,0.21666666666666667,0.734375,0.094,0.16666666666666669,47,83,17,453
stft:hos,relation_zdist,Tx2,0.95,2.8656689364811623,0.44434,0.22,0.8076923076923077,0.084,0.15217391304347827,42,90,10,458
stft:hos,relation_zdist,Tx3,0.95,2.8656689364811623,0.5025,0.23333333333333334,0.8333333333333334,0.1,0.17857142857142858,50,90,10,450
stft:hos,relation_zdist,Tx4,0.95,2.8656689364811623,0.50088,0.22833333333333333,0.8245614035087719,0.094,0.1687612208258528,47,90,10,453
stft:hos,relation_zdist,Tx5,0.95,2.8656689364811623,0.48892,0.21,0.782608695652174,0.072,0.13186813186813187,36,90,10,464
stft:hos,relation_zdist,Tx6,0.95,2.8656689364811623,0.4881,0.225,0.8181818181818182,0.09,0.16216216216216217,45,90,10,455
stft:hos,relation_zdist,Tx7,0.95,2.8656689364811623,0.47508,0.215,0.7959183673469388,0.078,0.14207650273224043,39,90,10,461
stft:hos,relation_zdist,Tx8,0.95,2.8656689364811623,0.44052,0.19833333333333333,0.7435897435897436,0.058,0.10760667903525045,29,90,10,471
stft:hos,relation_zdist,Tx2,0.97,3.6891924577183834,0.44434,0.19666666666666666,0.78125,0.05,0.09398496240601503,25,93,7,475
stft:hos,relation_zdist,Tx3,0.97,3.6891924577183834,0.5025,0.21666666666666667,0.8409090909090909,0.074,0.1360294117647059,37,93,7,463
stft:hos,relation_zdist,Tx4,0.97,3.6891924577183834,0.50088,0.21666666666666667,0.8409090909090909,0.074,0.1360294117647059,37,93,7,463
stft:hos,relation_zdist,Tx5,0.97,3.6891924577183834,0.48892,0.19666666666666666,0.78125,0.05,0.09398496240601503,25,93,7,475
stft:hos,relation_zdist,Tx6,0.97,3.6891924577183834,0.4881,0.19666666666666666,0.78125,0.05,0.09398496240601503,25,93,7,475
stft:hos,relation_zdist,Tx7,0.97,3.6891924577183834,0.47508,0.19666666666666666,0.78125,0.05,0.09398496240601503,25,93,7,475
stft:hos,relation_zdist,Tx8,0.97,3.6891924577183834,0.44052,0.18,0.6818181818181818,0.03,0.057471264367816084,15,93,7,485
stft:hos,relation_pca_residual,Tx2,0.9,0.398659060963573,0.43866,0.285,0.7933884297520661,0.192,0.3091787439613527,96,75,25,404
stft:hos,relation_pca_residual,Tx3,0.9,0.398659060963573,0.46958,0.3,0.8076923076923077,0.21,0.3333333333333333,105,75,25,395
stft:hos,relation_pca_residual,Tx4,0.9,0.398659060963573,0.5054,0.3283333333333333,0.8299319727891157,0.244,0.37712519319938176,122,75,25,378
stft:hos,relation_pca_residual,Tx5,0.9,0.398659060963573,0.45678,0.285,0.7933884297520661,0.192,0.3091787439613527,96,75,25,404
stft:hos,relation_pca_residual,Tx6,0.9,0.398659060963573,0.45902,0.2816666666666667,0.7899159663865546,0.188,0.3037156704361874,94,75,25,406
stft:hos,relation_pca_residual,Tx7,0.9,0.398659060963573,0.44372,0.265,0.7706422018348624,0.168,0.27586206896551724,84,75,25,416
stft:hos,relation_pca_residual,Tx8,0.9,0.398659060963573,0.45162,0.25166666666666665,0.7524752475247525,0.152,0.2529118136439268,76,75,25,424
stft:hos,relation_pca_residual,Tx2,0.95,0.5547078299794933,0.43866,0.245,0.7974683544303798,0.126,0.21761658031088082,63,84,16,437
stft:hos,relation_pca_residual,Tx3,0.95,0.5547078299794933,0.46958,0.24166666666666667,0.7922077922077922,0.122,0.21143847487001732,61,84,16,439
stft:hos,relation_pca_residual,Tx4,0.95,0.5547078299794933,0.5054,0.26666666666666666,0.8260869565217391,0.152,0.25675675675675674,76,84,16,424
stft:hos,relation_pca_residual,Tx5,0.95,0.5547078299794933,0.45678,0.23,0.7714285714285715,0.108,0.18947368421052632,54,84,16,446
stft:hos,relation_pca_residual,Tx6,0.95,0.5547078299794933,0.45902,0.24666666666666667,0.8,0.128,0.2206896551724138,64,84,16,436
stft:hos,relation_pca_residual,Tx7,0.95,0.5547078299794933,0.44372,0.22333333333333333,0.7575757575757576,0.1,0.17667844522968199,50,84,16,450
stft:hos,relation_pca_residual,Tx8,0.95,0.5547078299794933,0.45162,0.225,0.7611940298507462,0.102,0.17989417989417988,51,84,16,449
stft:hos,relation_pca_residual,Tx2,0.97,0.7945388290463204,0.43866,0.21,0.76,0.076,0.13818181818181818,38,88,12,462
stft:hos,relation_pca_residual,Tx3,0.97,0.7945388290463204,0.46958,0.215,0.7735849056603774,0.082,0.14828209764918626,41,88,12,459
stft:hos,relation_pca_residual,Tx4,0.97,0.7945388290463204,0.5054,0.23166666666666666,0.8095238095238095,0.102,0.18117229129662524,51,88,12,449
stft:hos,relation_pca_residual,Tx5,0.97,0.7945388290463204,0.45678,0.19833333333333333,0.7209302325581395,0.062,0.1141804788213628,31,88,12,469
stft:hos,relation_pca_residual,Tx6,0.97,0.7945388290463204,0.45902,0.20666666666666667,0.75,0.072,0.1313868613138686,36,88,12,464
stft:hos,relation_pca_residual,Tx7,0.97,0.7945388290463204,0.44372,0.20333333333333334,0.7391304347826086,0.068,0.12454212454212454,34,88,12,466
stft:hos,relation_pca_residual,Tx8,0.97,0.7945388290463204,0.45162,0.18833333333333332,0.6756756756756757,0.05,0.0931098696461825,25,88,12,475
stft:hos,relation_shrinkage_mahalanobis,Tx2,0.9,55.821150471997264,0.45028,0.27666666666666667,0.8235294117647058,0.168,0.27906976744186046,84,82,18,416
stft:hos,relation_shrinkage_mahalanobis,Tx3,0.9,55.821150471997264,0.50554,0.2866666666666667,0.8333333333333334,0.18,0.29605263157894735,90,82,18,410
stft:hos,relation_shrinkage_mahalanobis,Tx4,0.9,55.821150471997264,0.5196,0.2916666666666667,0.8378378378378378,0.186,0.30441898527004907,93,82,18,407
stft:hos,relation_shrinkage_mahalanobis,Tx5,0.9,55.821150471997264,0.49872,0.2633333333333333,0.8085106382978723,0.152,0.2558922558922559,76,82,18,424
stft:hos,relation_shrinkage_mahalanobis,Tx6,0.9,55.821150471997264,0.49244,0.2816666666666667,0.8285714285714286,0.174,0.28760330578512394,87,82,18,413
stft:hos,relation_shrinkage_mahalanobis,Tx7,0.9,55.821150471997264,0.48612,0.26666666666666666,0.8125,0.156,0.26174496644295303,78,82,18,422
stft:hos,relation_shrinkage_mahalanobis,Tx8,0.9,55.821150471997264,0.46288,0.24333333333333335,0.7804878048780488,0.128,0.21993127147766323,64,82,18,436
stft:hos,relation_shrinkage_mahalanobis,Tx2,0.95,88.312677880536,0.45028,0.22333333333333333,0.7833333333333333,0.094,0.16785714285714284,47,87,13,453
stft:hos,relation_shrinkage_mahalanobis,Tx3,0.95,88.312677880536,0.50554,0.22833333333333333,0.7936507936507936,0.1,0.17761989342806395,50,87,13,450
stft:hos,relation_shrinkage_mahalanobis,Tx4,0.95,88.312677880536,0.5196,0.24333333333333335,0.8194444444444444,0.118,0.20629370629370627,59,87,13,441
stft:hos,relation_shrinkage_mahalanobis,Tx5,0.95,88.312677880536,0.49872,0.21333333333333335,0.7592592592592593,0.082,0.14801444043321302,41,87,13,459
stft:hos,relation_shrinkage_mahalanobis,Tx6,0.95,88.312677880536,0.49244,0.23166666666666666,0.8,0.104,0.184070796460177,52,87,13,448
stft:hos,relation_shrinkage_mahalanobis,Tx7,0.95,88.312677880536,0.48612,0.21,0.75,0.078,0.14130434782608695,39,87,13,461
stft:hos,relation_shrinkage_mahalanobis,Tx8,0.95,88.312677880536,0.46288,0.19333333333333333,0.6904761904761905,0.058,0.1070110701107011,29,87,13,471
stft:hos,relation_shrinkage_mahalanobis,Tx2,0.97,107.84259533361902,0.45028,0.21166666666666667,0.8,0.072,0.13211009174311927,36,91,9,464
stft:hos,relation_shrinkage_mahalanobis,Tx3,0.97,107.84259533361902,0.50554,0.22,0.82,0.082,0.14909090909090908,41,91,9,459
stft:hos,relation_shrinkage_mahalanobis,Tx4,0.97,107.84259533361902,0.5196,0.22833333333333333,0.8363636363636363,0.092,0.16576576576576577,46,91,9,454
stft:hos,relation_shrinkage_mahalanobis,Tx5,0.97,107.84259533361902,0.49872,0.20166666666666666,0.7692307692307693,0.06,0.11131725417439704,30,91,9,470
stft:hos,relation_shrinkage_mahalanobis,Tx6,0.97,107.84259533361902,0.49244,0.21,0.7954545454545454,0.07,0.1286764705882353,35,91,9,465
stft:hos,relation_shrinkage_mahalanobis,Tx7,0.97,107.84259533361902,0.48612,0.205,0.7804878048780488,0.064,0.11829944547134935,32,91,9,468
stft:hos,relation_shrinkage_mahalanobis,Tx8,0.97,107.84259533361902,0.46288,0.185,0.6896551724137931,0.04,0.07561436672967864,20,91,9,480
stft:bispectrum,relation_zdist,Tx2,0.9,1.8769286953449922,0.46606,0.25833333333333336,0.8313253012048193,0.138,0.23670668953687823,69,86,14,431
stft:bispectrum,relation_zdist,Tx3,0.9,1.8769286953449922,0.51276,0.27166666666666667,0.8461538461538461,0.154,0.260575296108291,77,86,14,423
stft:bispectrum,relation_zdist,Tx4,0.9,1.8769286953449922,0.52582,0.295,0.8666666666666667,0.182,0.30082644628099175,91,86,14,409
stft:bispectrum,relation_zdist,Tx5,0.9,1.8769286953449922,0.5053,0.2916666666666667,0.8640776699029126,0.178,0.29519071310116085,89,86,14,411
stft:bispectrum,relation_zdist,Tx6,0.9,1.8769286953449922,0.52268,0.29333333333333333,0.8653846153846154,0.18,0.2980132450331126,90,86,14,410
stft:bispectrum,relation_zdist,Tx7,0.9,1.8769286953449922,0.5395,0.31,0.8771929824561403,0.2,0.3257328990228013,100,86,14,400
stft:bispectrum,relation_zdist,Tx8,0.9,1.8769286953449922,0.46698,0.22666666666666666,0.78125,0.1,0.1773049645390071,50,86,14,450
stft:bispectrum,relation_zdist,Tx2,0.95,2.563322087046368,0.46606,0.21,0.8421052631578947,0.064,0.11895910780669144,32,94,6,468
stft:bispectrum,relation_zdist,Tx3,0.95,2.563322087046368,0.51276,0.23166666666666666,0.8823529411764706,0.09,0.16333938294010888,45,94,6,455
stft:bispectrum,relation_zdist,Tx4,0.95,2.563322087046368,0.52582,0.25,0.9032258064516129,0.112,0.199288256227758,56,94,6,444
stft:bispectrum,relation_zdist,Tx5,0.95,2.563322087046368,0.5053,0.24,0.8928571428571429,0.1,0.1798561151079137,50,94,6,450
stft:bispectrum,relation_zdist,Tx6,0.95,2.563322087046368,0.52268,0.24,0.8928571428571429,0.1,0.1798561151079137,50,94,6,450
stft:bispectrum,relation_zdist,Tx7,0.95,2.563322087046368,0.5395,0.22833333333333333,0.8775510204081632,0.086,0.15664845173041894,43,94,6,457
stft:bispectrum,relation_zdist,Tx8,0.95,2.563322087046368,0.46698,0.20333333333333334,0.8235294117647058,0.056,0.1048689138576779,28,94,6,472
stft:bispectrum,relation_zdist,Tx2,0.97,3.1572461591409993,0.46606,0.195,0.84,0.042,0.08,21,96,4,479
stft:bispectrum,relation_zdist,Tx3,0.97,3.1572461591409993,0.51276,0.2,0.8571428571428571,0.048,0.09090909090909091,24,96,4,476
stft:bispectrum,relation_zdist,Tx4,0.97,3.1572461591409993,0.52582,0.22333333333333333,0.9047619047619048,0.076,0.14022140221402213,38,96,4,462
stft:bispectrum,relation_zdist,Tx5,0.97,3.1572461591409993,0.5053,0.20666666666666667,0.875,0.056,0.10526315789473684,28,96,4,472
stft:bispectrum,relation_zdist,Tx6,0.97,3.1572461591409993,0.52268,0.21,0.8823529411764706,0.06,0.11235955056179775,30,96,4,470
stft:bispectrum,relation_zdist,Tx7,0.97,3.1572461591409993,0.5395,0.19333333333333333,0.8333333333333334,0.04,0.07633587786259541,20,96,4,480
stft:bispectrum,relation_zdist,Tx8,0.97,3.1572461591409993,0.46698,0.18833333333333332,0.8095238095238095,0.034,0.0652591170825336,17,96,4,483
stft:bispectrum,relation_pca_residual,Tx2,0.9,0.3247003161724996,0.48398,0.25333333333333335,0.8421052631578947,0.128,0.2222222222222222,64,88,12,436
stft:bispectrum,relation_pca_residual,Tx3,0.9,0.3247003161724996,0.53124,0.27,0.8604651162790697,0.148,0.2525597269624574,74,88,12,426
stft:bispectrum,relation_pca_residual,Tx4,0.9,0.3247003161724996,0.5291,0.29,0.8775510204081632,0.172,0.28762541806020064,86,88,12,414
stft:bispectrum,relation_pca_residual,Tx5,0.9,0.3247003161724996,0.52802,0.29,0.8775510204081632,0.172,0.28762541806020064,86,88,12,414
stft:bispectrum,relation_pca_residual,Tx6,0.9,0.3247003161724996,0.5488,0.295,0.8811881188118812,0.178,0.29617304492512475,89,88,12,411
stft:bispectrum,relation_pca_residual,Tx7,0.9,0.3247003161724996,0.55718,0.305,0.8878504672897196,0.19,0.31301482701812194,95,88,12,405
stft:bispectrum,relation_pca_residual,Tx8,0.9,0.3247003161724996,0.49024,0.24833333333333332,0.8356164383561644,0.122,0.21291448516579406,61,88,12,439
stft:bispectrum,relation_pca_residual,Tx2,0.95,0.4537866311243417,0.48398,0.215,0.8222222222222222,0.074,0.13577981651376148,37,92,8,463
stft:bispectrum,relation_pca_residual,Tx3,0.95,0.4537866311243417,0.53124,0.215,0.8222222222222222,0.074,0.13577981651376148,37,92,8,463
stft:bispectrum,relation_pca_residual,Tx4,0.95,0.4537866311243417,0.5291,0.23666666666666666,0.8620689655172413,0.1,0.1792114695340502,50,92,8,450
stft:bispectrum,relation_pca_residual,Tx5,0.95,0.4537866311243417,0.52802,0.23166666666666666,0.8545454545454545,0.094,0.16936936936936936,47,92,8,453
stft:bispectrum,relation_pca_residual,Tx6,0.95,0.4537866311243417,0.5488,0.24666666666666667,0.875,0.112,0.19858156028368795,56,92,8,444
stft:bispectrum,relation_pca_residual,Tx7,0.95,0.4537866311243417,0.55718,0.23166666666666666,0.8545454545454545,0.094,0.16936936936936936,47,92,8,453
stft:bispectrum,relation_pca_residual,Tx8,0.95,0.4537866311243417,0.49024,0.2,0.7777777777777778,0.056,0.1044776119402985,28,92,8,472
stft:bispectrum,relation_pca_residual,Tx2,0.97,0.5665248748144901,0.48398,0.19833333333333333,0.8275862068965517,0.048,0.09073724007561437,24,95,5,476
stft:bispectrum,relation_pca_residual,Tx3,0.97,0.5665248748144901,0.53124,0.195,0.8148148148148148,0.044,0.08349146110056925,22,95,5,478
stft:bispectrum,relation_pca_residual,Tx4,0.97,0.5665248748144901,0.5291,0.215,0.8717948717948718,0.068,0.1261595547309833,34,95,5,466
stft:bispectrum,relation_pca_residual,Tx5,0.97,0.5665248748144901,0.52802,0.21166666666666667,0.8648648648648649,0.064,0.1191806331471136,32,95,5,468
stft:bispectrum,relation_pca_residual,Tx6,0.97,0.5665248748144901,0.5488,0.225,0.8888888888888888,0.08,0.14678899082568808,40,95,5,460
stft:bispectrum,relation_pca_residual,Tx7,0.97,0.5665248748144901,0.55718,0.205,0.8484848484848485,0.056,0.10506566604127579,28,95,5,472
stft:bispectrum,relation_pca_residual,Tx8,0.97,0.5665248748144901,0.49024,0.18,0.7222222222222222,0.026,0.05019305019305018,13,95,5,487
stft:bispectrum,relation_shrinkage_mahalanobis,Tx2,0.9,53.82912437455335,0.47884,0.26,0.8181818181818182,0.144,0.24489795918367346,72,84,16,428
stft:bispectrum,relation_shrinkage_mahalanobis,Tx3,0.9,53.82912437455335,0.52068,0.295,0.8532110091743119,0.186,0.3054187192118227,93,84,16,407
stft:bispectrum,relation_shrinkage_mahalanobis,Tx4,0.9,53.82912437455335,0.53242,0.315,0.8677685950413223,0.21,0.33816425120772947,105,84,16,395
stft:bispectrum,relation_shrinkage_mahalanobis,Tx5,0.9,53.82912437455335,0.51754,0.3,0.8571428571428571,0.192,0.3137254901960784,96,84,16,404
stft:bispectrum,relation_shrinkage_mahalanobis,Tx6,0.9,53.82912437455335,0.53162,0.31833333333333336,0.8699186991869918,0.214,0.3434991974317817,107,84,16,393
stft:bispectrum,relation_shrinkage_mahalanobis,Tx7,0.9,53.82912437455335,0.55314,0.33,0.8769230769230769,0.228,0.3619047619047619,114,84,16,386
stft:bispectrum,relation_shrinkage_mahalanobis,Tx8,0.9,53.82912437455335,0.47528,0.24,0.7894736842105263,0.12,0.20833333333333334,60,84,16,440
stft:bispectrum,relation_shrinkage_mahalanobis,Tx2,0.95,68.98927609091746,0.47884,0.225,0.8301886792452831,0.088,0.15913200723327306,44,91,9,456
stft:bispectrum,relation_shrinkage_mahalanobis,Tx3,0.95,68.98927609091746,0.52068,0.235,0.847457627118644,0.1,0.17889087656529518,50,91,9,450
stft:bispectrum,relation_shrinkage_mahalanobis,Tx4,0.95,68.98927609091746,0.53242,0.25333333333333335,0.8714285714285714,0.122,0.21403508771929824,61,91,9,439
stft:bispectrum,relation_shrinkage_mahalanobis,Tx5,0.95,68.98927609091746,0.51754,0.26166666666666666,0.88,0.132,0.22956521739130434,66,91,9,434
stft:bispectrum,relation_shrinkage_mahalanobis,Tx6,0.95,68.98927609091746,0.53162,0.27166666666666667,0.8888888888888888,0.144,0.2478485370051635,72,91,9,428
stft:bispectrum,relation_shrinkage_mahalanobis,Tx7,0.95,68.98927609091746,0.55314,0.25833333333333336,0.8767123287671232,0.128,0.22338568935427572,64,91,9,436
stft:bispectrum,relation_shrinkage_mahalanobis,Tx8,0.95,68.98927609091746,0.47528,0.21166666666666667,0.8,0.072,0.13211009174311927,36,91,9,464
stft:bispectrum,relation_shrinkage_mahalanobis,Tx2,0.97,79.72584935125121,0.47884,0.205,0.8285714285714286,0.058,0.10841121495327102,29,94,6,471
stft:bispectrum,relation_shrinkage_mahalanobis,Tx3,0.97,79.72584935125121,0.52068,0.22333333333333333,0.8695652173913043,0.08,0.14652014652014653,40,94,6,460
stft:bispectrum,relation_shrinkage_mahalanobis,Tx4,0.97,79.72584935125121,0.53242,0.24166666666666667,0.8947368421052632,0.102,0.18312387791741472,51,94,6,449
stft:bispectrum,relation_shrinkage_mahalanobis,Tx5,0.97,79.72584935125121,0.51754,0.235,0.8867924528301887,0.094,0.16998191681735986,47,94,6,453
stft:bispectrum,relation_shrinkage_mahalanobis,Tx6,0.97,79.72584935125121,0.53162,0.245,0.8983050847457628,0.106,0.18962432915921287,53,94,6,447
stft:bispectrum,relation_shrinkage_mahalanobis,Tx7,0.97,79.72584935125121,0.55314,0.22,0.8636363636363636,0.076,0.13970588235294118,38,94,6,462
stft:bispectrum,relation_shrinkage_mahalanobis,Tx8,0.97,79.72584935125121,0.47528,0.19833333333333333,0.8064516129032258,0.05,0.09416195856873823,25,94,6,475
cepstral:cyclo,relation_zdist,Tx2,0.9,2.0379630498138526,0.52914,0.2816666666666667,0.8709677419354839,0.162,0.27318718381112983,81,88,12,419
cepstral:cyclo,relation_zdist,Tx3,0.9,2.0379630498138526,0.53218,0.3,0.8846153846153846,0.184,0.304635761589404,92,88,12,408
cepstral:cyclo,relation_zdist,Tx4,0.9,2.0379630498138526,0.55044,0.27666666666666667,0.8666666666666667,0.156,0.264406779661017,78,88,12,422
cepstral:cyclo,relation_zdist,Tx5,0.9,2.0379630498138526,0.51696,0.305,0.8878504672897196,0.19,0.31301482701812194,95,88,12,405
cepstral:cyclo,relation_zdist,Tx6,0.9,2.0379630498138526,0.52684,0.28,0.8695652173913043,0.16,0.2702702702702703,80,88,12,420
cepstral:cyclo,relation_zdist,Tx7,0.9,2.0379630498138526,0.51758,0.29833333333333334,0.883495145631068,0.182,0.3018242122719735,91,88,12,409
cepstral:cyclo,relation_zdist,Tx8,0.9,2.0379630498138526,0.5286,0.27166666666666667,0.8620689655172413,0.15,0.2555366269165247,75,88,12,425
cepstral:cyclo,relation_zdist,Tx2,0.95,2.8607579941080012,0.52914,0.265,0.8831168831168831,0.136,0.23570190641247835,68,91,9,432
cepstral:cyclo,relation_zdist,Tx3,0.95,2.8607579941080012,0.53218,0.2733333333333333,0.8902439024390244,0.146,0.2508591065292096,73,91,9,427
cepstral:cyclo,relation_zdist,Tx4,0.95,2.8607579941080012,0.55044,0.22,0.82,0.082,0.14909090909090908,41,91,9,459
cepstral:cyclo,relation_zdist,Tx5,0.95,2.8607579941080012,0.51696,0.2816666666666667,0.896551724137931,0.156,0.26575809199318573,78,91,9,422
cepstral:cyclo,relation_zdist,Tx6,0.95,2.8607579941080012,0.52684,0.25333333333333335,0.8714285714285714,0.122,0.21403508771929824,61,91,9,439
cepstral:cyclo,relation_zdist,Tx7,0.95,2.8607579941080012,0.51758,0.2683333333333333,0.8860759493670886,0.14,0.24179620034542318,70,91,9,430
cepstral:cyclo,relation_zdist,Tx8,0.95,2.8607579941080012,0.5286,0.22166666666666668,0.8235294117647058,0.084,0.15245009074410165,42,91,9,458
cepstral:cyclo,relation_zdist,Tx2,0.97,3.3473120761683304,0.52914,0.255,0.8955223880597015,0.12,0.21164021164021163,60,93,7,440
cepstral:cyclo,relation_zdist,Tx3,0.97,3.3473120761683304,0.53218,0.2683333333333333,0.9066666666666666,0.136,0.2365217391304348,68,93,7,432
cepstral:cyclo,relation_zdist,Tx4,0.97,3.3473120761683304,0.55044,0.21333333333333335,0.8333333333333334,0.07,0.12915129151291516,35,93,7,465
cepstral:cyclo,relation_zdist,Tx5,0.97,3.3473120761683304,0.51696,0.275,0.9113924050632911,0.144,0.24870466321243523,72,93,7,428
cepstral:cyclo,relation_zdist,Tx6,0.97,3.3473120761683304,0.52684,0.245,0.8852459016393442,0.108,0.1925133689839572,54,93,7,446
cepstral:cyclo,relation_zdist,Tx7,0.97,3.3473120761683304,0.51758,0.26,0.9,0.126,0.22105263157894736,63,93,7,437
cepstral:cyclo,relation_zdist,Tx8,0.97,3.3473120761683304,0.5286,0.20166666666666666,0.8,0.056,0.10467289719626169,28,93,7,472
cepstral:cyclo,relation_pca_residual,Tx2,0.9,0.29604133467187155,0.52588,0.305,0.8672566371681416,0.196,0.3197389885807504,98,85,15,402
cepstral:cyclo,relation_pca_residual,Tx3,0.9,0.29604133467187155,0.62248,0.335,0.8854961832061069,0.232,0.3676703645007924,116,85,15,384
cepstral:cyclo,relation_pca_residual,Tx4,0.9,0.29604133467187155,0.53056,0.285,0.8514851485148515,0.172,0.2861896838602329,86,85,15,414
cepstral:cyclo,relation_pca_residual,Tx5,0.9,0.29604133467187155,0.61248,0.34833333333333333,0.8920863309352518,0.248,0.38810641627543035,124,85,15,376
cepstral:cyclo,relation_pca_residual,Tx6,0.9,0.29604133467187155,0.52818,0.315,0.8739495798319328,0.208,0.3360258481421648,104,85,15,396
cepstral:cyclo,relation_pca_residual,Tx7,0.9,0.29604133467187155,0.56566,0.31666666666666665,0.875,0.21,0.33870967741935487,105,85,15,395
cepstral:cyclo,relation_pca_residual,Tx8,0.9,0.29604133467187155,0.52214,0.29833333333333334,0.8623853211009175,0.188,0.30870279146141216,94,85,15,406
cepstral:cyclo,relation_pca_residual,Tx2,0.95,0.41501341656787805,0.52588,0.28,0.8863636363636364,0.156,0.26530612244897955,78,90,10,422
cepstral:cyclo,relation_pca_residual,Tx3,0.95,0.41501341656787805,0.62248,0.29833333333333334,0.898989898989899,0.178,0.29716193656093487,89,90,10,411
cepstral:cyclo,relation_pca_residual,Tx4,0.95,0.41501341656787805,0.53056,0.22833333333333333,0.8245614035087719,0.094,0.1687612208258528,47,90,10,453
cepstral:cyclo,relation_pca_residual,Tx5,0.95,0.41501341656787805,0.61248,0.30666666666666664,0.9038461538461539,0.188,0.31125827814569534,94,90,10,406
cepstral:cyclo,relation_pca_residual,Tx6,0.95,0.41501341656787805,0.52818,0.28,0.8863636363636364,0.156,0.26530612244897955,78,90,10,422
cepstral:cyclo,relation_pca_residual,Tx7,0.95,0.41501341656787805,0.56566,0.2966666666666667,0.8979591836734694,0.176,0.294314381270903,88,90,10,412
cepstral:cyclo,relation_pca_residual,Tx8,0.95,0.41501341656787805,0.52214,0.235,0.8360655737704918,0.102,0.18181818181818182,51,90,10,449
cepstral:cyclo,relation_pca_residual,Tx2,0.97,0.5719782602519914,0.52588,0.26666666666666666,0.8947368421052632,0.136,0.23611111111111113,68,92,8,432
cepstral:cyclo,relation_pca_residual,Tx3,0.97,0.5719782602519914,0.62248,0.27166666666666667,0.8987341772151899,0.142,0.24525043177892913,71,92,8,429
cepstral:cyclo,relation_pca_residual,Tx4,0.97,0.5719782602519914,0.53056,0.20833333333333334,0.8048780487804879,0.066,0.12199630314232902,33,92,8,467
cepstral:cyclo,relation_pca_residual,Tx5,0.97,0.5719782602519914,0.61248,0.2783333333333333,0.9036144578313253,0.15,0.25728987993138935,75,92,8,425
cepstral:cyclo,relation_pca_residual,Tx6,0.97,0.5719782602519914,0.52818,0.25166666666666665,0.8805970149253731,0.118,0.20811287477954143,59,92,8,441
cepstral:cyclo,relation_pca_residual,Tx7,0.97,0.5719782602519914,0.56566,0.275,0.9012345679012346,0.146,0.2512908777969019,73,92,8,427
cepstral:cyclo,relation_pca_residual,Tx8,0.97,0.5719782602519914,0.52214,0.195,0.7575757575757576,0.05,0.09380863039399624,25,92,8,475
cepstral:cyclo,relation_shrinkage_mahalanobis,Tx2,0.9,59.089308062217334,0.51462,0.3,0.8773584905660378,0.186,0.3069306930693069,93,87,13,407
cepstral:cyclo,relation_shrinkage_mahalanobis,Tx3,0.9,59.089308062217334,0.51894,0.31666666666666665,0.8879310344827587,0.206,0.3344155844155844,103,87,13,397
cepstral:cyclo,relation_shrinkage_mahalanobis,Tx4,0.9,59.089308062217334,0.55118,0.2966666666666667,0.875,0.182,0.3013245033112583,91,87,13,409
cepstral:cyclo,relation_shrinkage_mahalanobis,Tx5,0.9,59.089308062217334,0.51752,0.31833333333333336,0.8888888888888888,0.208,0.3371150729335494,104,87,13,396
cepstral:cyclo,relation_shrinkage_mahalanobis,Tx6,0.9,59.089308062217334,0.51552,0.3,0.8773584905660378,0.186,0.3069306930693069,93,87,13,407
cepstral:cyclo,relation_shrinkage_mahalanobis,Tx7,0.9,59.089308062217334,0.51304,0.31333333333333335,0.8859649122807017,0.202,0.32899022801302935,101,87,13,399
cepstral:cyclo,relation_shrinkage_mahalanobis,Tx8,0.9,59.089308062217334,0.53514,0.29333333333333333,0.8725490196078431,0.178,0.2956810631229236,89,87,13,411
cepstral:cyclo,relation_shrinkage_mahalanobis,Tx2,0.95,81.17543817019941,0.51462,0.27666666666666667,0.8928571428571429,0.15,0.2568493150684931,75,91,9,425
cepstral:cyclo,relation_shrinkage_mahalanobis,Tx3,0.95,81.17543817019941,0.51894,0.29833333333333334,0.9072164948453608,0.176,0.29480737018425457,88,91,9,412
cepstral:cyclo,relation_shrinkage_mahalanobis,Tx4,0.95,81.17543817019941,0.55118,0.225,0.8301886792452831,0.088,0.15913200723327306,44,91,9,456
cepstral:cyclo,relation_shrinkage_mahalanobis,Tx5,0.95,81.17543817019941,0.51752,0.3016666666666667,0.9090909090909091,0.18,0.3005008347245409,90,91,9,410
cepstral:cyclo,relation_shrinkage_mahalanobis,Tx6,0.95,81.17543817019941,0.51552,0.2733333333333333,0.8902439024390244,0.146,0.2508591065292096,73,91,9,427
cepstral:cyclo,relation_shrinkage_mahalanobis,Tx7,0.95,81.17543817019941,0.51304,0.2866666666666667,0.9,0.162,0.2745762711864407,81,91,9,419
cepstral:cyclo,relation_shrinkage_mahalanobis,Tx8,0.95,81.17543817019941,0.53514,0.22833333333333333,0.8363636363636363,0.092,0.16576576576576577,46,91,9,454
cepstral:cyclo,relation_shrinkage_mahalanobis,Tx2,0.97,94.85816506563562,0.51462,0.2633333333333333,0.8918918918918919,0.132,0.22996515679442514,66,92,8,434
cepstral:cyclo,relation_shrinkage_mahalanobis,Tx3,0.97,94.85816506563562,0.51894,0.285,0.9080459770114943,0.158,0.26916524701873934,79,92,8,421
cepstral:cyclo,relation_shrinkage_mahalanobis,Tx4,0.97,94.85816506563562,0.55118,0.21333333333333335,0.8181818181818182,0.072,0.1323529411764706,36,92,8,464
cepstral:cyclo,relation_shrinkage_mahalanobis,Tx5,0.97,94.85816506563562,0.51752,0.2866666666666667,0.9090909090909091,0.16,0.27210884353741494,80,92,8,420
cepstral:cyclo,relation_shrinkage_mahalanobis,Tx6,0.97,94.85816506563562,0.51552,0.25666666666666665,0.8857142857142857,0.124,0.2175438596491228,62,92,8,438
cepstral:cyclo,relation_shrinkage_mahalanobis,Tx7,0.97,94.85816506563562,0.51304,0.27166666666666667,0.8987341772151899,0.142,0.24525043177892913,71,92,8,429
cepstral:cyclo,relation_shrinkage_mahalanobis,Tx8,0.97,94.85816506563562,0.53514,0.205,0.7948717948717948,0.062,0.1150278293135436,31,92,8,469
cepstral:hos,relation_zdist,Tx2,0.9,1.8273151558838727,0.4952,0.27,0.8297872340425532,0.156,0.26262626262626265,78,84,16,422
cepstral:hos,relation_zdist,Tx3,0.9,1.8273151558838727,0.53738,0.2816666666666667,0.8415841584158416,0.17,0.28286189683860236,85,84,16,415
cepstral:hos,relation_zdist,Tx4,0.9,1.8273151558838727,0.53012,0.2683333333333333,0.8279569892473119,0.154,0.25969645868465424,77,84,16,423
cepstral:hos,relation_zdist,Tx5,0.9,1.8273151558838727,0.51254,0.25666666666666665,0.813953488372093,0.14,0.23890784982935154,70,84,16,430
cepstral:hos,relation_zdist,Tx6,0.9,1.8273151558838727,0.5347,0.2733333333333333,0.8333333333333334,0.16,0.2684563758389262,80,84,16,420
cepstral:hos,relation_zdist,Tx7,0.9,1.8273151558838727,0.53,0.275,0.8350515463917526,0.162,0.27135678391959794,81,84,16,419
cepstral:hos,relation_zdist,Tx8,0.9,1.8273151558838727,0.49556,0.25833333333333336,0.8160919540229885,0.142,0.24190800681431004,71,84,16,429
cepstral:hos,relation_zdist,Tx2,0.95,2.90650816166343,0.4952,0.23333333333333334,0.8225806451612904,0.102,0.18149466192170818,51,89,11,449
cepstral:hos,relation_zdist,Tx3,0.95,2.90650816166343,0.53738,0.25833333333333336,0.8571428571428571,0.132,0.22876949740034663,66,89,11,434
cepstral:hos,relation_zdist,Tx4,0.95,2.90650816166343,0.53012,0.23,0.8166666666666667,0.098,0.17500000000000002,49,89,11,451
cepstral:hos,relation_zdist,Tx5,0.95,2.90650816166343,0.51254,0.23166666666666666,0.819672131147541,0.1,0.17825311942959005,50,89,11,450
cepstral:hos,relation_zdist,Tx6,0.95,2.90650816166343,0.5347,0.23166666666666666,0.819672131147541,0.1,0.17825311942959005,50,89,11,450
cepstral:hos,relation_zdist,Tx7,0.95,2.90650816166343,0.53,0.24166666666666667,0.835820895522388,0.112,0.19753086419753085,56,89,11,444
cepstral:hos,relation_zdist,Tx8,0.95,2.90650816166343,0.49556,0.21666666666666667,0.7884615384615384,0.082,0.14855072463768118,41,89,11,459
cepstral:hos,relation_zdist,Tx2,0.97,4.623792625729599,0.4952,0.20333333333333334,0.84375,0.054,0.10150375939849623,27,95,5,473
cepstral:hos,relation_zdist,Tx3,0.97,4.623792625729599,0.53738,0.23833333333333334,0.9056603773584906,0.096,0.1735985533453888,48,95,5,452
cepstral:hos,relation_zdist,Tx4,0.97,4.623792625729599,0.53012,0.20666666666666667,0.8529411764705882,0.058,0.10861423220973783,29,95,5,471
cepstral:hos,relation_zdist,Tx5,0.97,4.623792625729599,0.51254,0.20666666666666667,0.8529411764705882,0.058,0.10861423220973783,29,95,5,471
cepstral:hos,relation_zdist,Tx6,0.97,4.623792625729599,0.5347,0.21,0.8611111111111112,0.062,0.11567164179104476,31,95,5,469
cepstral:hos,relation_zdist,Tx7,0.97,4.623792625729599,0.53,0.20333333333333334,0.84375,0.054,0.10150375939849623,27,95,5,473
cepstral:hos,relation_zdist,Tx8,0.97,4.623792625729599,0.49556,0.18833333333333332,0.782608695652174,0.036,0.06883365200764818,18,95,5,482
cepstral:hos,relation_pca_residual,Tx2,0.9,0.3580555930117698,0.4671,0.28833333333333333,0.8288288288288288,0.184,0.30114566284779054,92,81,19,408
cepstral:hos,relation_pca_residual,Tx3,0.9,0.3580555930117698,0.49708,0.3,0.8389830508474576,0.198,0.32038834951456313,99,81,19,401
cepstral:hos,relation_pca_residual,Tx4,0.9,0.3580555930117698,0.50456,0.295,0.8347826086956521,0.192,0.31219512195121946,96,81,19,404
cepstral:hos,relation_pca_residual,Tx5,0.9,0.3580555930117698,0.4741,0.275,0.8155339805825242,0.168,0.27860696517412936,84,81,19,416
cepstral:hos,relation_pca_residual,Tx6,0.9,0.3580555930117698,0.50506,0.29833333333333334,0.8376068376068376,0.196,0.3176661264181524,98,81,19,402
cepstral:hos,relation_pca_residual,Tx7,0.9,0.3580555930117698,0.49438,0.3,0.8389830508474576,0.198,0.32038834951456313,99,81,19,401
cepstral:hos,relation_pca_residual,Tx8,0.9,0.3580555930117698,0.48324,0.265,0.8041237113402062,0.156,0.26130653266331655,78,81,19,422
cepstral:hos,relation_pca_residual,Tx2,0.95,0.5221579086584902,0.4671,0.2633333333333333,0.8452380952380952,0.142,0.24315068493150685,71,87,13,429
cepstral:hos,relation_pca_residual,Tx3,0.95,0.5221579086584902,0.49708,0.28,0.8617021276595744,0.162,0.27272727272727276,81,87,13,419
cepstral:hos,relation_pca_residual,Tx4,0.95,0.5221579086584902,0.50456,0.2633333333333333,0.8452380952380952,0.142,0.24315068493150685,71,87,13,429
cepstral:hos,relation_pca_residual,Tx5,0.95,0.5221579086584902,0.4741,0.25333333333333335,0.8333333333333334,0.13,0.22491349480968859,65,87,13,435
cepstral:hos,relation_pca_residual,Tx6,0.95,0.5221579086584902,0.50506,0.26666666666666666,0.8488372093023255,0.146,0.24914675767918087,73,87,13,427
cepstral:hos,relation_pca_residual,Tx7,0.95,0.5221579086584902,0.49438,0.26666666666666666,0.8488372093023255,0.146,0.24914675767918087,73,87,13,427
cepstral:hos,relation_pca_residual,Tx8,0.95,0.5221579086584902,0.48324,0.225,0.7868852459016393,0.096,0.17112299465240643,48,87,13,452
cepstral:hos,relation_pca_residual,Tx2,0.97,0.680639169551158,0.4671,0.24333333333333335,0.8382352941176471,0.114,0.2007042253521127,57,89,11,443
cepstral:hos,relation_pca_residual,Tx3,0.97,0.680639169551158,0.49708,0.26166666666666666,0.8607594936708861,0.136,0.23488773747841107,68,89,11,432
cepstral:hos,relation_pca_residual,Tx4,0.97,0.680639169551158,0.50456,0.23666666666666666,0.828125,0.106,0.1879432624113475,53,89,11,447
cepstral:hos,relation_pca_residual,Tx5,0.97,0.680639169551158,0.4741,0.22666666666666666,0.8103448275862069,0.094,0.16845878136200715,47,89,11,453
cepstral:hos,relation_pca_residual,Tx6,0.97,0.680639169551158,0.50506,0.24,0.8333333333333334,0.11,0.1943462897526502,55,89,11,445
cepstral:hos,relation_pca_residual,Tx7,0.97,0.680639169551158,0.49438,0.24666666666666667,0.8428571428571429,0.118,0.20701754385964913,59,89,11,441
cepstral:hos,relation_pca_residual,Tx8,0.97,0.680639169551158,0.48324,0.20833333333333334,0.7659574468085106,0.072,0.1316270566727605,36,89,11,464
cepstral:hos,relation_shrinkage_mahalanobis,Tx2,0.9,56.236941526974846,0.49046,0.2866666666666667,0.8272727272727273,0.182,0.2983606557377049,91,81,19,409
cepstral:hos,relation_shrinkage_mahalanobis,Tx3,0.9,56.236941526974846,0.5315,0.29833333333333334,0.8376068376068376,0.196,0.3176661264181524,98,81,19,402
cepstral:hos,relation_shrinkage_mahalanobis,Tx4,0.9,56.236941526974846,0.52836,0.28,0.8207547169811321,0.174,0.2871287128712871,87,81,19,413
cepstral:hos,relation_shrinkage_mahalanobis,Tx5,0.9,56.236941526974846,0.50068,0.27,0.81,0.162,0.26999999999999996,81,81,19,419
cepstral:hos,relation_shrinkage_mahalanobis,Tx6,0.9,56.236941526974846,0.5244,0.29333333333333333,0.8333333333333334,0.19,0.30944625407166126,95,81,19,405
cepstral:hos,relation_shrinkage_mahalanobis,Tx7,0.9,56.236941526974846,0.52298,0.29,0.8303571428571429,0.186,0.30392156862745096,93,81,19,407
cepstral:hos,relation_shrinkage_mahalanobis,Tx8,0.9,56.236941526974846,0.49602,0.2633333333333333,0.8020833333333334,0.154,0.25838926174496646,77,81,19,423
cepstral:hos,relation_shrinkage_mahalanobis,Tx2,0.95,84.72331210069865,0.49046,0.26,0.85,0.136,0.23448275862068968,68,88,12,432
cepstral:hos,relation_shrinkage_mahalanobis,Tx3,0.95,84.72331210069865,0.5315,0.275,0.8651685393258427,0.154,0.2614601018675721,77,88,12,423
cepstral:hos,relation_shrinkage_mahalanobis,Tx4,0.95,84.72331210069865,0.52836,0.25333333333333335,0.8421052631578947,0.128,0.2222222222222222,64,88,12,436
cepstral:hos,relation_shrinkage_mahalanobis,Tx5,0.95,84.72331210069865,0.50068,0.24833333333333332,0.8356164383561644,0.122,0.21291448516579406,61,88,12,439
cepstral:hos,relation_shrinkage_mahalanobis,Tx6,0.95,84.72331210069865,0.5244,0.25666666666666665,0.8461538461538461,0.132,0.22837370242214536,66,88,12,434
cepstral:hos,relation_shrinkage_mahalanobis,Tx7,0.95,84.72331210069865,0.52298,0.265,0.8554216867469879,0.142,0.24356775300171524,71,88,12,429
cepstral:hos,relation_shrinkage_mahalanobis,Tx8,0.95,84.72331210069865,0.49602,0.23,0.8064516129032258,0.1,0.17793594306049823,50,88,12,450
cepstral:hos,relation_shrinkage_mahalanobis,Tx2,0.97,144.47910533892826,0.49046,0.21833333333333332,0.8604651162790697,0.074,0.13627992633517497,37,94,6,463
cepstral:hos,relation_shrinkage_mahalanobis,Tx3,0.97,144.47910533892826,0.5315,0.25,0.9032258064516129,0.112,0.199288256227758,56,94,6,444
cepstral:hos,relation_shrinkage_mahalanobis,Tx4,0.97,144.47910533892826,0.52836,0.215,0.8536585365853658,0.07,0.12939001848428838,35,94,6,465
cepstral:hos,relation_shrinkage_mahalanobis,Tx5,0.97,144.47910533892826,0.50068,0.21666666666666667,0.8571428571428571,0.072,0.13284132841328414,36,94,6,464
cepstral:hos,relation_shrinkage_mahalanobis,Tx6,0.97,144.47910533892826,0.5244,0.21833333333333332,0.8604651162790697,0.074,0.13627992633517497,37,94,6,463
cepstral:hos,relation_shrinkage_mahalanobis,Tx7,0.97,144.47910533892826,0.52298,0.22166666666666668,0.8666666666666667,0.078,0.14311926605504588,39,94,6,461
cepstral:hos,relation_shrinkage_mahalanobis,Tx8,0.97,144.47910533892826,0.49602,0.2,0.8125,0.052,0.09774436090225562,26,94,6,474
cepstral:bispectrum,relation_zdist,Tx2,0.9,1.903630303959538,0.52568,0.26166666666666666,0.8701298701298701,0.134,0.23223570190641246,67,90,10,433
cepstral:bispectrum,relation_zdist,Tx3,0.9,1.903630303959538,0.58804,0.30333333333333334,0.9019607843137255,0.184,0.30564784053156147,92,90,10,408
cepstral:bispectrum,relation_zdist,Tx4,0.9,1.903630303959538,0.56506,0.28833333333333333,0.8924731182795699,0.166,0.27993254637436765,83,90,10,417
cepstral:bispectrum,relation_zdist,Tx5,0.9,1.903630303959538,0.53602,0.29,0.8936170212765957,0.168,0.2828282828282829,84,90,10,416
cepstral:bispectrum,relation_zdist,Tx6,0.9,1.903630303959538,0.58424,0.29833333333333334,0.898989898989899,0.178,0.29716193656093487,89,90,10,411
cepstral:bispectrum,relation_zdist,Tx7,0.9,1.903630303959538,0.6061,0.34,0.9193548387096774,0.228,0.36538461538461536,114,90,10,386
cepstral:bispectrum,relation_zdist,Tx8,0.9,1.903630303959538,0.5276,0.245,0.8507462686567164,0.114,0.20105820105820107,57,90,10,443
cepstral:bispectrum,relation_zdist,Tx2,0.95,2.4232037647666993,0.52568,0.22,0.8478260869565217,0.078,0.14285714285714285,39,93,7,461
cepstral:bispectrum,relation_zdist,Tx3,0.95,2.4232037647666993,0.58804,0.25166666666666665,0.8923076923076924,0.116,0.20530973451327433,58,93,7,442
cepstral:bispectrum,relation_zdist,Tx4,0.95,2.4232037647666993,0.56506,0.235,0.8727272727272727,0.096,0.17297297297297298,48,93,7,452
cepstral:bispectrum,relation_zdist,Tx5,0.95,2.4232037647666993,0.53602,0.24333333333333335,0.8833333333333333,0.106,0.18928571428571428,53,93,7,447
cepstral:bispectrum,relation_zdist,Tx6,0.95,2.4232037647666993,0.58424,0.25666666666666665,0.8970588235294118,0.122,0.2147887323943662,61,93,7,439
cepstral:bispectrum,relation_zdist,Tx7,0.95,2.4232037647666993,0.6061,0.27666666666666667,0.9125,0.146,0.25172413793103443,73,93,7,427
cepstral:bispectrum,relation_zdist,Tx8,0.95,2.4232037647666993,0.5276,0.20333333333333334,0.8055555555555556,0.058,0.1082089552238806,29,93,7,471
cepstral:bispectrum,relation_zdist,Tx2,0.97,2.7296705545774023,0.52568,0.21166666666666667,0.8461538461538461,0.066,0.12244897959183676,33,94,6,467
cepstral:bispectrum,relation_zdist,Tx3,0.97,2.7296705545774023,0.58804,0.235,0.8867924528301887,0.094,0.16998191681735986,47,94,6,453
cepstral:bispectrum,relation_zdist,Tx4,0.97,2.7296705545774023,0.56506,0.215,0.8536585365853658,0.07,0.12939001848428838,35,94,6,465
cepstral:bispectrum,relation_zdist,Tx5,0.97,2.7296705545774023,0.53602,0.23166666666666666,0.8823529411764706,0.09,0.16333938294010888,45,94,6,455
cepstral:bispectrum,relation_zdist,Tx6,0.97,2.7296705545774023,0.58424,0.23833333333333334,0.8909090909090909,0.098,0.17657657657657658,49,94,6,451
cepstral:bispectrum,relation_zdist,Tx7,0.97,2.7296705545774023,0.6061,0.25333333333333335,0.90625,0.116,0.20567375886524822,58,94,6,442
cepstral:bispectrum,relation_zdist,Tx8,0.97,2.7296705545774023,0.5276,0.18333333333333332,0.7272727272727273,0.032,0.06130268199233717,16,94,6,484
cepstral:bispectrum,relation_pca_residual,Tx2,0.9,0.4299007145127008,0.58734,0.31666666666666665,0.9166666666666666,0.198,0.3256578947368421,99,91,9,401
cepstral:bispectrum,relation_pca_residual,Tx3,0.9,0.4299007145127008,0.65294,0.38166666666666665,0.9387755102040817,0.276,0.4265842349304483,138,91,9,362
cepstral:bispectrum,relation_pca_residual,Tx4,0.9,0.4299007145127008,0.57,0.30666666666666664,0.9117647058823529,0.186,0.30897009966777406,93,91,9,407
cepstral:bispectrum,relation_pca_residual,Tx5,0.9,0.4299007145127008,0.58394,0.3383333333333333,0.9256198347107438,0.224,0.36070853462157815,112,91,9,388
cepstral:bispectrum,relation_pca_residual,Tx6,0.9,0.4299007145127008,0.65286,0.37833333333333335,0.9379310344827586,0.272,0.4217054263565892,136,91,9,364
cepstral:bispectrum,relation_pca_residual,Tx7,0.9,0.4299007145127008,0.67968,0.405,0.9440993788819876,0.304,0.45990922844175486,152,91,9,348
cepstral:bispectrum,relation_pca_residual,Tx8,0.9,0.4299007145127008,0.55688,0.2866666666666667,0.9,0.162,0.2745762711864407,81,91,9,419
cepstral:bispectrum,relation_pca_residual,Tx2,0.95,0.5676557648619301,0.58734,0.26,0.9516129032258065,0.118,0.2099644128113879,59,97,3,441
cepstral:bispectrum,relation_pca_residual,Tx3,0.95,0.5676557648619301,0.65294,0.305,0.9662921348314607,0.172,0.2920203735144312,86,97,3,414
cepstral:bispectrum,relation_pca_residual,Tx4,0.95,0.5676557648619301,0.57,0.25833333333333336,0.9508196721311475,0.116,0.2067736185383244,58,97,3,442
cepstral:bispectrum,relation_pca_residual,Tx5,0.95,0.5676557648619301,0.58394,0.2916666666666667,0.9629629629629629,0.156,0.26850258175559377,78,97,3,422
cepstral:bispectrum,relation_pca_residual,Tx6,0.95,0.5676557648619301,0.65286,0.29,0.9625,0.154,0.2655172413793103,77,97,3,423
cepstral:bispectrum,relation_pca_residual,Tx7,0.95,0.5676557648619301,0.67968,0.33166666666666667,0.9714285714285714,0.204,0.3371900826446281,102,97,3,398
cepstral:bispectrum,relation_pca_residual,Tx8,0.95,0.5676557648619301,0.55688,0.23833333333333334,0.9387755102040817,0.092,0.16757741347905283,46,97,3,454
cepstral:bispectrum,relation_pca_residual,Tx2,0.97,0.6738899353931163,0.58734,0.23333333333333334,0.9545454545454546,0.084,0.15441176470588236,42,98,2,458
cepstral:bispectrum,relation_pca_residual,Tx3,0.97,0.6738899353931163,0.65294,0.27,0.9696969696969697,0.128,0.22614840989399293,64,98,2,436
cepstral:bispectrum,relation_pca_residual,Tx4,0.97,0.6738899353931163,0.57,0.23666666666666666,0.9565217391304348,0.088,0.16117216117216113,44,98,2,456
cepstral:bispectrum,relation_pca_residual,Tx5,0.97,0.6738899353931163,0.58394,0.265,0.9682539682539683,0.122,0.216696269982238,61,98,2,439
cepstral:bispectrum,relation_pca_residual,Tx6,0.97,0.6738899353931163,0.65286,0.2633333333333333,0.967741935483871,0.12,0.21352313167259784,60,98,2,440
cepstral:bispectrum,relation_pca_residual,Tx7,0.97,0.6738899353931163,0.67968,0.2916666666666667,0.9746835443037974,0.154,0.2659758203799654,77,98,2,423
cepstral:bispectrum,relation_pca_residual,Tx8,0.97,0.6738899353931163,0.55688,0.21166666666666667,0.9354838709677419,0.058,0.10922787193973635,29,98,2,471
cepstral:bispectrum,relation_shrinkage_mahalanobis,Tx2,0.9,54.09666820028808,0.55312,0.31333333333333335,0.8928571428571429,0.2,0.32679738562091504,100,88,12,400
cepstral:bispectrum,relation_shrinkage_mahalanobis,Tx3,0.9,54.09666820028808,0.61582,0.37166666666666665,0.9183673469387755,0.27,0.41731066460587335,135,88,12,365
cepstral:bispectrum,relation_shrinkage_mahalanobis,Tx4,0.9,54.09666820028808,0.57426,0.34,0.90625,0.232,0.3694267515923567,116,88,12,384
cepstral:bispectrum,relation_shrinkage_mahalanobis,Tx5,0.9,54.09666820028808,0.55594,0.3383333333333333,0.905511811023622,0.23,0.36682615629984056,115,88,12,385
cepstral:bispectrum,relation_shrinkage_mahalanobis,Tx6,0.9,54.09666820028808,0.60322,0.36666666666666664,0.9166666666666666,0.264,0.4099378881987577,132,88,12,368
cepstral:bispectrum,relation_shrinkage_mahalanobis,Tx7,0.9,54.09666820028808,0.63066,0.41833333333333333,0.9314285714285714,0.326,0.48296296296296304,163,88,12,337
cepstral:bispectrum,relation_shrinkage_mahalanobis,Tx8,0.9,54.09666820028808,0.5426,0.2916666666666667,0.8787878787878788,0.174,0.2904841402337229,87,88,12,413
cepstral:bispectrum,relation_shrinkage_mahalanobis,Tx2,0.95,69.58065978861357,0.55312,0.25333333333333335,0.8939393939393939,0.118,0.20848056537102472,59,93,7,441
cepstral:bispectrum,relation_shrinkage_mahalanobis,Tx3,0.95,69.58065978861357,0.61582,0.3,0.925531914893617,0.174,0.29292929292929293,87,93,7,413
cepstral:bispectrum,relation_shrinkage_mahalanobis,Tx4,0.95,69.58065978861357,0.57426,0.27,0.9078947368421053,0.138,0.23958333333333337,69,93,7,431
cepstral:bispectrum,relation_shrinkage_mahalanobis,Tx5,0.95,69.58065978861357,0.55594,0.28833333333333333,0.9195402298850575,0.16,0.27257240204429306,80,93,7,420
cepstral:bispectrum,relation_shrinkage_mahalanobis,Tx6,0.95,69.58065978861357,0.60322,0.3,0.925531914893617,0.174,0.29292929292929293,87,93,7,413
cepstral:bispectrum,relation_shrinkage_mahalanobis,Tx7,0.95,69.58065978861357,0.63066,0.3433333333333333,0.9416666666666667,0.226,0.3645161290322581,113,93,7,387
cepstral:bispectrum,relation_shrinkage_mahalanobis,Tx8,0.95,69.58065978861357,0.5426,0.21833333333333332,0.8444444444444444,0.076,0.13944954128440368,38,93,7,462
cepstral:bispectrum,relation_shrinkage_mahalanobis,Tx2,0.97,81.42420810566412,0.55312,0.22833333333333333,0.9111111111111111,0.082,0.15045871559633028,41,96,4,459
cepstral:bispectrum,relation_shrinkage_mahalanobis,Tx3,0.97,81.42420810566412,0.61582,0.27166666666666667,0.9436619718309859,0.134,0.23467600700525396,67,96,4,433
cepstral:bispectrum,relation_shrinkage_mahalanobis,Tx4,0.97,81.42420810566412,0.57426,0.23666666666666666,0.92,0.092,0.1672727272727273,46,96,4,454
cepstral:bispectrum,relation_shrinkage_mahalanobis,Tx5,0.97,81.42420810566412,0.55594,0.26666666666666666,0.9411764705882353,0.128,0.22535211267605637,64,96,4,436
cepstral:bispectrum,relation_shrinkage_mahalanobis,Tx6,0.97,81.42420810566412,0.60322,0.265,0.9402985074626866,0.126,0.2222222222222222,63,96,4,437
cepstral:bispectrum,relation_shrinkage_mahalanobis,Tx7,0.97,81.42420810566412,0.63066,0.30333333333333334,0.9555555555555556,0.172,0.29152542372881357,86,96,4,414
cepstral:bispectrum,relation_shrinkage_mahalanobis,Tx8,0.97,81.42420810566412,0.5426,0.2,0.8571428571428571,0.048,0.09090909090909091,24,96,4,476
cyclo:hos,relation_zdist,Tx2,0.9,1.691882825280563,0.4967,0.2833333333333333,0.85,0.17,0.2833333333333334,85,85,15,415
cyclo:hos,relation_zdist,Tx3,0.9,1.691882825280563,0.5206,0.2966666666666667,0.8611111111111112,0.186,0.305921052631579,93,85,15,407
cyclo:hos,relation_zdist,Tx4,0.9,1.691882825280563,0.50454,0.25,0.8125,0.13,0.22413793103448276,65,85,15,435
cyclo:hos,relation_zdist,Tx5,0.9,1.691882825280563,0.5029,0.28,0.8469387755102041,0.166,0.27759197324414714,83,85,15,417
cyclo:hos,relation_zdist,Tx6,0.9,1.691882825280563,0.5182,0.29333333333333333,0.8584905660377359,0.182,0.3003300330033003,91,85,15,409
cyclo:hos,relation_zdist,Tx7,0.9,1.691882825280563,0.52818,0.2783333333333333,0.845360824742268,0.164,0.2747068676716918,82,85,15,418
cyclo:hos,relation_zdist,Tx8,0.9,1.691882825280563,0.48206,0.2633333333333333,0.8295454545454546,0.146,0.24829931972789115,73,85,15,427
cyclo:hos,relation_zdist,Tx2,0.95,2.8185242160938255,0.4967,0.2683333333333333,0.8961038961038961,0.138,0.23916811091854423,69,92,8,431
cyclo:hos,relation_zdist,Tx3,0.95,2.8185242160938255,0.5206,0.2816666666666667,0.9058823529411765,0.154,0.26324786324786326,77,92,8,423
cyclo:hos,relation_zdist,Tx4,0.95,2.8185242160938255,0.50454,0.225,0.8431372549019608,0.086,0.1560798548094374,43,92,8,457
cyclo:hos,relation_zdist,Tx5,0.95,2.8185242160938255,0.5029,0.265,0.8933333333333333,0.134,0.23304347826086955,67,92,8,433
cyclo:hos,relation_zdist,Tx6,0.95,2.8185242160938255,0.5182,0.2683333333333333,0.8961038961038961,0.138,0.23916811091854423,69,92,8,431
cyclo:hos,relation_zdist,Tx7,0.95,2.8185242160938255,0.52818,0.26,0.8888888888888888,0.128,0.22377622377622375,64,92,8,436
cyclo:hos,relation_zdist,Tx8,0.95,2.8185242160938255,0.48206,0.215,0.8222222222222222,0.074,0.13577981651376148,37,92,8,463
cyclo:hos,relation_zdist,Tx2,0.97,5.187551422323703,0.4967,0.24333333333333335,0.896551724137931,0.104,0.18637992831541214,52,94,6,448
cyclo:hos,relation_zdist,Tx3,0.97,5.187551422323703,0.5206,0.25833333333333336,0.9104477611940298,0.122,0.21516754850088182,61,94,6,439
cyclo:hos,relation_zdist,Tx4,0.97,5.187551422323703,0.50454,0.20166666666666666,0.8181818181818182,0.054,0.10131332082551595,27,94,6,473
cyclo:hos,relation_zdist,Tx5,0.97,5.187551422323703,0.5029,0.24833333333333332,0.9016393442622951,0.11,0.19607843137254902,55,94,6,445
cyclo:hos,relation_zdist,Tx6,0.97,5.187551422323703,0.5182,0.23,0.88,0.088,0.16,44,94,6,456
cyclo:hos,relation_zdist,Tx7,0.97,5.187551422323703,0.52818,0.24666666666666667,0.9,0.108,0.19285714285714284,54,94,6,446
cyclo:hos,relation_zdist,Tx8,0.97,5.187551422323703,0.48206,0.18666666666666668,0.75,0.036,0.06870229007633587,18,94,6,482
cyclo:hos,relation_pca_residual,Tx2,0.9,0.28729385155555115,0.5326,0.29333333333333333,0.8166666666666667,0.196,0.31612903225806455,98,78,22,402
cyclo:hos,relation_pca_residual,Tx3,0.9,0.28729385155555115,0.55712,0.31833333333333336,0.837037037037037,0.226,0.35590551181102364,113,78,22,387
cyclo:hos,relation_pca_residual,Tx4,0.9,0.28729385155555115,0.54192,0.29333333333333333,0.8166666666666667,0.196,0.31612903225806455,98,78,22,402
cyclo:hos,relation_pca_residual,Tx5,0.9,0.28729385155555115,0.49764,0.29833333333333334,0.8211382113821138,0.202,0.3242375601926164,101,78,22,399
cyclo:hos,relation_pca_residual,Tx6,0.9,0.28729385155555115,0.57614,0.31666666666666665,0.835820895522388,0.224,0.35331230283911674,112,78,22,388
cyclo:hos,relation_pca_residual,Tx7,0.9,0.28729385155555115,0.58752,0.31666666666666665,0.835820895522388,0.224,0.35331230283911674,112,78,22,388
cyclo:hos,relation_pca_residual,Tx8,0.9,0.28729385155555115,0.4999,0.29833333333333334,0.8211382113821138,0.202,0.3242375601926164,101,78,22,399
cyclo:hos,relation_pca_residual,Tx2,0.95,0.4366885442914159,0.5326,0.28,0.8617021276595744,0.162,0.27272727272727276,81,87,13,419
cyclo:hos,relation_pca_residual,Tx3,0.95,0.4366885442914159,0.55712,0.2833333333333333,0.8645833333333334,0.166,0.2785234899328859,83,87,13,417
cyclo:hos,relation_pca_residual,Tx4,0.95,0.4366885442914159,0.54192,0.24833333333333332,0.8266666666666667,0.124,0.21565217391304348,62,87,13,438
cyclo:hos,relation_pca_residual,Tx5,0.95,0.4366885442914159,0.49764,0.275,0.8571428571428571,0.156,0.2639593908629441,78,87,13,422
cyclo:hos,relation_pca_residual,Tx6,0.95,0.4366885442914159,0.57614,0.295,0.8737864077669902,0.18,0.29850746268656714,90,87,13,410
cyclo:hos,relation_pca_residual,Tx7,0.95,0.4366885442914159,0.58752,0.285,0.865979381443299,0.168,0.28140703517587945,84,87,13,416
cyclo:hos,relation_pca_residual,Tx8,0.95,0.4366885442914159,0.4999,0.2733333333333333,0.8555555555555555,0.154,0.26101694915254237,77,87,13,423
cyclo:hos,relation_pca_residual,Tx2,0.97,0.5431441626456894,0.5326,0.26,0.85,0.136,0.23448275862068968,68,88,12,432
cyclo:hos,relation_pca_residual,Tx3,0.97,0.5431441626456894,0.55712,0.2783333333333333,0.8681318681318682,0.158,0.2673434856175973,79,88,12,421
cyclo:hos,relation_pca_residual,Tx4,0.97,0.5431441626456894,0.54192,0.23833333333333334,0.8208955223880597,0.11,0.19400352733686066,55,88,12,445
cyclo:hos,relation_pca_residual,Tx5,0.97,0.5431441626456894,0.49764,0.25833333333333336,0.8481012658227848,0.134,0.23143350604490504,67,88,12,433
cyclo:hos,relation_pca_residual,Tx6,0.97,0.5431441626456894,0.57614,0.275,0.8651685393258427,0.154,0.2614601018675721,77,88,12,423
cyclo:hos,relation_pca_residual,Tx7,0.97,0.5431441626456894,0.58752,0.27166666666666667,0.8620689655172413,0.15,0.2555366269165247,75,88,12,425
cyclo:hos,relation_pca_residual,Tx8,0.97,0.5431441626456894,0.4999,0.23166666666666666,0.8095238095238095,0.102,0.18117229129662524,51,88,12,449
cyclo:hos,relation_shrinkage_mahalanobis,Tx2,0.9,55.858214670229124,0.50368,0.3,0.8508771929824561,0.194,0.3159609120521173,97,83,17,403
cyclo:hos,relation_shrinkage_mahalanobis,Tx3,0.9,55.858214670229124,0.53232,0.305,0.8547008547008547,0.2,0.3241491085899514,100,83,17,400
cyclo:hos,relation_shrinkage_mahalanobis,Tx4,0.9,55.858214670229124,0.5116,0.25833333333333336,0.8089887640449438,0.144,0.24448217317487264,72,83,17,428
cyclo:hos,relation_shrinkage_mahalanobis,Tx5,0.9,55.858214670229124,0.50742,0.29333333333333333,0.8454545454545455,0.186,0.3049180327868853,93,83,17,407
cyclo:hos,relation_shrinkage_mahalanobis,Tx6,0.9,55.858214670229124,0.52914,0.30666666666666664,0.8559322033898306,0.202,0.3268608414239482,101,83,17,399
cyclo:hos,relation_shrinkage_mahalanobis,Tx7,0.9,55.858214670229124,0.53754,0.2966666666666667,0.8482142857142857,0.19,0.3104575163398693,95,83,17,405
cyclo:hos,relation_shrinkage_mahalanobis,Tx8,0.9,55.858214670229124,0.49414,0.285,0.8380952380952381,0.176,0.29090909090909084,88,83,17,412
cyclo:hos,relation_shrinkage_mahalanobis,Tx2,0.95,91.26583297300988,0.50368,0.2683333333333333,0.8674698795180723,0.144,0.24699828473413377,72,89,11,428
cyclo:hos,relation_shrinkage_mahalanobis,Tx3,0.95,91.26583297300988,0.53232,0.2816666666666667,0.8791208791208791,0.16,0.2707275803722504,80,89,11,420
cyclo:hos,relation_shrinkage_mahalanobis,Tx4,0.95,91.26583297300988,0.5116,0.235,0.8253968253968254,0.104,0.1847246891651865,52,89,11,448
cyclo:hos,relation_shrinkage_mahalanobis,Tx5,0.95,91.26583297300988,0.50742,0.27,0.8690476190476191,0.146,0.25,73,89,11,427
cyclo:hos,relation_shrinkage_mahalanobis,Tx6,0.95,91.26583297300988,0.52914,0.2816666666666667,0.8791208791208791,0.16,0.2707275803722504,80,89,11,420
cyclo:hos,relation_shrinkage_mahalanobis,Tx7,0.95,91.26583297300988,0.53754,0.26666666666666666,0.8658536585365854,0.142,0.2439862542955326,71,89,11,429
cyclo:hos,relation_shrinkage_mahalanobis,Tx8,0.95,91.26583297300988,0.49414,0.22833333333333333,0.8135593220338984,0.096,0.17173524150268338,48,89,11,452
cyclo:hos,relation_shrinkage_mahalanobis,Tx2,0.97,150.96986592812215,0.50368,0.245,0.873015873015873,0.11,0.19538188277087035,55,92,8,445
cyclo:hos,relation_shrinkage_mahalanobis,Tx3,0.97,150.96986592812215,0.53232,0.2683333333333333,0.8961038961038961,0.138,0.23916811091854423,69,92,8,431
cyclo:hos,relation_shrinkage_mahalanobis,Tx4,0.97,150.96986592812215,0.5116,0.205,0.7948717948717948,0.062,0.1150278293135436,31,92,8,469
cyclo:hos,relation_shrinkage_mahalanobis,Tx5,0.97,150.96986592812215,0.50742,0.25333333333333335,0.8823529411764706,0.12,0.21126760563380279,60,92,8,440
cyclo:hos,relation_shrinkage_mahalanobis,Tx6,0.97,150.96986592812215,0.52914,0.24833333333333332,0.8769230769230769,0.114,0.20176991150442478,57,92,8,443
cyclo:hos,relation_shrinkage_mahalanobis,Tx7,0.97,150.96986592812215,0.53754,0.24833333333333332,0.8769230769230769,0.114,0.20176991150442478,57,92,8,443
cyclo:hos,relation_shrinkage_mahalanobis,Tx8,0.97,150.96986592812215,0.49414,0.19,0.7333333333333333,0.044,0.0830188679245283,22,92,8,478
cyclo:bispectrum,relation_zdist,Tx2,0.9,1.7082290253548922,0.501,0.2866666666666667,0.8333333333333334,0.18,0.29605263157894735,90,82,18,410
cyclo:bispectrum,relation_zdist,Tx3,0.9,1.7082290253548922,0.55058,0.31166666666666665,0.8536585365853658,0.21,0.33707865168539325,105,82,18,395
cyclo:bispectrum,relation_zdist,Tx4,0.9,1.7082290253548922,0.50384,0.265,0.8105263157894737,0.154,0.2588235294117647,77,82,18,423
cyclo:bispectrum,relation_zdist,Tx5,0.9,1.7082290253548922,0.50986,0.315,0.856,0.214,0.3423999999999999,107,82,18,393
cyclo:bispectrum,relation_zdist,Tx6,0.9,1.7082290253548922,0.5606,0.3333333333333333,0.8676470588235294,0.236,0.3710691823899371,118,82,18,382
cyclo:bispectrum,relation_zdist,Tx7,0.9,1.7082290253548922,0.58334,0.36833333333333335,0.8853503184713376,0.278,0.4231354642313547,139,82,18,361
cyclo:bispectrum,relation_zdist,Tx8,0.9,1.7082290253548922,0.49114,0.26,0.8043478260869565,0.148,0.24999999999999997,74,82,18,426
cyclo:bispectrum,relation_zdist,Tx2,0.95,2.2912271408997458,0.501,0.26666666666666666,0.8658536585365854,0.142,0.2439862542955326,71,89,11,429
cyclo:bispectrum,relation_zdist,Tx3,0.95,2.2912271408997458,0.55058,0.28,0.8777777777777778,0.158,0.2677966101694915,79,89,11,421
cyclo:bispectrum,relation_zdist,Tx4,0.95,2.2912271408997458,0.50384,0.23666666666666666,0.828125,0.106,0.1879432624113475,53,89,11,447
cyclo:bispectrum,relation_zdist,Tx5,0.95,2.2912271408997458,0.50986,0.2733333333333333,0.872093023255814,0.15,0.25597269624573377,75,89,11,425
cyclo:bispectrum,relation_zdist,Tx6,0.95,2.2912271408997458,0.5606,0.2816666666666667,0.8791208791208791,0.16,0.2707275803722504,80,89,11,420
cyclo:bispectrum,relation_zdist,Tx7,0.95,2.2912271408997458,0.58334,0.29333333333333333,0.8877551020408163,0.174,0.2909698996655518,87,89,11,413
cyclo:bispectrum,relation_zdist,Tx8,0.95,2.2912271408997458,0.49114,0.235,0.8253968253968254,0.104,0.1847246891651865,52,89,11,448
cyclo:bispectrum,relation_zdist,Tx2,0.97,3.1862444803788814,0.501,0.24333333333333335,0.8709677419354839,0.108,0.19217081850533807,54,92,8,446
cyclo:bispectrum,relation_zdist,Tx3,0.97,3.1862444803788814,0.55058,0.25333333333333335,0.8823529411764706,0.12,0.21126760563380279,60,92,8,440
cyclo:bispectrum,relation_zdist,Tx4,0.97,3.1862444803788814,0.50384,0.20166666666666666,0.7837837837837838,0.058,0.1080074487895717,29,92,8,471
cyclo:bispectrum,relation_zdist,Tx5,0.97,3.1862444803788814,0.50986,0.24666666666666667,0.875,0.112,0.19858156028368795,56,92,8,444
cyclo:bispectrum,relation_zdist,Tx6,0.97,3.1862444803788814,0.5606,0.23333333333333334,0.8571428571428571,0.096,0.17266187050359713,48,92,8,452
cyclo:bispectrum,relation_zdist,Tx7,0.97,3.1862444803788814,0.58334,0.245,0.873015873015873,0.11,0.19538188277087035,55,92,8,445
cyclo:bispectrum,relation_zdist,Tx8,0.97,3.1862444803788814,0.49114,0.19,0.7333333333333333,0.044,0.0830188679245283,22,92,8,478
cyclo:bispectrum,relation_pca_residual,Tx2,0.9,0.4616429679939069,0.5263,0.29,0.8303571428571429,0.186,0.30392156862745096,93,81,19,407
cyclo:bispectrum,relation_pca_residual,Tx3,0.9,0.4616429679939069,0.5909,0.33166666666666667,0.8613138686131386,0.236,0.3704866562009419,118,81,19,382
cyclo:bispectrum,relation_pca_residual,Tx4,0.9,0.4616429679939069,0.507,0.2683333333333333,0.8080808080808081,0.16,0.2671118530884808,80,81,19,420
cyclo:bispectrum,relation_pca_residual,Tx5,0.9,0.4616429679939069,0.5382,0.315,0.8503937007874016,0.216,0.3444976076555024,108,81,19,392
cyclo:bispectrum,relation_pca_residual,Tx6,0.9,0.4616429679939069,0.57792,0.3466666666666667,0.8698630136986302,0.254,0.3931888544891641,127,81,19,373
cyclo:bispectrum,relation_pca_residual,Tx7,0.9,0.4616429679939069,0.6076,0.37,0.88125,0.282,0.42727272727272725,141,81,19,359
cyclo:bispectrum,relation_pca_residual,Tx8,0.9,0.4616429679939069,0.5039,0.26166666666666666,0.8,0.152,0.25546218487394956,76,81,19,424
cyclo:bispectrum,relation_pca_residual,Tx2,0.95,0.6103694964134414,0.5263,0.2633333333333333,0.8625,0.138,0.23793103448275862,69,89,11,431
cyclo:bispectrum,relation_pca_residual,Tx3,0.95,0.6103694964134414,0.5909,0.2833333333333333,0.8804347826086957,0.162,0.27364864864864863,81,89,11,419
cyclo:bispectrum,relation_pca_residual,Tx4,0.95,0.6103694964134414,0.507,0.22666666666666666,0.8103448275862069,0.094,0.16845878136200715,47,89,11,453
cyclo:bispectrum,relation_pca_residual,Tx5,0.95,0.6103694964134414,0.5382,0.2783333333333333,0.8764044943820225,0.156,0.26485568760611206,78,89,11,422
cyclo:bispectrum,relation_pca_residual,Tx6,0.95,0.6103694964134414,0.57792,0.29333333333333333,0.8877551020408163,0.174,0.2909698996655518,87,89,11,413
cyclo:bispectrum,relation_pca_residual,Tx7,0.95,0.6103694964134414,0.6076,0.32666666666666666,0.9067796610169492,0.214,0.34627831715210355,107,89,11,393
cyclo:bispectrum,relation_pca_residual,Tx8,0.95,0.6103694964134414,0.5039,0.22666666666666666,0.8103448275862069,0.094,0.16845878136200715,47,89,11,453
cyclo:bispectrum,relation_pca_residual,Tx2,0.97,0.7124506351607827,0.5263,0.255,0.8840579710144928,0.122,0.21441124780316345,61,92,8,439
cyclo:bispectrum,relation_pca_residual,Tx3,0.97,0.7124506351607827,0.5909,0.275,0.9012345679012346,0.146,0.2512908777969019,73,92,8,427
cyclo:bispectrum,relation_pca_residual,Tx4,0.97,0.7124506351607827,0.507,0.21666666666666667,0.8260869565217391,0.076,0.1391941391941392,38,92,8,462
cyclo:bispectrum,relation_pca_residual,Tx5,0.97,0.7124506351607827,0.5382,0.265,0.8933333333333333,0.134,0.23304347826086955,67,92,8,433
cyclo:bispectrum,relation_pca_residual,Tx6,0.97,0.7124506351607827,0.57792,0.27166666666666667,0.8987341772151899,0.142,0.24525043177892913,71,92,8,429
cyclo:bispectrum,relation_pca_residual,Tx7,0.97,0.7124506351607827,0.6076,0.2916666666666667,0.9120879120879121,0.166,0.2808798646362098,83,92,8,417
cyclo:bispectrum,relation_pca_residual,Tx8,0.97,0.7124506351607827,0.5039,0.21166666666666667,0.813953488372093,0.07,0.1289134438305709,35,92,8,465
cyclo:bispectrum,relation_shrinkage_mahalanobis,Tx2,0.9,56.21944410106442,0.51022,0.2866666666666667,0.8157894736842105,0.186,0.3029315960912052,93,79,21,407
cyclo:bispectrum,relation_shrinkage_mahalanobis,Tx3,0.9,56.21944410106442,0.56394,0.31833333333333336,0.8421052631578947,0.224,0.353870458135861,112,79,21,388
cyclo:bispectrum,relation_shrinkage_mahalanobis,Tx4,0.9,56.21944410106442,0.50662,0.2683333333333333,0.7961165048543689,0.164,0.2719734660033168,82,79,21,418
cyclo:bispectrum,relation_shrinkage_mahalanobis,Tx5,0.9,56.21944410106442,0.51592,0.32166666666666666,0.8444444444444444,0.228,0.3590551181102362,114,79,21,386
cyclo:bispectrum,relation_shrinkage_mahalanobis,Tx6,0.9,56.21944410106442,0.569,0.355,0.864516129032258,0.268,0.4091603053435115,134,79,21,366
cyclo:bispectrum,relation_shrinkage_mahalanobis,Tx7,0.9,56.21944410106442,0.5919,0.39,0.8806818181818182,0.31,0.45857988165680474,155,79,21,345
cyclo:bispectrum,relation_shrinkage_mahalanobis,Tx8,0.9,56.21944410106442,0.49638,0.26666666666666666,0.7941176470588235,0.162,0.26910299003322263,81,79,21,419
cyclo:bispectrum,relation_shrinkage_mahalanobis,Tx2,0.95,72.4462979492274,0.51022,0.2816666666666667,0.8876404494382022,0.158,0.268251273344652,79,90,10,421
cyclo:bispectrum,relation_shrinkage_mahalanobis,Tx3,0.95,72.4462979492274,0.56394,0.3016666666666667,0.900990099009901,0.182,0.30282861896838603,91,90,10,409
cyclo:bispectrum,relation_shrinkage_mahalanobis,Tx4,0.95,72.4462979492274,0.50662,0.24666666666666667,0.8529411764705882,0.116,0.2042253521126761,58,90,10,442
cyclo:bispectrum,relation_shrinkage_mahalanobis,Tx5,0.95,72.4462979492274,0.51592,0.29,0.8936170212765957,0.168,0.2828282828282829,84,90,10,416
cyclo:bispectrum,relation_shrinkage_mahalanobis,Tx6,0.95,72.4462979492274,0.569,0.30833333333333335,0.9047619047619048,0.19,0.3140495867768595,95,90,10,405
cyclo:bispectrum,relation_shrinkage_mahalanobis,Tx7,0.95,72.4462979492274,0.5919,0.3383333333333333,0.9186991869918699,0.226,0.36276083467094705,113,90,10,387
cyclo:bispectrum,relation_shrinkage_mahalanobis,Tx8,0.95,72.4462979492274,0.49638,0.23166666666666666,0.8305084745762712,0.098,0.17531305903398928,49,90,10,451
cyclo:bispectrum,relation_shrinkage_mahalanobis,Tx2,0.97,85.12927208733397,0.51022,0.26166666666666666,0.88,0.132,0.22956521739130434,66,91,9,434
cyclo:bispectrum,relation_shrinkage_mahalanobis,Tx3,0.97,85.12927208733397,0.56394,0.2816666666666667,0.896551724137931,0.156,0.26575809199318573,78,91,9,422
cyclo:bispectrum,relation_shrinkage_mahalanobis,Tx4,0.97,85.12927208733397,0.50662,0.22333333333333333,0.8269230769230769,0.086,0.15579710144927536,43,91,9,457
cyclo:bispectrum,relation_shrinkage_mahalanobis,Tx5,0.97,85.12927208733397,0.51592,0.265,0.8831168831168831,0.136,0.23570190641247835,68,91,9,432
cyclo:bispectrum,relation_shrinkage_mahalanobis,Tx6,0.97,85.12927208733397,0.569,0.2816666666666667,0.896551724137931,0.156,0.26575809199318573,78,91,9,422
cyclo:bispectrum,relation_shrinkage_mahalanobis,Tx7,0.97,85.12927208733397,0.5919,0.3,0.9081632653061225,0.178,0.2976588628762542,89,91,9,411
cyclo:bispectrum,relation_shrinkage_mahalanobis,Tx8,0.97,85.12927208733397,0.49638,0.21,0.7954545454545454,0.07,0.1286764705882353,35,91,9,465
hos:bispectrum,relation_zdist,Tx2,0.9,1.8078681917312283,0.49298,0.25666666666666665,0.78125,0.15,0.25167785234899326,75,79,21,425
hos:bispectrum,relation_zdist,Tx3,0.9,1.8078681917312283,0.54986,0.2833333333333333,0.8125,0.182,0.29738562091503273,91,79,21,409
hos:bispectrum,relation_zdist,Tx4,0.9,1.8078681917312283,0.5006,0.25333333333333335,0.776595744680851,0.146,0.24579124579124578,73,79,21,427
hos:bispectrum,relation_zdist,Tx5,0.9,1.8078681917312283,0.50742,0.25666666666666665,0.78125,0.15,0.25167785234899326,75,79,21,425
hos:bispectrum,relation_zdist,Tx6,0.9,1.8078681917312283,0.56056,0.31666666666666665,0.8409090909090909,0.222,0.3512658227848101,111,79,21,389
hos:bispectrum,relation_zdist,Tx7,0.9,1.8078681917312283,0.57802,0.345,0.8590604026845637,0.256,0.3944530046224962,128,79,21,372
hos:bispectrum,relation_zdist,Tx8,0.9,1.8078681917312283,0.47678,0.24166666666666667,0.7586206896551724,0.132,0.22487223168654175,66,79,21,434
hos:bispectrum,relation_zdist,Tx2,0.95,2.5520070613585792,0.49298,0.22,0.7666666666666667,0.092,0.16428571428571428,46,86,14,454
hos:bispectrum,relation_zdist,Tx3,0.95,2.5520070613585792,0.54986,0.24666666666666667,0.8157894736842105,0.124,0.21527777777777776,62,86,14,438
hos:bispectrum,relation_zdist,Tx4,0.95,2.5520070613585792,0.5006,0.21833333333333332,0.7627118644067796,0.09,0.16100178890876565,45,86,14,455
hos:bispectrum,relation_zdist,Tx5,0.95,2.5520070613585792,0.50742,0.21833333333333332,0.7627118644067796,0.09,0.16100178890876565,45,86,14,455
hos:bispectrum,relation_zdist,Tx6,0.95,2.5520070613585792,0.56056,0.2683333333333333,0.8426966292134831,0.15,0.2546689303904923,75,86,14,425
hos:bispectrum,relation_zdist,Tx7,0.95,2.5520070613585792,0.57802,0.27166666666666667,0.8461538461538461,0.154,0.260575296108291,77,86,14,423
hos:bispectrum,relation_zdist,Tx8,0.95,2.5520070613585792,0.47678,0.195,0.6888888888888889,0.062,0.11376146788990825,31,86,14,469
hos:bispectrum,relation_zdist,Tx2,0.97,4.011999376438543,0.49298,0.195,0.7931034482758621,0.046,0.08695652173913043,23,94,6,477
hos:bispectrum,relation_zdist,Tx3,0.97,4.011999376438543,0.54986,0.20333333333333334,0.8235294117647058,0.056,0.1048689138576779,28,94,6,472
hos:bispectrum,relation_zdist,Tx4,0.97,4.011999376438543,0.5006,0.19833333333333333,0.8064516129032258,0.05,0.09416195856873823,25,94,6,475
hos:bispectrum,relation_zdist,Tx5,0.97,4.011999376438543,0.50742,0.19166666666666668,0.7777777777777778,0.042,0.07969639468690702,21,94,6,479
hos:bispectrum,relation_zdist,Tx6,0.97,4.011999376438543,0.56056,0.20666666666666667,0.8333333333333334,0.06,0.11194029850746269,30,94,6,470
hos:bispectrum,relation_zdist,Tx7,0.97,4.011999376438543,0.57802,0.20166666666666666,0.8181818181818182,0.054,0.10131332082551595,27,94,6,473
hos:bispectrum,relation_zdist,Tx8,0.97,4.011999376438543,0.47678,0.17666666666666667,0.6666666666666666,0.024,0.04633204633204634,12,94,6,488
hos:bispectrum,relation_pca_residual,Tx2,0.9,0.37930229525595927,0.49564,0.27666666666666667,0.7844827586206896,0.182,0.2954545454545454,91,75,25,409
hos:bispectrum,relation_pca_residual,Tx3,0.9,0.37930229525595927,0.53416,0.32,0.823943661971831,0.234,0.36448598130841126,117,75,25,383
hos:bispectrum,relation_pca_residual,Tx4,0.9,0.37930229525595927,0.48536,0.2683333333333333,0.7747747747747747,0.172,0.2815057283142389,86,75,25,414
hos:bispectrum,relation_pca_residual,Tx5,0.9,0.37930229525595927,0.4786,0.27666666666666667,0.7844827586206896,0.182,0.2954545454545454,91,75,25,409
hos:bispectrum,relation_pca_residual,Tx6,0.9,0.37930229525595927,0.55424,0.34,0.8376623376623377,0.258,0.3944954128440368,129,75,25,371
hos:bispectrum,relation_pca_residual,Tx7,0.9,0.37930229525595927,0.55636,0.355,0.8466257668711656,0.276,0.416289592760181,138,75,25,362
hos:bispectrum,relation_pca_residual,Tx8,0.9,0.37930229525595927,0.4482,0.23,0.7159090909090909,0.126,0.21428571428571427,63,75,25,437
hos:bispectrum,relation_pca_residual,Tx2,0.95,0.4994092980238075,0.49564,0.24666666666666667,0.8157894736842105,0.124,0.21527777777777776,62,86,14,438
hos:bispectrum,relation_pca_residual,Tx3,0.95,0.4994092980238075,0.53416,0.29,0.8627450980392157,0.176,0.29235880398671094,88,86,14,412
hos:bispectrum,relation_pca_residual,Tx4,0.95,0.4994092980238075,0.48536,0.24666666666666667,0.8157894736842105,0.124,0.21527777777777776,62,86,14,438
hos:bispectrum,relation_pca_residual,Tx5,0.95,0.4994092980238075,0.4786,0.26166666666666666,0.8352941176470589,0.142,0.2427350427350427,71,86,14,429
hos:bispectrum,relation_pca_residual,Tx6,0.95,0.4994092980238075,0.55424,0.29833333333333334,0.8691588785046729,0.186,0.3064250411861615,93,86,14,407
hos:bispectrum,relation_pca_residual,Tx7,0.95,0.4994092980238075,0.55636,0.305,0.8738738738738738,0.194,0.31751227495908346,97,86,14,403
hos:bispectrum,relation_pca_residual,Tx8,0.95,0.4994092980238075,0.4482,0.21166666666666667,0.7454545454545455,0.082,0.14774774774774777,41,86,14,459
hos:bispectrum,relation_pca_residual,Tx2,0.97,0.6337614339809491,0.49564,0.21666666666666667,0.7884615384615384,0.082,0.14855072463768118,41,89,11,459
hos:bispectrum,relation_pca_residual,Tx3,0.97,0.6337614339809491,0.53416,0.255,0.8533333333333334,0.128,0.22260869565217392,64,89,11,436
hos:bispectrum,relation_pca_residual,Tx4,0.97,0.6337614339809491,0.48536,0.22666666666666666,0.8103448275862069,0.094,0.16845878136200715,47,89,11,453
hos:bispectrum,relation_pca_residual,Tx5,0.97,0.6337614339809491,0.4786,0.23833333333333334,0.8307692307692308,0.108,0.19115044247787613,54,89,11,446
hos:bispectrum,relation_pca_residual,Tx6,0.97,0.6337614339809491,0.55424,0.26666666666666666,0.8658536585365854,0.142,0.2439862542955326,71,89,11,429
hos:bispectrum,relation_pca_residual,Tx7,0.97,0.6337614339809491,0.55636,0.265,0.8641975308641975,0.14,0.24096385542168675,70,89,11,430
hos:bispectrum,relation_pca_residual,Tx8,0.97,0.6337614339809491,0.4482,0.195,0.717948717948718,0.056,0.10389610389610389,28,89,11,472
hos:bispectrum,relation_shrinkage_mahalanobis,Tx2,0.9,54.71925986578741,0.5054,0.2733333333333333,0.7857142857142857,0.176,0.28758169934640515,88,76,24,412
hos:bispectrum,relation_shrinkage_mahalanobis,Tx3,0.9,54.71925986578741,0.55326,0.30833333333333335,0.8195488721804511,0.218,0.344391785150079,109,76,24,391
hos:bispectrum,relation_shrinkage_mahalanobis,Tx4,0.9,54.71925986578741,0.50112,0.2683333333333333,0.7798165137614679,0.17,0.2791461412151068,85,76,24,415
hos:bispectrum,relation_shrinkage_mahalanobis,Tx5,0.9,54.71925986578741,0.50428,0.2683333333333333,0.7798165137614679,0.17,0.2791461412151068,85,76,24,415
hos:bispectrum,relation_shrinkage_mahalanobis,Tx6,0.9,54.71925986578741,0.5601,0.3433333333333333,0.8441558441558441,0.26,0.39755351681957185,130,76,24,370
hos:bispectrum,relation_shrinkage_mahalanobis,Tx7,0.9,54.71925986578741,0.57862,0.37833333333333335,0.8628571428571429,0.302,0.44740740740740736,151,76,24,349
hos:bispectrum,relation_shrinkage_mahalanobis,Tx8,0.9,54.71925986578741,0.47844,0.24666666666666667,0.75,0.144,0.2416107382550335,72,76,24,428
hos:bispectrum,relation_shrinkage_mahalanobis,Tx2,0.95,80.85450911200157,0.5054,0.22666666666666666,0.78125,0.1,0.1773049645390071,50,86,14,450
hos:bispectrum,relation_shrinkage_mahalanobis,Tx3,0.95,80.85450911200157,0.55326,0.265,0.8390804597701149,0.146,0.24872231686541738,73,86,14,427
hos:bispectrum,relation_shrinkage_mahalanobis,Tx4,0.95,80.85450911200157,0.50112,0.235,0.7971014492753623,0.11,0.19332161687170474,55,86,14,445
hos:bispectrum,relation_shrinkage_mahalanobis,Tx5,0.95,80.85450911200157,0.50428,0.24,0.8055555555555556,0.116,0.2027972027972028,58,86,14,442
hos:bispectrum,relation_shrinkage_mahalanobis,Tx6,0.95,80.85450911200157,0.5601,0.2866666666666667,0.86,0.172,0.2866666666666666,86,86,14,414
hos:bispectrum,relation_shrinkage_mahalanobis,Tx7,0.95,80.85450911200157,0.57862,0.28,0.8541666666666666,0.164,0.2751677852348993,82,86,14,418
hos:bispectrum,relation_shrinkage_mahalanobis,Tx8,0.95,80.85450911200157,0.47844,0.20666666666666667,0.7307692307692307,0.076,0.13768115942028986,38,86,14,462
hos:bispectrum,relation_shrinkage_mahalanobis,Tx2,0.97,107.76215665770478,0.5054,0.20666666666666667,0.75,0.072,0.1313868613138686,36,88,12,464
hos:bispectrum,relation_shrinkage_mahalanobis,Tx3,0.97,107.76215665770478,0.55326,0.22833333333333333,0.8032786885245902,0.098,0.17468805704099824,49,88,12,451
hos:bispectrum,relation_shrinkage_mahalanobis,Tx4,0.97,107.76215665770478,0.50112,0.20833333333333334,0.7551020408163265,0.074,0.13479052823315119,37,88,12,463
hos:bispectrum,relation_shrinkage_mahalanobis,Tx5,0.97,107.76215665770478,0.50428,0.21,0.76,0.076,0.13818181818181818,38,88,12,462
hos:bispectrum,relation_shrinkage_mahalanobis,Tx6,0.97,107.76215665770478,0.5601,0.23166666666666666,0.8095238095238095,0.102,0.18117229129662524,51,88,12,449
hos:bispectrum,relation_shrinkage_mahalanobis,Tx7,0.97,107.76215665770478,0.57862,0.22833333333333333,0.8032786885245902,0.098,0.17468805704099824,49,88,12,451
hos:bispectrum,relation_shrinkage_mahalanobis,Tx8,0.97,107.76215665770478,0.47844,0.17666666666666667,0.6,0.036,0.06792452830188678,18,88,12,482
